;equipe;placar_casa;placar_visita;time_visita;data
0;DetonatioN FocusMe;0;2;Rex Regum Qeon;2024/06/17
1;DetonatioN FocusMe;1;2;Global Esports;2024/04/27
2;DetonatioN FocusMe;1;2;Team Secret;2024/04/23
3;DetonatioN FocusMe;1;2;BLEED;2024/04/20
4;DetonatioN FocusMe;0;2;Gen.G;2024/04/15
5;DetonatioN FocusMe;2;1;T1;2024/04/09
6;DetonatioN FocusMe;0;2;Team Secret;2024/02/20
7;DetonatioN FocusMe;0;2;DRX;2024/02/18
8;DetonatioN FocusMe;0;1;BLEED;2023/12/03
9;DetonatioN FocusMe;0;1;ZETA DIVISION;2023/12/02
10;DetonatioN FocusMe;0;1;Natus Vincere;2023/12/02
11;DetonatioN FocusMe;0;2;Talon Esports;2023/07/18
12;DetonatioN FocusMe;0;2;Talon Esports;2023/05/16
13;DetonatioN FocusMe;0;2;Global Esports;2023/05/13
14;DetonatioN FocusMe;2;3;FENNEL;2023/05/11
15;DetonatioN FocusMe;3;2;NORTHEPTION;2023/05/10
16;DetonatioN FocusMe;0;2;DRX;2023/05/08
17;DetonatioN FocusMe;1;2;FENNEL;2023/05/05
18;DetonatioN FocusMe;2;1;SCARZ;2023/05/04
19;DetonatioN FocusMe;0;2;Jadeite;2023/05/02
20;DetonatioN FocusMe;1;2;T1;2023/04/29
21;DetonatioN FocusMe;2;0;CREST GAMING Zst;2023/04/26
22;DetonatioN FocusMe;0;2;Team Secret;2023/04/23
23;DetonatioN FocusMe;0;2;NORTHEPTION;2023/04/21
24;DetonatioN FocusMe;2;1;Sengoku Gaming;2023/04/19
25;DetonatioN FocusMe;0;2;ZETA DIVISION;2023/04/16
26;DetonatioN FocusMe;2;0;IGZIST;2023/04/14
27;DetonatioN FocusMe;0;2;Rex Regum Qeon;2023/04/08
28;DetonatioN FocusMe;1;2;Gen.G;2023/04/02
29;DetonatioN FocusMe;0;2;Paper Rex;2023/03/26
30;DetonatioN FocusMe;0;3;FENNEL;2023/03/19
31;DetonatioN FocusMe;3;0;SCARZ;2023/02/20
32;DetonatioN FocusMe;0;2;Giants Gaming;2023/02/13
33;DetonatioN FocusMe;2;0;Sengoku Gaming;2023/02/10
34;DetonatioN FocusMe;2;0;SCARZ;2023/02/08
35;DetonatioN FocusMe;2;0;NORTHEPTION;2023/02/05
36;DetonatioN FocusMe;2;0;REJECT;2023/02/04
37;DetonatioN FocusMe;2;0;IGZIST;2023/02/01
38;DetonatioN FocusMe;2;0;FENNEL;2023/01/29
39;DetonatioN FocusMe;2;0;CREST GAMING Zst;2023/01/28
40;DetonatioN FocusMe;2;0;FAV gaming;2023/01/15
41;DetonatioN FocusMe;2;1;FAV gaming;2023/01/14
42;DetonatioN FocusMe;2;0;FIRST Gaming;2023/01/13
43;DetonatioN FocusMe;2;0;Team DSS;2023/01/13
44;DetonatioN FocusMe;0;1;FNATIC;2022/12/24
45;DetonatioN FocusMe;0;1;DRX;2022/12/24
46;DetonatioN FocusMe;0;1;Paper Rex;2022/12/24
47;DetonatioN FocusMe;1;2;OQ academy;2022/11/13
48;DetonatioN FocusMe;2;0;ALPHA;2022/11/12
49;DetonatioN FocusMe;0;2;Incheon On Sla2ers;2022/08/12
50;DetonatioN FocusMe;1;2;NORTHEPTION;2022/08/11
51;DetonatioN FocusMe;2;1;DAMWON Gaming;2022/08/09
52;DetonatioN FocusMe;0;2;NORTHEPTION;2022/06/25
53;DetonatioN FocusMe;2;0;REJECT;2022/06/12
54;DetonatioN FocusMe;2;0;BLUE BEES.ESP;2022/06/12
55;DetonatioN FocusMe;1;2;NORTHEPTION;2022/06/11
56;DetonatioN FocusMe;2;0;REJECT;2022/06/10
57;DetonatioN FocusMe;2;1;BLUE BEES.ESP;2022/06/05
58;DetonatioN FocusMe;2;0;IGZIST;2022/06/05
59;DetonatioN FocusMe;1;2;Jadeite;2022/06/04
60;DetonatioN FocusMe;2;0;FENNEL;2022/05/28
61;DetonatioN FocusMe;2;0;TRIDENT;2022/05/26
62;DetonatioN FocusMe;2;0;Revo;2022/05/26
63;DetonatioN FocusMe;1;2;NORTHEPTION;2022/05/21
64;DetonatioN FocusMe;2;0;DeToNator;2022/05/14
65;DetonatioN FocusMe;0;2;REJECT;2022/05/14
66;DetonatioN FocusMe;2;1;Savior e-sports;2022/05/12
67;DetonatioN FocusMe;2;0;HOP gaming;2022/05/12
68;DetonatioN FocusMe;2;0;Ojiichan no Kenbou Elixir;2022/05/10
69;DetonatioN FocusMe;2;0;TRIDENT;2022/05/10
70;DetonatioN FocusMe;1;3;ZETA DIVISION;2022/03/27
71;DetonatioN FocusMe;2;0;IGZIST;2022/03/27
72;DetonatioN FocusMe;2;0;FAV gaming;2022/03/26
73;DetonatioN FocusMe;2;1;REJECT;2022/03/26
74;DetonatioN FocusMe;1;2;ZETA DIVISION;2022/03/25
75;DetonatioN FocusMe;2;1;NORTHEPTION;2022/03/24
76;DetonatioN FocusMe;0;2;REIGNITE;2022/03/05
77;DetonatioN FocusMe;2;0;SYSTEM e-Sports;2022/03/03
78;DetonatioN FocusMe;0;2;ZETA DIVISION;2022/02/27
79;DetonatioN FocusMe;2;0;Sengoku Gaming;2022/02/27
80;DetonatioN FocusMe;2;0;Jadeite;2022/02/19
81;DetonatioN FocusMe;0;2;IGZIST;2022/02/19
82;DetonatioN FocusMe;2;1;Insomnia;2022/02/17
83;DetonatioN FocusMe;2;0;Mariner;2022/02/17
84;DetonatioN FocusMe;0;1;REJECT;2021/04/17
85;DetonatioN FocusMe;1;0;Gaming Team SELECTOR;2021/04/17
86;DetonatioN FocusMe;1;0;Ebro'z Gaming;2021/04/17
87;DetonatioN FocusMe;1;0;NEXUS;2021/04/17
88;DetonatioN FocusMe;1;0;THE SHABLES;2021/04/17
89;DetonatioN FocusMe;0;1;Tiimu Sagashitemasu;2021/04/03
90;DetonatioN FocusMe;1;0;Serpens;2021/04/03
91;DetonatioN FocusMe;1;0;iXA;2021/04/03
92;DetonatioN FocusMe;1;0;FENNEL;2021/02/26
93;DetonatioN FocusMe;1;0;LFT;2021/02/26
94;DetonatioN FocusMe;0;1;ShikouKouketsu;2021/02/26
95;DetonatioN FocusMe;1;0;Connect Gaming;2021/02/26
96;DetonatioN FocusMe;0;1;BLUE BEES.ESP;2021/02/26
97;DetonatioN FocusMe;0;2;Absolute JUPITER;2021/02/21
98;DetonatioN FocusMe;0;2;LAG Gaming;2021/02/21
