;equipe;placar_casa;placar_visita;time_visita;data
0;LARANJA MECANICA;0;2;SAGAZ;2024/05/06
1;LARANJA MECANICA;0;2;CO-OP.gg;2024/05/05
2;LARANJA MECANICA;2;1;SAGAZ;2024/05/04
3;LARANJA MECANICA;2;0;Salamaleiko;2024/05/04
4;LARANJA MECANICA;2;0;Tropa do A;2024/05/03
5;LARANJA MECANICA;2;0;Smoke Meio;2024/05/03
6;LARANJA MECANICA;0;2;011013053021;2024/04/21
7;LARANJA MECANICA;2;0;NEXT;2024/04/20
8;LARANJA MECANICA;1;0;NoOrg9;2024/04/20
9;LARANJA MECANICA;1;0;CURRALZINHO;2024/04/19
10;LARANJA MECANICA;1;0;OS CARA CEGO 2.0;2024/04/19
11;LARANJA MECANICA;1;0;Gerson Lanches;2024/04/19
12;LARANJA MECANICA;2;0;OS CARA CEGO 2.0;2024/03/17
13;LARANJA MECANICA;2;1;OS CARA CEGO 2.0;2024/03/16
14;LARANJA MECANICA;1;0;Agropesca Jacare;2024/03/16
15;LARANJA MECANICA;1;0;GenGibre;2024/03/15
16;LARANJA MECANICA;1;0;SAGAZ;2024/03/15
17;LARANJA MECANICA;1;0;lanchonete do gerso;2024/03/15
18;LARANJA MECANICA;1;2;SAGAZ;2024/02/25
19;LARANJA MECANICA;2;1;PELOTAO DOS RAUL;2024/02/24
20;LARANJA MECANICA;1;0;SAGAZ;2024/02/24
21;LARANJA MECANICA;1;0;diamondsdancing;2024/02/23
22;LARANJA MECANICA;1;0;MEGAZORD 71;2024/02/23
23;LARANJA MECANICA;1;0;GHOSTS DO NYANG;2024/02/23
24;LARANJA MECANICA;0;1;SAIDEIRA ESPORTS;2024/02/06
25;LARANJA MECANICA;0;1;Fenda Dos Streamers;2024/02/06
26;LARANJA MECANICA;0;2;Orquestra do Maestro;2024/01/27
27;LARANJA MECANICA;2;0;os piticos;2024/01/26
28;LARANJA MECANICA;0;2;SAGAZ;2024/01/26
29;LARANJA MECANICA;2;1;xaprala;2024/01/18
30;LARANJA MECANICA;2;1;tokyo drift;2024/01/17
31;LARANJA MECANICA;2;0;Noite Carioca;2024/01/17
32;LARANJA MECANICA;1;2;Brasil 2002;2023/12/16
33;LARANJA MECANICA;2;0;ziKapangas;2023/12/15
34;LARANJA MECANICA;2;0;JNS Gaming;2023/12/15
35;LARANJA MECANICA;2;0;MONSTROS FA;2023/12/15
36;LARANJA MECANICA;1;2;OS CARA CEGO;2023/12/14
37;LARANJA MECANICA;2;1;KAMI TENCHI;2023/12/14
38;LARANJA MECANICA;2;0;OS CARA CEGO;2023/11/12
39;LARANJA MECANICA;2;0;OS CARA CEGO;2023/11/11
40;LARANJA MECANICA;1;0;amamosfranjudas;2023/11/11
41;LARANJA MECANICA;1;0;ACQUA GAMING;2023/11/10
42;LARANJA MECANICA;1;0;super onze;2023/11/10
43;LARANJA MECANICA;0;1;uruguai;2023/10/21
44;LARANJA MECANICA;1;0;insanity;2023/10/21
45;LARANJA MECANICA;0;1;KOF 2002;2023/10/20
46;LARANJA MECANICA;1;0;VETOOOR E AMIGOS;2023/10/20
47;LARANJA MECANICA;1;0;PHINEAS E FERB;2023/10/20
48;LARANJA MECANICA;1;0;Firestorm Elite Rogues;2023/10/12
49;LARANJA MECANICA;0;1;NOITE PAULISTA;2023/10/12
50;LARANJA MECANICA;0;1;O PROJETO;2023/09/26
51;LARANJA MECANICA;0;1;XIT;2023/09/25
52;LARANJA MECANICA;0;1;SALSEIRO;2023/09/25
