;equipe;placar_casa;placar_visita;time_visita;data
0;Northwood University;1;2;UST Esports;2024/05/11
1;Northwood University;2;1;Blinn;2023/05/14
2;Northwood University;2;0;Scarlet Knights Black;2023/05/13
3;Northwood University;2;0;Converse Purple;2023/05/07
4;Northwood University;2;0;Fisher Navy;2023/05/07
5;Northwood University;2;0;Winthrop University;2023/05/07
6;Northwood University;2;0;Blinn;2023/05/06
7;Northwood University;2;0;OKWU Eagles;2023/05/06
8;Northwood University;2;0;TAMU Maroon;2023/05/06
9;Northwood University;2;0;Quinnipiac;2023/05/06
10;Northwood University;3;0;Akron Esports;2023/05/01
11;Northwood University;3;0;Mizzou Esports;2023/04/30
12;Northwood University;2;0;Purdue Gold;2023/04/24
13;Northwood University;3;0;St. Clair Saints;2023/04/22
14;Northwood University;2;0;GVSU White;2023/04/20
15;Northwood University;1;2;St. Clair Saints;2023/04/19
16;Northwood University;2;0;Akron Esports;2023/04/16
17;Northwood University;2;0;Mizzou Esports;2023/04/15
18;Northwood University;2;0;Stony Brook Red;2023/04/14
19;Northwood University;2;0;University of Windsor;2023/04/12
20;Northwood University;2;0;Davenport University;2023/04/02
21;Northwood University;2;0;UW-Stout Blue Devils;2023/04/01
22;Northwood University;2;0;Mizzou Esports;2023/03/26
23;Northwood University;2;0;Indiana Hoosiers;2023/03/26
24;Northwood University;3;1;Mizzou Esports;2023/03/05
25;Northwood University;3;0;UWaterloo Gold;2023/02/25
26;Northwood University;2;0;Akron Esports;2023/02/19
27;Northwood University;2;0;TMU Blue;2023/02/18
28;Northwood University;2;0;Purdue Gold;2023/02/12
29;Northwood University;2;0;Davenport University;2023/02/11
30;Northwood University;3;1;o7;2022/12/16
31;Northwood University;2;0;OBK;2022/12/16
32;Northwood University;2;0;NARODNI GARDA;2022/12/15
33;Northwood University;2;0;CONDORIT0;2022/12/15
34;Northwood University;1;0;Team Villainous;2022/12/13
35;Northwood University;1;0;d0gsafari2;2022/12/13
36;Northwood University;1;0;PXL Esports;2022/12/13
37;Northwood University;1;0;Jordani;2022/12/13
38;Northwood University;1;0;AQUA Gaming;2022/12/13
39;Northwood University;3;1;Carleton Ravens;2022/12/11
40;Northwood University;3;0;TAMU Maroon;2022/12/05
41;Northwood University;3;0;Carleton Ravens;2022/12/03
42;Northwood University;2;0;Stony Brook Red;2022/11/30
43;Northwood University;2;0;Indiana Hoosiers;2022/11/29
44;Northwood University;3;1;UST Esports;2022/11/20
45;Northwood University;2;1;Fisher Navy;2022/11/20
46;Northwood University;1;0;Winthrop University;2022/11/20
47;Northwood University;1;0;Boise State University;2022/11/20
48;Northwood University;2;0;Indiana Hoosiers;2022/11/20
49;Northwood University;2;0;Western Esports;2022/11/19
50;Northwood University;2;0;West Virginia University;2022/11/17
51;Northwood University;2;0;Boise State University;2022/11/16
52;Northwood University;2;0;Rochester University Esports;2022/11/15
53;Northwood University;2;0;Culver-Stockton Wildcats;2022/11/15
54;Northwood University;2;0;Rochester University Esports;2022/11/13
55;Northwood University;2;0;Fanshawe FUEL;2022/11/11
