;equipe;placar_casa;placar_visita;time_visita;data
0;Natus Vincere;0;2;Team Heretics;2024/06/19
1;Natus Vincere;0;2;Team Heretics;2024/05/08
2;Natus Vincere;2;1;FNATIC;2024/05/02
3;Natus Vincere;1;2;BBL Esports;2024/04/25
4;Natus Vincere;2;1;Karmine Corp;2024/04/17
5;Natus Vincere;2;1;Team Liquid;2024/04/11
6;Natus Vincere;2;0;Team Vitality;2024/04/04
7;Natus Vincere;0;2;Team Heretics;2024/02/29
8;Natus Vincere;2;0;Team Liquid;2024/02/23
9;Natus Vincere;2;1;BBL Esports;2024/02/21
10;Natus Vincere;1;0;ZETA DIVISION;2023/12/03
11;Natus Vincere;1;0;DetonatioN FocusMe;2023/12/02
12;Natus Vincere;1;0;BLEED;2023/12/02
13;Natus Vincere;1;2;LOUD;2023/08/12
14;Natus Vincere;1;2;DRX;2023/08/07
15;Natus Vincere;2;0;Team Liquid;2023/08/06
16;Natus Vincere;0;3;Giants Gaming;2023/07/23
17;Natus Vincere;3;0;KOI;2023/07/22
18;Natus Vincere;2;1;Karmine Corp;2023/07/21
19;Natus Vincere;0;2;KOI;2023/07/20
20;Natus Vincere;0;2;EDward Gaming;2023/06/13
21;Natus Vincere;1;2;NRG Esports;2023/06/12
22;Natus Vincere;0;2;FUT Esports;2023/05/26
23;Natus Vincere;2;0;Giants Gaming;2023/05/25
24;Natus Vincere;0;2;Team Liquid;2023/05/24
25;Natus Vincere;0;2;FNATIC;2023/05/17
26;Natus Vincere;2;0;FUT Esports;2023/05/11
27;Natus Vincere;2;0;Team Liquid;2023/05/05
28;Natus Vincere;2;0;Team Vitality;2023/04/28
29;Natus Vincere;2;0;Karmine Corp;2023/04/21
30;Natus Vincere;2;1;Team Heretics;2023/04/12
31;Natus Vincere;2;0;BBL Esports;2023/04/06
32;Natus Vincere;2;1;Giants Gaming;2023/03/29
33;Natus Vincere;0;2;KOI;2023/03/27
34;Natus Vincere;0;3;FNATIC;2023/03/03
35;Natus Vincere;2;0;Leviatán;2023/02/27
36;Natus Vincere;2;0;Team Secret;2023/02/25
37;Natus Vincere;2;0;KRÜ Esports;2023/02/22
38;Natus Vincere;3;2;Parla Esports;2022/11/27
39;Natus Vincere;2;0;Team Vitality;2022/11/27
40;Natus Vincere;2;1;Fire Flux Esports;2022/11/26
41;Natus Vincere;2;0;The Barbers;2022/11/25
42;Natus Vincere;0;2;DRX;2022/09/16
43;Natus Vincere;2;1;XSET;2022/09/13
44;Natus Vincere;2;0;Leviatán;2022/09/11
45;Natus Vincere;0;2;DRX;2022/09/09
46;Natus Vincere;2;0;KRÜ Esports;2022/09/08
47;Natus Vincere;1;2;XSET;2022/09/05
48;Natus Vincere;2;0;KRÜ Esports;2022/09/03
49;Natus Vincere;0;2;G2 Esports;2022/08/11
50;Natus Vincere;0;2;Team Liquid;2022/08/10
51;Natus Vincere;2;1;Guild Esports;2022/08/08
52;Natus Vincere;3;2;Paper Rex;2022/07/24
53;Natus Vincere;3;1;OpTic Gaming;2022/07/23
54;Natus Vincere;2;1;FNATIC;2022/07/22
55;Natus Vincere;2;0;DRX;2022/07/18
56;Natus Vincere;2;1;Guild Esports;2022/07/16
57;Natus Vincere;0;2;FNATIC;2022/07/14
58;Natus Vincere;2;0;NORTHEPTION;2022/07/13
59;Natus Vincere;1;2;DRX;2022/07/12
60;Natus Vincere;2;1;XERXIA Esports;2022/07/11
61;Natus Vincere;0;3;FNATIC;2022/06/26
62;Natus Vincere;3;0;Guild Esports;2022/06/25
63;Natus Vincere;2;1;M3 Champions;2022/06/24
64;Natus Vincere;2;1;Acend;2022/06/19
65;Natus Vincere;1;2;FNATIC;2022/06/18
66;Natus Vincere;2;1;Team Liquid;2022/06/17
67;Natus Vincere;2;1;Guild Esports;2022/06/11
68;Natus Vincere;1;2;Acend;2022/06/10
69;Natus Vincere;2;0;OG LDN UTD;2022/06/04
70;Natus Vincere;1;2;Team Liquid;2022/06/03
71;Natus Vincere;2;0;FOKUS;2022/05/29
72;Natus Vincere;2;1;BIG;2022/05/28
73;Natus Vincere;1;2;M3 Champions;2022/05/22
74;Natus Vincere;2;0;G2 Esports;2022/05/21
75;Natus Vincere;1;2;FNATIC;2022/05/14
76;Natus Vincere;1;2;BBL Esports;2022/05/13
77;Natus Vincere;3;1;G2 Esports;2022/03/27
78;Natus Vincere;2;0;FNATIC;2022/03/25
79;Natus Vincere;2;0;Team Liquid;2022/03/23
80;Natus Vincere;1;2;FunPlus Phoenix;2022/03/18
81;Natus Vincere;0;2;M3 Champions;2022/03/16
82;Natus Vincere;1;2;LDN UTD;2022/03/13
83;Natus Vincere;2;1;BIG;2022/03/12
84;Natus Vincere;2;0;Team Liquid;2022/03/12
85;Natus Vincere;1;2;Team Liquid;2022/02/20
86;Natus Vincere;2;1;Gambit Esports;2022/02/18
87;Natus Vincere;2;0;LDN UTD;2022/02/13
88;Natus Vincere;2;1;BIG;2022/02/12
89;Natus Vincere;3;0;5MOKES;2022/01/23
90;Natus Vincere;2;1;Tactical Five;2022/01/22
91;Natus Vincere;2;0;KPI Gaming;2022/01/22
92;Natus Vincere;2;0;Dobeg;2022/01/21
93;Natus Vincere;0;2;5MOKES;2022/01/21
94;Natus Vincere;2;1;EZclap;2022/01/20
95;Natus Vincere;2;3;FunPlus Phoenix;2022/01/16
96;Natus Vincere;2;0;KPI Gaming;2022/01/15
97;Natus Vincere;2;0;5MOKES;2022/01/15
98;Natus Vincere;2;1;KPI Gaming;2022/01/14
99;Natus Vincere;2;0;One Breath Gaming;2022/01/14
100;Natus Vincere;2;0;One Breath Gaming;2022/01/14
101;Natus Vincere;2;0;Aim.Attack;2022/01/14
102;Natus Vincere;0;2;KPI Gaming;2022/01/13
103;Natus Vincere;2;0;SMARACIS eSports;2022/01/13
104;Natus Vincere;2;0;Tactical Five;2022/01/12
105;Natus Vincere;2;0;QLF Clan;2022/01/11
106;Natus Vincere;2;0;KABAHbl;2022/01/11
107;Natus Vincere;2;0;next_viigraem;2022/01/10
108;Natus Vincere;0;2;FuelCore;2021/11/22
109;Natus Vincere;0;3;IVY;2021/11/21
110;Natus Vincere;2;0;GMT Esports;2021/11/21
111;Natus Vincere;1;0;368;2021/11/21
112;Natus Vincere;1;0;Moscow Five jr;2021/11/20
113;Natus Vincere;1;2;IVY;2021/11/20
114;Natus Vincere;2;1;VCTRY Esports;2021/11/20
115;Natus Vincere;1;0;Aim.Attack;2021/11/14
116;Natus Vincere;0;1;GMT Esports;2021/11/14
117;Natus Vincere;1;0;school13;2021/11/13
118;Natus Vincere;1;2;IVY;2021/11/12
119;Natus Vincere;0;2;Alliance;2021/11/10
120;Natus Vincere;2;1;Movistar Riders;2021/11/10
121;Natus Vincere;0;2;Alliance;2021/11/10
122;Natus Vincere;2;0;Movistar Riders;2021/11/09
123;Natus Vincere;2;0;Gaming Barracks;2021/11/08
124;Natus Vincere;1;0;Anubis Gaming;2021/11/04
125;Natus Vincere;1;0;Team BDS;2021/11/04
126;Natus Vincere;0;1;Giants Gaming;2021/11/04
127;Natus Vincere;0;1;TENSTAR;2021/11/04
128;Natus Vincere;0;1;FNATIC;2021/11/04
129;Natus Vincere;0;1;Acend;2021/11/04
130;Natus Vincere;2;0;Odium;2021/10/31
131;Natus Vincere;1;0;OGvBudke;2021/10/31
132;Natus Vincere;1;0;Redragon;2021/10/30
133;Natus Vincere;0;2;LDN UTD;2021/10/10
134;Natus Vincere;2;1;IVY;2021/10/10
135;Natus Vincere;2;1;GMT Esports;2021/10/08
136;Natus Vincere;2;1;Team Lixa;2021/10/08
137;Natus Vincere;1;2;Giants Gaming;2021/08/15
138;Natus Vincere;1;2;forZe;2021/08/14
139;Natus Vincere;0;2;Papara SuperMassive;2021/08/14
140;Natus Vincere;0;2;Acend;2021/08/13
141;Natus Vincere;2;0;Fire Flux Esports;2021/08/12
142;Natus Vincere;2;1;Team Liquid;2021/08/12
143;Natus Vincere;0;3;Gambit Esports;2021/07/10
144;Natus Vincere;1;2;G2 Esports;2021/07/09
145;Natus Vincere;3;0;forZe;2021/07/09
146;Natus Vincere;2;0;Team Liquid;2021/07/08
147;Natus Vincere;1;2;Acend;2021/07/08
148;Natus Vincere;0;2;Gambit Esports;2021/07/08
149;Natus Vincere;2;0;G2 Esports;2021/07/07
150;Natus Vincere;2;1;forZe;2021/07/07
151;Natus Vincere;2;0;One Breath Gaming;2021/07/06
152;Natus Vincere;2;0;Team Vitality;2021/07/02
153;Natus Vincere;1;2;Guild Esports;2021/07/01
154;Natus Vincere;2;1;tyeasy;2021/07/01
155;Natus Vincere;2;0;Wave Esports;2021/06/30
156;Natus Vincere;0;2;Gambit Esports;2021/06/30
157;Natus Vincere;2;0;Team Divinity;2021/06/30
158;Natus Vincere;2;0;eXiLe eSports;2021/06/29
159;Natus Vincere;2;0;MBVINO;2021/06/29
160;Natus Vincere;2;0;NoAvocado;2021/06/28
161;Natus Vincere;0;2;Gambit Esports;2021/04/30
162;Natus Vincere;0;2;Team Liquid;2021/04/29
163;Natus Vincere;2;0;Gambit Esports;2021/04/23
164;Natus Vincere;3;0;Guild Esports;2021/04/09
165;Natus Vincere;2;1;Opportunists;2021/04/08
166;Natus Vincere;2;0;Team Vitality;2021/04/07
167;Natus Vincere;2;1;Ninjas in Pyjamas;2021/04/01
168;Natus Vincere;2;0;volvo peek;2021/04/01
169;Natus Vincere;2;0;Team Sampi;2021/03/31
170;Natus Vincere;2;0;IVY;2021/03/31
171;Natus Vincere;2;0;Wolfix Gaming;2021/03/30
172;Natus Vincere;2;0;dfiance;2021/03/30
173;Natus Vincere;1;2;Acend;2021/03/20
174;Natus Vincere;2;0;Team BDS;2021/03/18
175;Natus Vincere;2;1;Guild Esports;2021/03/13
176;Natus Vincere;2;1;FNATIC;2021/02/21
177;Natus Vincere;2;0;Team Liquid;2021/02/07
178;Natus Vincere;2;0;Alliance;2021/02/05
179;Natus Vincere;2;0;Raise Your Edge;2021/02/05
180;Natus Vincere;1;0;L'institut;2021/02/04
181;Natus Vincere;1;2;SUMN FC;2020/12/05
182;Natus Vincere;2;0;nolpenki;2020/12/04
183;Natus Vincere;2;0;Opportunists;2020/11/15
184;Natus Vincere;1;0;SKADE;2020/11/13
185;Natus Vincere;1;0;M4LIK;2020/11/13
186;Natus Vincere;1;0;Mik0nsDisciple;2020/11/10
187;Natus Vincere;1;0;OIL;2020/11/10
188;Natus Vincere;1;0;Cyberhound Gaming;2020/11/09
189;Natus Vincere;2;0;SUMN FC;2020/10/04
190;Natus Vincere;2;0;need more DM;2020/10/04
191;Natus Vincere;1;0;Oxygen Esports;2020/10/03
192;Natus Vincere;1;0;LOL;2020/10/03
193;Natus Vincere;1;0;Project SW;2020/10/03
194;Natus Vincere;1;0;Entropiq;2020/10/03
195;Natus Vincere;0;1;Oxygen Esports;2020/10/03
196;Natus Vincere;1;0;AoeXe;2020/10/03
197;Natus Vincere;1;0;5DDOGS;2020/10/03
198;Natus Vincere;2;3;G2 Esports;2020/09/13
199;Natus Vincere;2;0;Team Liquid;2020/09/13
200;Natus Vincere;0;2;G2 Esports;2020/09/12
201;Natus Vincere;2;0;Team Liquid;2020/09/11
202;Natus Vincere;0;2;G2 Esports;2020/08/29
203;Natus Vincere;2;0;SKADE;2020/08/28
204;Natus Vincere;1;0;BBL Esports;2020/08/28
205;Natus Vincere;1;0;Wave Esports;2020/08/28
206;Natus Vincere;2;0;DPE;2020/08/23
207;Natus Vincere;2;0;Lankräm;2020/08/23
208;Natus Vincere;2;1;AoeXe;2020/08/22
209;Natus Vincere;0;2;G2 Esports;2020/08/16
210;Natus Vincere;1;0;Team Liquid;2020/08/16
211;Natus Vincere;1;0;Ninjas in Pyjamas;2020/08/16
212;Natus Vincere;0;1;G2 Esports;2020/08/16
