;equipe;placar_casa;placar_visita;time_visita;data
0;Made in Thailand;0;2;FULL SENSE;2024/06/21
1;Made in Thailand;2;1;Sharper Esport;2024/06/19
2;Made in Thailand;2;0;XERXIA Esports;2024/06/14
3;Made in Thailand;2;0;Barn nong chok;2024/06/12
4;Made in Thailand;0;2;Santa Gang;2024/06/06
5;Made in Thailand;0;3;FULL SENSE;2024/03/10
6;Made in Thailand;2;0;Team NKT;2024/03/10
7;Made in Thailand;1;2;FULL SENSE;2024/03/09
8;Made in Thailand;2;1;Team NKT;2024/03/08
9;Made in Thailand;1;2;FULL SENSE;2024/03/02
10;Made in Thailand;2;0;Team NKT;2024/02/16
11;Made in Thailand;2;1;Valee Thai Esports;2024/02/10
12;Made in Thailand;1;2;Sharper Esport;2024/02/09
13;Made in Thailand;2;0;Attack All Around;2024/02/03
14;Made in Thailand;2;1;XERXIA Esports;2024/01/28
15;Made in Thailand;2;0;Barn nong chok;2024/01/26
16;Made in Thailand;2;0;Fancy United Esports;2023/11/19
17;Made in Thailand;1;2;FULL SENSE;2023/11/18
18;Made in Thailand;2;1;Attack All Around;2023/11/17
19;Made in Thailand;1;2;FULL SENSE;2023/11/12
20;Made in Thailand;2;0;XERXIA Esports;2023/11/11
21;Made in Thailand;2;0;Attack All Around;2023/11/10
22;Made in Thailand;0;2;FULL SENSE;2023/11/09
23;Made in Thailand;2;0;Valee Thai Esports;2023/11/06
24;Made in Thailand;1;3;Team NKT;2023/10/08
25;Made in Thailand;2;1;FULL SENSE;2023/10/07
26;Made in Thailand;2;1;Sdobbies;2023/09/24
27;Made in Thailand;0;2;FULL SENSE;2023/09/16
28;Made in Thailand;1;2;XERXIA Esports;2023/09/16
29;Made in Thailand;2;0;Team NKT;2023/09/08
30;Made in Thailand;2;0;The Infinity Esport;2023/09/06
31;Made in Thailand;1;2;XERXIA Esports;2023/06/04
32;Made in Thailand;2;0;CRIT Esports;2023/06/02
33;Made in Thailand;0;2;FULL SENSE;2023/06/01
34;Made in Thailand;2;0;The Infinity Esport;2023/05/05
35;Made in Thailand;2;1;XERXIA Esports;2023/04/27
36;Made in Thailand;2;0;Attack All Around;2023/04/21
37;Made in Thailand;2;1;CRIT Esports;2023/04/19
38;Made in Thailand;2;0;Team NKT;2023/04/07
39;Made in Thailand;2;0;FULL SENSE;2023/04/05
40;Made in Thailand;2;0;Sharper Esport;2023/03/29
41;Made in Thailand;3;0;Sharper Esport;2023/03/12
42;Made in Thailand;2;1;Sharper Esport;2023/03/11
43;Made in Thailand;2;0;Attack All Around;2023/03/10
44;Made in Thailand;2;0;Gelida Esports;2023/02/26
45;Made in Thailand;2;0;Sharper Esport;2023/02/18
46;Made in Thailand;2;0;Team NKT;2023/02/17
47;Made in Thailand;2;0;XERXIA Esports;2023/02/09
48;Made in Thailand;2;0;Attack All Around;2023/02/03
49;Made in Thailand;2;0;FULL SENSE;2023/01/29
50;Made in Thailand;2;0;Thailand Attitude;2023/01/21
51;Made in Thailand;2;0;FULL SENSE;2022/12/11
52;Made in Thailand;2;1;LaZe;2022/12/11
53;Made in Thailand;0;2;FULL SENSE;2022/12/10
54;Made in Thailand;2;0;Stream Raiders Nacague;2022/12/09
55;Made in Thailand;2;1;Oblivion Force;2022/12/08
56;Made in Thailand;3;0;Bigetron Arctic;2022/12/04
57;Made in Thailand;2;0;BOOM Esports;2022/12/03
58;Made in Thailand;2;0;FW Esports;2022/12/02
59;Made in Thailand;1;0;Team NKT;2022/11/29
60;Made in Thailand;0;1;Bigetron Arctic;2022/11/29
61;Made in Thailand;1;0;Team NKT;2022/11/29
62;Made in Thailand;1;3;BLEED;2022/11/25
63;Made in Thailand;2;0;Global Esports;2022/11/25
64;Made in Thailand;0;2;BLEED;2022/11/24
65;Made in Thailand;2;0;Velocity Gaming;2022/11/23
66;Made in Thailand;2;0;South Built Esports;2022/11/14
67;Made in Thailand;2;1;BLEED;2022/11/13
68;Made in Thailand;1;0;Fancy United Esports;2022/11/12
69;Made in Thailand;1;0;Todak;2022/11/11
70;Made in Thailand;1;0;Sharper Esport;2022/11/09
71;Made in Thailand;0;1;NAOS;2022/11/08
72;Made in Thailand;2;0;Fancy United Esports;2022/11/06
73;Made in Thailand;2;0;The Reaper;2022/11/05
74;Made in Thailand;2;0;Candy;2022/11/05
75;Made in Thailand;1;0;The Mad Men;2022/11/04
76;Made in Thailand;2;3;South Built Esports;2022/10/29
77;Made in Thailand;2;1;Fancy United Esports;2022/10/28
78;Made in Thailand;2;0;Oasis Gaming;2022/10/27
79;Made in Thailand;1;2;BLEED;2022/10/26
80;Made in Thailand;2;0;NAOS;2022/10/25
81;Made in Thailand;0;1;Sunday's Best;2022/09/30
82;Made in Thailand;2;1;Team NKT;2022/08/28
83;Made in Thailand;2;1;FW Esports;2022/08/28
84;Made in Thailand;0;2;ONIC G;2022/08/05
85;Made in Thailand;2;1;Alter Ego;2022/08/04
86;Made in Thailand;2;1;Fancy United Esports;2022/08/03
87;Made in Thailand;1;2;Team Secret;2022/08/02
88;Made in Thailand;0;2;Griffin E-Sports;2022/06/17
89;Made in Thailand;0;2;ONIC G;2022/06/16
90;Made in Thailand;2;1;BOOM Esports;2022/06/11
91;Made in Thailand;2;1;Enigma Gaming;2022/06/10
92;Made in Thailand;0;2;FW Esports;2022/05/29
93;Made in Thailand;2;1;FULL SENSE;2022/05/28
94;Made in Thailand;2;0;X10 Esports;2022/05/28
95;Made in Thailand;1;2;XERXIA Esports;2022/05/27
96;Made in Thailand;2;0;Sharper Esport;2022/05/26
97;Made in Thailand;1;2;FW Esports;2022/05/22
98;Made in Thailand;2;1;FULL SENSE;2022/05/21
99;Made in Thailand;1;2;X10 Esports;2022/05/20
100;Made in Thailand;2;0;Purple Mood E-Sport;2022/05/19
101;Made in Thailand;2;0;Team NKT;2022/05/15
102;Made in Thailand;0;2;XERXIA Esports;2022/05/14
103;Made in Thailand;1;2;Sharper Esport;2022/05/13
104;Made in Thailand;1;2;Persija Esports;2022/03/25
105;Made in Thailand;1;2;BLEED;2022/03/24
106;Made in Thailand;2;0;CERBERUS Esports;2022/03/21
107;Made in Thailand;0;2;BOOM Esports;2022/03/19
108;Made in Thailand;2;1;CERBERUS Esports;2022/03/16
109;Made in Thailand;1;3;XERXIA Esports;2022/02/27
110;Made in Thailand;2;1;Team NKT;2022/02/26
111;Made in Thailand;2;0;47 Gaming;2022/02/25
112;Made in Thailand;1;2;Team JOBSO;2022/02/20
113;Made in Thailand;2;1;Gelida Esports;2022/02/17
114;Made in Thailand;1;2;XERXIA Esports;2022/02/11
115;Made in Thailand;2;0;Aricat Esport Academy;2022/01/23
116;Made in Thailand;1;0;Zercus Esports;2022/01/23
117;Made in Thailand;0;2;Attack All Around;2022/01/22
118;Made in Thailand;1;0;AboveCloud;2022/01/22
119;Made in Thailand;0;1;FULL SENSE;2021/03/27
120;Made in Thailand;0;2;X10 Esports;2021/03/14
121;Made in Thailand;2;1;Sharper Esport;2021/03/14
122;Made in Thailand;2;0;Not Ready;2021/03/12
123;Made in Thailand;1;0;Not Ready;2021/03/07
124;Made in Thailand;1;0;LYNX TH;2021/03/07
125;Made in Thailand;1;0;Foxy Araikordai;2021/03/07
126;Made in Thailand;1;0;ex-Intense Gaming;2021/03/07
127;Made in Thailand;1;0;fully;2021/03/07
