;equipe;placar_casa;placar_visita;time_visita;data
0;CGN Esports;2;0;Ovation eSports;2024/06/15
1;CGN Esports;2;1;ALTERNATE aTTaX;2024/06/13
2;CGN Esports;2;0;Eintracht Frankfurt;2024/06/11
3;CGN Esports;2;1;DIVIZON;2024/06/06
4;CGN Esports;2;0;Xperion NXT;2024/05/27
5;CGN Esports;2;0;MOUZ;2024/05/21
6;CGN Esports;2;0;Permitta Unicorns;2024/05/18
7;CGN Esports;2;1;MOUZ;2024/05/04
8;CGN Esports;2;0;SK Gaming;2024/05/04
9;CGN Esports;2;0;FOKUS;2024/04/21
10;CGN Esports;1;2;MOUZ;2024/04/20
11;CGN Esports;0;2;FOKUS;2024/04/06
12;CGN Esports;2;0;RIZON;2024/03/31
13;CGN Esports;2;0;ALTERNATE aTTaX;2024/03/30
14;CGN Esports;2;0;Unicorns of Love;2024/03/09
15;CGN Esports;2;1;SK Gaming;2024/03/03
16;CGN Esports;2;0;Eintracht Frankfurt;2024/03/02
17;CGN Esports;1;2;MOUZ;2024/02/17
18;CGN Esports;2;1;DIVIZON;2024/02/16
19;CGN Esports;2;0;Ovation eSports;2024/02/11
20;CGN Esports;0;3;Acend;2023/12/19
21;CGN Esports;2;0;NASR Esports;2023/12/14
22;CGN Esports;2;0;Solary;2023/12/13
23;CGN Esports;2;1;MOUZ;2023/05/20
24;CGN Esports;2;1;Ovation eSports;2023/05/14
25;CGN Esports;2;0;ALTERNATE aTTaX;2023/05/07
26;CGN Esports;0;2;MOUZ;2023/04/29
27;CGN Esports;2;0;Angry Titans;2023/04/23
28;CGN Esports;2;0;Wave Esports;2022/10/03
29;CGN Esports;2;1;RIZON;2022/07/07
30;CGN Esports;0;2;Wave Esports;2021/08/15
31;CGN Esports;2;0;Asteria Gaming;2021/08/13
32;CGN Esports;1;2;IVY;2021/08/08
33;CGN Esports;0;2;Wave Esports;2021/08/07
34;CGN Esports;0;2;Yendez;2021/07/21
35;CGN Esports;2;1;Bifrost;2021/07/20
36;CGN Esports;2;0;San;2021/07/20
37;CGN Esports;0;2;Wave Esports;2021/06/29
38;CGN Esports;2;1;STAGA;2021/06/29
39;CGN Esports;2;0;ooliganz;2021/06/28
40;CGN Esports;2;0;SHUSH;2021/06/28
41;CGN Esports;0;1;FeaFeaFea;2020/11/17
42;CGN Esports;1;0;Winfinity;2020/11/16
43;CGN Esports;0;1;Ninjas in Pyjamas;2020/11/13
44;CGN Esports;1;0;hREDS;2020/11/12
45;CGN Esports;1;0;InetGamer;2020/11/12
46;CGN Esports;1;0;Øutsiders;2020/11/11
47;CGN Esports;0;1;Ninjas in Pyjamas;2020/11/10
48;CGN Esports;1;0;Chakalaka;2020/11/10
49;CGN Esports;1;0;VASTA Gaming;2020/11/09
50;CGN Esports;1;0;hREDS;2020/10/30
51;CGN Esports;0;1;Guild Esports;2020/10/30
52;CGN Esports;1;0;SKADE;2020/10/30
53;CGN Esports;1;0;VASTA Gaming;2020/10/30
54;CGN Esports;0;1;BeeNinjas;2020/10/21
55;CGN Esports;1;0;Lankräm;2020/10/21
56;CGN Esports;0;1;Inside Games;2020/10/20
57;CGN Esports;1;0;Rix.GG;2020/10/20
58;CGN Esports;0;1;nolpenki;2020/10/07
59;CGN Esports;1;0;Naura;2020/10/07
60;CGN Esports;0;1;nolpenki;2020/10/07
61;CGN Esports;0;1;Inside Games;2020/10/03
62;CGN Esports;2;1;flawless;2020/09/06
63;CGN Esports;2;0;Opportunists;2020/09/06
64;CGN Esports;1;0;FishkaVTom;2020/09/06
65;CGN Esports;1;0;Project SW;2020/09/06
66;CGN Esports;0;1;na ketu;2020/08/29
67;CGN Esports;0;1;team cotch;2020/08/23
68;CGN Esports;1;0;ex-Giants Gaming;2020/08/23
69;CGN Esports;1;0;Orgles5 GB;2020/08/23
70;CGN Esports;0;1;Ninjas in Pyjamas;2020/07/31
71;CGN Esports;0;1;flawless;2020/07/19
