;equipe;placar_casa;placar_visita;time_visita;data
0;Team Secret;2;0;Global Esports;2024/06/17
1;Team Secret;2;1;BLEED;2024/06/15
2;Team Secret;0;1;Rex Regum Qeon;2024/06/10
3;Team Secret;0;2;T1;2024/05/03
4;Team Secret;1;2;Talon Esports;2024/04/28
5;Team Secret;2;1;DetonatioN FocusMe;2024/04/23
6;Team Secret;2;0;Paper Rex;2024/04/21
7;Team Secret;2;1;ZETA DIVISION;2024/04/14
8;Team Secret;1;2;Rex Regum Qeon;2024/04/08
9;Team Secret;0;2;DRX;2024/04/06
10;Team Secret;2;0;ZETA DIVISION;2024/02/22
11;Team Secret;1;2;Gen.G;2024/02/22
12;Team Secret;2;0;Talon Esports;2024/02/21
13;Team Secret;2;0;DetonatioN FocusMe;2024/02/20
14;Team Secret;0;2;Talon Esports;2024/02/18
15;Team Secret;2;0;FAV gaming;2024/01/14
16;Team Secret;1;0;Team Flash;2024/01/13
17;Team Secret;1;0;ENDER DRAGON;2024/01/11
18;Team Secret;1;0;Todak;2024/01/11
19;Team Secret;1;0;No Salary Peek;2024/01/11
20;Team Secret;1;3;ZETA DIVISION;2023/07/23
21;Team Secret;3;1;Gen.G;2023/07/22
22;Team Secret;0;2;ZETA DIVISION;2023/07/21
23;Team Secret;2;0;Gen.G;2023/07/20
24;Team Secret;1;2;Gen.G;2023/05/21
25;Team Secret;1;2;DRX;2023/05/20
26;Team Secret;2;0;ZETA DIVISION;2023/05/19
27;Team Secret;2;0;Global Esports;2023/05/15
28;Team Secret;2;0;DRX;2023/05/13
29;Team Secret;0;2;T1;2023/05/07
30;Team Secret;1;2;ZETA DIVISION;2023/04/29
31;Team Secret;2;0;DetonatioN FocusMe;2023/04/23
32;Team Secret;0;2;Rex Regum Qeon;2023/04/15
33;Team Secret;0;2;Gen.G;2023/04/10
34;Team Secret;2;1;Paper Rex;2023/04/02
35;Team Secret;2;1;Talon Esports;2023/03/26
36;Team Secret;0;2;Natus Vincere;2023/02/25
37;Team Secret;2;0;Team Liquid;2023/02/22
38;Team Secret;1;2;Paper Rex;2022/11/19
39;Team Secret;1;0;Team Heretics;2022/11/18
40;Team Secret;1;0;Enigma Gaming;2022/11/18
41;Team Secret;0;1;Rex Regum Qeon;2022/11/18
42;Team Secret;0;2;DRX;2022/10/16
43;Team Secret;2;1;CNJ Esports;2022/10/15
44;Team Secret;1;2;South Built Esports;2022/09/17
45;Team Secret;1;0;NAOS;2022/09/01
46;Team Secret;0;1;Rex Regum Qeon;2022/09/01
47;Team Secret;1;0;W Streak Esports;2022/09/01
48;Team Secret;1;2;ONIC G;2022/08/06
49;Team Secret;2;1;ORDER;2022/08/05
50;Team Secret;0;2;BLEED;2022/08/04
51;Team Secret;2;1;Made in Thailand;2022/08/02
52;Team Secret;1;2;XERXIA Esports;2022/06/26
53;Team Secret;0;2;Paper Rex;2022/06/25
54;Team Secret;2;0;ONIC G;2022/06/24
55;Team Secret;2;1;XERXIA Esports;2022/06/23
56;Team Secret;2;0;Fancy United Esports;2022/06/20
57;Team Secret;2;0;FW Esports;2022/06/18
58;Team Secret;0;2;BLEED;2022/06/16
59;Team Secret;3;1;Oasis Gaming;2022/05/29
60;Team Secret;2;0;Rex Regum Qeon;2022/05/28
61;Team Secret;2;0;South Built Esports;2022/05/26
62;Team Secret;0;2;Alpha Esports Pro;2022/05/22
63;Team Secret;2;1;NAOS;2022/05/21
64;Team Secret;2;0;Action PH;2022/05/20
65;Team Secret;2;0;Bren Esports;2022/05/18
66;Team Secret;2;1;Rex Regum Qeon;2022/05/14
67;Team Secret;2;0;Oasis Gaming;2022/05/13
68;Team Secret;2;1;South Built Esports;2022/05/12
69;Team Secret;2;0;DEFY Gaming;2022/05/08
70;Team Secret;1;2;Rex Regum Qeon;2022/05/07
71;Team Secret;2;1;Nigma Galaxy;2022/05/07
72;Team Secret;2;0;VOX One;2022/05/07
73;Team Secret;0;2;Oasis Gaming;2022/02/25
74;Team Secret;1;2;South Built Esports;2022/02/24
75;Team Secret;2;0;Action PH;2022/02/19
76;Team Secret;2;1;Bren Esports;2022/02/19
77;Team Secret;2;1;Oasis Gaming;2022/02/17
78;Team Secret;1;2;Action PH;2022/02/12
79;Team Secret;0;2;Bren Esports;2022/02/12
80;Team Secret;1;2;Oasis Gaming;2022/02/11
81;Team Secret;0;2;Acend;2021/12/08
82;Team Secret;2;0;Team Vikings;2021/12/07
83;Team Secret;2;0;Crazy Raccoon;2021/12/05
84;Team Secret;1;2;Gambit Esports;2021/12/02
85;Team Secret;0;3;South Built Esports;2021/11/12
86;Team Secret;2;1;Zeal Esports;2021/11/11
87;Team Secret;2;0;SV Empire;2021/11/10
88;Team Secret;1;2;South Built Esports;2021/10/24
89;Team Secret;1;2;Louvre;2021/10/09
90;Team Secret;2;0;Zeal Esports;2021/10/08
91;Team Secret;0;2;ONIC G;2021/10/07
92;Team Secret;1;0;SV Empire;2021/09/23
93;Team Secret;1;0;DR Esports;2021/09/23
94;Team Secret;3;0;Paper Rex;2021/08/22
95;Team Secret;2;0;Alter Ego;2021/08/22
96;Team Secret;1;2;Paper Rex;2021/08/21
97;Team Secret;2;0;Team Big BAAM;2021/08/20
98;Team Secret;2;0;CERBERUS Esports;2021/08/19
99;Team Secret;2;0;Sharper Esport;2021/08/15
100;Team Secret;2;0;EGO;2021/08/14
101;Team Secret;2;0;CBT Gaming;2021/08/13
102;Team Secret;3;1;Galaxy Racer;2021/07/11
103;Team Secret;2;1;SV Empire;2021/07/10
104;Team Secret;2;1;DR Esports;2021/07/09
105;Team Secret;0;2;ahq e-Sports Club;2020/08/21
106;Team Secret;1;0;Superdomineering;2020/08/19
107;Team Secret;1;0;Only One Word;2020/08/18
108;Team Secret;1;0;tAfz;2020/08/18
