;equipe;placar_casa;placar_visita;time_visita;data
0;Legacy;0;2;2Game Esports;2024/06/20
1;Legacy;2;0;SAGAZ;2024/06/14
2;Legacy;1;2;XLD Gaming;2024/06/11
3;Legacy;0;2;Stellae Gaming;2024/06/04
4;Legacy;1;2;Hero Base;2024/05/30
5;Legacy;2;0;TBK Esports;2024/05/28
6;Legacy;0;2;THE 7;2024/05/21
7;Legacy;0;2;Hero Base;2024/04/30
8;Legacy;2;0;Galorys;2024/04/14
9;Legacy;0;2;Hero Base;2024/04/12
10;Legacy;3;2;TBK Esports;2024/04/11
11;Legacy;2;0;XLD Gaming;2024/04/10
12;Legacy;0;2;TBK Esports;2024/04/09
13;Legacy;2;0;CO-OP.gg;2024/04/04
14;Legacy;0;2;Galorys;2024/03/27
15;Legacy;0;2;RED Canids;2024/03/19
16;Legacy;0;2;OLIMPO;2024/03/13
17;Legacy;2;0;XLD Gaming;2024/03/07
18;Legacy;0;2;2Game Esports;2024/03/05
19;Legacy;2;0;TBK Esports;2024/02/29
20;Legacy;0;2;Stellae Gaming;2024/02/22
21;Legacy;2;1;Hero Base;2024/02/14
22;Legacy;1;2;FURIA;2023/11/05
23;Legacy;2;0;MIBR;2023/10/22
24;Legacy;1;2;FURIA;2023/10/21
25;Legacy;2;1;The Union;2023/10/18
26;Legacy;2;0;MIBR;2023/10/16
27;Legacy;2;0;LOUD Inclusivo;2023/10/16
28;Legacy;0;1;SAGAZ;2023/09/26
29;Legacy;1;0;Intense Game;2023/09/26
30;Legacy;2;0;SAGAZ;2023/09/25
31;Legacy;2;1;SAGAZ;2023/09/25
32;Legacy;1;0;KG Network;2023/09/25
33;Legacy;1;0;timberknick;2023/09/25
34;Legacy;3;2;MIXX;2023/09/14
35;Legacy;2;0;Cleiteam;2023/09/13
36;Legacy;2;0;GOD'S PLAN;2023/09/12
37;Legacy;1;2;TBK Esports;2023/07/27
38;Legacy;2;0;Liberty;2023/06/16
39;Legacy;1;0;ODDIK;2023/06/15
40;Legacy;1;0;MIXX;2023/06/14
41;Legacy;2;0;LOUD Inclusivo;2023/06/11
42;Legacy;2;0;00Nation Fem;2023/06/10
43;Legacy;0;1;MEGAZORD;2023/06/09
44;Legacy;1;0;ODDIK Bright;2023/06/08
45;Legacy;0;1;AJF e-Sports;2023/06/07
46;Legacy;3;0;MIXX;2023/05/12
47;Legacy;3;2;Cardume;2023/05/09
48;Legacy;2;0;Smoke Troop;2023/05/05
49;Legacy;2;1;Peito Infinity;2023/05/05
50;Legacy;2;1;TOP GUN;2023/05/04
51;Legacy;0;2;os ponta firme;2023/05/02
52;Legacy;3;2;TOP GUN;2023/04/18
53;Legacy;1;0;MIXX;2023/04/13
54;Legacy;1;0;Smoke Troop;2023/04/12
55;Legacy;1;0;RD E-SPORTS;2023/04/12
56;Legacy;1;0;Arranca Dream v3;2023/04/12
57;Legacy;3;2;temp;2023/03/20
58;Legacy;2;1;MIXX;2023/03/19
59;Legacy;0;1;temp;2023/03/19
60;Legacy;1;0;OS GURI DA GERAL DO GREMIO;2023/03/16
61;Legacy;1;0;Cardume;2023/03/16
62;Legacy;1;0;OSKARAVELHO;2023/03/16
63;Legacy;1;2;Villa Mix Team;2023/02/25
64;Legacy;2;0;TotalePRO;2023/02/24
65;Legacy;2;0;TOP GUN;2023/02/24
66;Legacy;2;0;Cardume;2023/02/23
67;Legacy;2;1;os ponta firme;2023/02/23
68;Legacy;0;1;TotalePRO;2023/02/22
69;Legacy;1;0;MIXX;2023/02/22
70;Legacy;2;0;jelly e amigas;2023/02/15
71;Legacy;2;0;distribuidores de danone;2023/02/15
