;equipe;placar_casa;placar_visita;time_visita;data
0;Money First;1;2;RIMA GC;2024/04/02
1;Money First;0;2;BOBA;2024/04/01
2;Money First;2;1;Vandals;2024/03/29
3;Money First;2;0;Baby Poko;2024/03/29
4;Money First;0;2;BOBA;2024/03/28
5;Money First;2;0;BAS.Kitsune;2024/03/27
6;Money First;2;0;HIVE Athena;2024/03/27
7;Money First;2;0;Autterx Zera;2024/03/26
8;Money First;0;2;RRQ Kaguya;2023/10/14
9;Money First;0;2;Team SMG GC;2023/10/13
10;Money First;2;1;RRQ Kaguya;2023/10/11
11;Money First;2;0;Global Esports Phoenix;2023/10/10
12;Money First;0;2;RRQ Kaguya;2023/07/29
13;Money First;0;2;Team SMG GC;2023/07/29
14;Money First;2;0;RRQ Kaguya;2023/07/27
15;Money First;2;0;Orangutan X;2023/07/26
16;Money First;2;0;THE HERO KDA;2023/07/23
17;Money First;1;2;Team SMG GC;2023/07/23
18;Money First;2;0;SleepyValkyrie;2023/07/22
19;Money First;2;0;RRQ Kaguya;2023/07/22
20;Money First;2;0;Ai;2023/07/21
21;Money First;2;0;NYX Kyosei;2023/07/20
22;Money First;2;3;Team SMG GC;2023/06/10
23;Money First;2;0;Orangutan X;2023/06/09
24;Money First;1;2;Team SMG GC;2023/06/08
25;Money First;2;1;Orangutan X;2023/06/07
26;Money First;2;0;RRQ Kaguya;2023/06/06
27;Money First;0;2;Team SMG GC;2023/06/03
28;Money First;2;0;RRQ Kaguya;2023/06/03
29;Money First;2;0;Neons;2023/06/02
30;Money First;2;0;Sector Zero Sierra;2023/06/01
31;Money First;2;0;Amity Esports GC;2023/05/31
32;Money First;2;0;One Hit Delete;2023/05/30
33;Money First;1;2;BIGG SCYTHE;2023/03/17
34;Money First;0;2;Team SMG GC;2023/03/16
35;Money First;2;0;GO Cyrene;2023/03/15
36;Money First;0;2;Team SMG GC;2023/03/12
37;Money First;2;0;RRQ Kaguya;2023/03/12
38;Money First;2;0;GO Cyrene;2023/03/11
39;Money First;2;0;Never Forget Gaming GC;2023/03/11
40;Money First;2;0;Duality E-Sports Banshees;2023/03/10
41;Money First;2;0;BabyBeast Free Agent;2023/03/09
42;Money First;0;2;Shopify Rebellion GC;2022/11/18
43;Money First;2;1;KRÜ BLAZE;2022/11/17
44;Money First;0;2;G2 Gozen;2022/11/15
45;Money First;3;2;Alter Ego Celeste;2022/10/09
46;Money First;2;1;Alter Ego Celeste;2022/10/08
47;Money First;2;0;Team SMG GC;2022/10/01
48;Money First;2;0;Bren Esports Victress;2022/10/01
49;Money First;3;0;X Team Bo;2022/08/20
50;Money First;2;0;W Streak Esports Female;2022/08/18
51;Money First;2;0;ARF Starlight;2022/08/17
52;Money First;2;0;Not Your Business Female;2022/08/14
53;Money First;2;0;Demon Dogs Titania;2022/08/14
54;Money First;2;0;Hero Zero KDA;2022/08/13
55;Money First;1;2;Nigma Galaxy Female;2022/07/02
56;Money First;0;3;Orangutan X;2022/06/30
57;Money First;2;0;BIGG SCYTHE;2022/06/25
58;Money First;2;0;KAIDA;2022/06/25
59;Money First;1;2;Thirsts Red;2022/05/28
60;Money First;0;3;Alter Ego Celeste;2022/05/08
61;Money First;2;1;Bren Esports Victress;2022/05/07
62;Money First;2;0;Alter Ego Celeste;2022/05/06
63;Money First;2;1;FUMA Gaming;2022/05/05
64;Money First;2;0;Sovereign;2022/05/01
65;Money First;2;0;Gern Puimui;2022/05/01
66;Money First;2;1;Todak Female;2022/04/30
67;Money First;2;0;X Team Bo;2022/04/30
68;Money First;1;2;Bren Esports Victress;2022/04/09
69;Money First;2;0;Aresta;2022/04/09
70;Money First;2;0;Orangutan X;2022/04/08
71;Money First;0;2;Bren Esports Victress;2022/04/07
72;Money First;2;0;BIGG SCYTHE;2022/04/03
73;Money First;2;0;Duality E-Sports Banshees;2022/04/03
74;Money First;2;0;Team NvM;2022/04/02
75;Money First;2;0;Specifica Vittoria Empress;2022/04/02
76;Money First;2;3;Alter Ego Celeste;2022/03/06
77;Money First;2;0;The Capitol Arise;2022/03/06
78;Money First;0;2;Alter Ego Celeste;2022/03/05
79;Money First;2;0;Siomai and Friends - Meraki;2022/03/04
80;Money First;2;0;The Capitol Arise;2022/03/03
81;Money First;1;0;FW Lady;2022/02/27
82;Money First;1;0;TEAM IMPACT RED;2022/02/27
83;Money First;1;0;Eight Paths: Xyra;2022/02/26
84;Money First;1;3;Alter Ego Celeste;2021/10/31
85;Money First;2;0;Renatus White;2021/10/31
86;Money First;0;2;Alter Ego Celeste;2021/10/30
87;Money First;2;0;Nigma Galaxy Female;2021/10/24
88;Money First;2;0;BIGG SCYTHE;2021/10/23
89;Money First;3;1;Asteria;2021/10/02
90;Money First;2;0;Lightality Estelle;2021/10/02
91;Money First;2;0;Chill Lang;2021/10/01
92;Money First;1;0;FIVE M NO.1;2021/09/26
93;Money First;1;0;BBBG;2021/09/26
94;Money First;1;0;Aricat.Junior;2021/09/26
95;Money First;0;1;FIVE M NO.1;2021/09/26
96;Money First;1;0;Cerulean Sentinel Esports White;2021/09/25
