;equipe;placar_casa;placar_visita;time_visita;data
0;Hero Base;1;2;TBK Esports;2024/06/13
1;Hero Base;0;2;Stellae Gaming;2024/06/12
2;Hero Base;2;0;Galorys;2024/06/05
3;Hero Base;2;1;Legacy;2024/05/30
4;Hero Base;2;1;SAGAZ;2024/05/28
5;Hero Base;2;0;RED Canids;2024/05/21
6;Hero Base;3;1;RED Canids;2024/05/02
7;Hero Base;2;0;2Game Esports;2024/05/01
8;Hero Base;2;0;Legacy;2024/04/30
9;Hero Base;2;1;Stellae Gaming;2024/04/14
10;Hero Base;0;2;2Game Esports;2024/04/13
11;Hero Base;2;0;Legacy;2024/04/12
12;Hero Base;2;0;XLD Gaming;2024/04/03
13;Hero Base;2;0;CO-OP.gg;2024/03/27
14;Hero Base;1;2;2Game Esports;2024/03/20
15;Hero Base;0;2;Galorys;2024/03/12
16;Hero Base;2;1;TBK Esports;2024/03/08
17;Hero Base;2;1;RED Canids;2024/03/06
18;Hero Base;2;0;Stellae Gaming;2024/02/28
19;Hero Base;2;0;OLIMPO;2024/02/21
20;Hero Base;1;2;Legacy;2024/02/14
21;Hero Base;1;2;XIT;2023/10/18
22;Hero Base;2;1;Arca do Marlow;2023/10/16
23;Hero Base;2;0;Brasil 2002;2023/10/16
24;Hero Base;0;2;M80;2023/07/08
25;Hero Base;1;2;The Guard;2023/07/05
26;Hero Base;2;0;FUSION;2023/07/04
27;Hero Base;2;0;FUSION;2023/07/02
28;Hero Base;2;0;M80;2023/06/30
29;Hero Base;3;0;00Nation;2023/06/04
30;Hero Base;2;0;00Nation;2023/06/02
31;Hero Base;2;0;ODDIK;2023/05/31
32;Hero Base;2;1;RED Canids;2023/05/17
33;Hero Base;2;0;TBK Esports;2023/05/11
34;Hero Base;2;1;ODDIK;2023/05/03
35;Hero Base;2;0;TropiCaos;2023/04/27
36;Hero Base;2;1;00Nation;2023/04/19
37;Hero Base;2;1;Liberty;2023/04/13
38;Hero Base;2;1;Keyd Stars;2023/04/05
39;Hero Base;3;1;Keyd Stars;2023/03/19
40;Hero Base;2;1;RED Canids;2023/03/17
41;Hero Base;2;1;Keyd Stars;2023/03/15
42;Hero Base;2;0;TropiCaos;2023/03/08
43;Hero Base;0;2;ODDIK;2023/02/28
44;Hero Base;2;0;RED Canids;2023/02/21
45;Hero Base;1;2;TBK Esports;2023/02/08
46;Hero Base;2;1;Liberty;2023/02/02
47;Hero Base;2;1;Keyd Stars;2023/01/26
48;Hero Base;2;1;00Nation;2023/01/19
49;Hero Base;3;2;TropiCaos;2022/12/12
50;Hero Base;2;0;Tuzzy E-Sports;2022/12/11
51;Hero Base;2;0;Flamengo Esports;2022/12/10
52;Hero Base;2;0;Tropa do José;2022/12/03
53;Hero Base;2;0;GAMESKILL;2022/12/03
54;Hero Base;2;0;Numb;2022/12/03
55;Hero Base;3;2;Tuzzy E-Sports;2022/09/21
56;Hero Base;2;1;REiGN;2022/09/20
57;Hero Base;2;1;DELIRA;2022/09/15
58;Hero Base;2;1;Laboratorio do Leozin;2022/09/14
59;Hero Base;0;2;MIBR;2022/08/27
60;Hero Base;2;1;Rise Gaming;2022/08/26
61;Hero Base;2;1;DELIRA;2022/08/05
62;Hero Base;2;1;Team Liquid Brazil;2022/08/04
63;Hero Base;0;1;puGG;2022/08/03
64;Hero Base;1;0;Gamelanders Purple;2022/08/02
65;Hero Base;0;1;Rise Gaming;2022/08/01
66;Hero Base;1;0;REiGN;2022/07/27
67;Hero Base;1;0;Rise Gaming;2022/07/26
68;Hero Base;1;0;Team Brave Soldiers;2022/07/25
69;Hero Base;0;2;DELIRA;2022/07/21
70;Hero Base;2;0;Team Brave Soldiers;2022/07/20
71;Hero Base;2;1;puGG;2022/07/19
72;Hero Base;1;2;REiGN;2022/07/18
73;Hero Base;0;3;DELIRA;2022/07/01
74;Hero Base;2;0;Tropinha do TIKTOK 2.0;2022/06/30
75;Hero Base;2;1;clan dos jogos;2022/06/29
76;Hero Base;2;1;GodBlessUs;2022/06/23
77;Hero Base;2;1;neia mello;2022/06/23
78;Hero Base;3;1;Rise Gaming;2022/06/20
79;Hero Base;2;1;DELIRA;2022/06/19
80;Hero Base;2;0;Supremacyy;2022/06/18
81;Hero Base;0;2;Rise Gaming;2022/06/18
82;Hero Base;2;0;REiGN;2022/06/17
83;Hero Base;0;1;DELIRA;2022/06/12
84;Hero Base;1;0;Laboratorio do Leozin;2022/06/11
85;Hero Base;1;0;Supremacyy;2022/06/11
86;Hero Base;1;0;Unemployed;2022/06/11
87;Hero Base;2;1;OSKARAVELHO;2022/06/09
88;Hero Base;1;0;KGB;2022/06/08
89;Hero Base;1;2;Laboratorio do Leozin;2022/06/07
90;Hero Base;1;0;SEMORGAINDA;2022/06/06
91;Hero Base;0;1;Rise Gaming;2022/05/11
92;Hero Base;0;2;OS GURI DA GERAL DO GREMIO;2022/05/10
93;Hero Base;1;0;Hype Ninjas;2022/05/09
