;equipe;placar_casa;placar_visita;time_visita;data
0;BOOM Esports;2;0;THE HERO DETA;2024/06/21
1;BOOM Esports;2;0;Le Crapaud;2024/06/20
2;BOOM Esports;2;0;Bigetron Arctic;2024/06/14
3;BOOM Esports;2;0;DIS Esports;2024/06/12
4;BOOM Esports;0;3;Alter Ego;2024/03/31
5;BOOM Esports;3;0;ARF TEAM;2024/03/30
6;BOOM Esports;0;2;Alter Ego;2024/03/29
7;BOOM Esports;2;0;MABUHAY;2024/03/27
8;BOOM Esports;2;1;Alter Ego;2024/03/10
9;BOOM Esports;2;0;5 Clown;2024/03/08
10;BOOM Esports;2;0;THE HERO;2024/03/03
11;BOOM Esports;2;0;ARF TEAM;2024/03/02
12;BOOM Esports;2;0;MABUHAY;2024/02/29
13;BOOM Esports;0;1;FAV gaming;2024/01/13
14;BOOM Esports;1;0;ZOL Esports;2024/01/11
15;BOOM Esports;1;0;Exceeli Esports;2024/01/11
16;BOOM Esports;1;0;Team NKT;2024/01/11
17;BOOM Esports;3;0;ARF TEAM;2023/11/19
18;BOOM Esports;2;0;ARF TEAM;2023/11/18
19;BOOM Esports;1;0;APAC Slayer;2023/11/18
20;BOOM Esports;0;2;Fancy United Esports;2023/11/05
21;BOOM Esports;2;0;tryingourbest;2023/11/04
22;BOOM Esports;2;0;PUNDAMONIUM;2023/11/03
23;BOOM Esports;1;2;Fancy United Esports;2023/11/02
24;BOOM Esports;2;0;tryingourbest;2023/10/30
25;BOOM Esports;1;2;BLEED;2023/07/08
26;BOOM Esports;2;0;Bonkers;2023/07/07
27;BOOM Esports;2;1;XERXIA Esports;2023/07/03
28;BOOM Esports;1;2;NAOS;2023/07/02
29;BOOM Esports;2;0;Fancy United Esports;2023/06/30
30;BOOM Esports;1;2;ONE Team Esports;2023/06/29
31;BOOM Esports;3;1;Dominatus;2023/06/04
32;BOOM Esports;3;0;Alter Ego;2023/06/03
33;BOOM Esports;0;2;Dominatus;2023/06/02
34;BOOM Esports;2;0;Alter Ego;2023/05/31
35;BOOM Esports;2;0;Bigetron Arctic;2023/05/23
36;BOOM Esports;2;0;Dewa United Esports;2023/05/17
37;BOOM Esports;2;0;Dominatus;2023/04/12
38;BOOM Esports;2;0;Le Crapaud;2023/04/05
39;BOOM Esports;0;2;ARF TEAM;2023/04/04
40;BOOM Esports;1;2;Alter Ego;2023/03/31
41;BOOM Esports;2;0;Hike Digital Esports;2023/03/28
42;BOOM Esports;2;3;Bigetron Arctic;2023/03/12
43;BOOM Esports;3;1;ARF TEAM;2023/03/11
44;BOOM Esports;1;2;Bigetron Arctic;2023/03/10
45;BOOM Esports;2;1;ARF TEAM;2023/03/08
46;BOOM Esports;1;2;Bigetron Arctic;2023/02/26
47;BOOM Esports;2;1;Alter Ego;2023/02/25
48;BOOM Esports;2;1;ARF TEAM;2023/02/17
49;BOOM Esports;2;0;Dewa United Esports;2023/02/10
50;BOOM Esports;2;0;Dominatus;2023/02/09
51;BOOM Esports;2;0;Hike Digital Esports;2023/01/27
52;BOOM Esports;2;0;Hero Zero ANUBIS;2023/01/21
53;BOOM Esports;2;3;BLEED;2022/12/24
54;BOOM Esports;2;1;Bigetron Arctic;2022/02/25
55;BOOM Esports;1;2;ONIC G;2022/02/24
56;BOOM Esports;2;0;Dewa United Esports;2022/02/23
57;BOOM Esports;2;0;Bigetron Arctic;2022/02/18
58;BOOM Esports;2;0;Team Frog;2022/02/11
59;BOOM Esports;1;3;ONIC G;2022/01/16
60;BOOM Esports;2;1;shiba n the homies;2022/01/15
61;BOOM Esports;2;0;ONIC G;2022/01/14
62;BOOM Esports;2;1;Bren Esports;2022/01/13
63;BOOM Esports;2;0;Nine Esport;2022/01/09
64;BOOM Esports;2;0;VVV;2021/04/17
65;BOOM Esports;3;2;Alter Ego;2021/04/04
66;BOOM Esports;2;0;Morph Impact;2021/04/03
67;BOOM Esports;2;1;KINGSLAYERS;2021/04/02
68;BOOM Esports;1;2;Team SMG;2021/03/20
69;BOOM Esports;2;1;Bren Esports;2021/03/19
70;BOOM Esports;3;0;Alter Ego;2021/03/14
71;BOOM Esports;2;0;ONIC G;2021/03/13
72;BOOM Esports;2;0;ANARCHY;2021/03/12
73;BOOM Esports;1;3;NXL LIGAGAME;2021/02/28
74;BOOM Esports;2;1;Alter Ego;2021/02/27
75;BOOM Esports;2;0;WOLFPACK;2021/02/26
76;BOOM Esports;3;2;Alter Ego;2021/02/07
77;BOOM Esports;2;0;Seniman Grooming;2021/02/06
78;BOOM Esports;2;0;NXL LIGAGAME;2021/02/06
79;BOOM Esports;1;0;Ethereal;2021/01/31
80;BOOM Esports;1;0;MORTIX;2021/01/30
81;BOOM Esports;1;2;NG.Black;2021/01/16
82;BOOM Esports;1;2;Morph Impact;2021/01/09
83;BOOM Esports;2;1;Morph Impact;2021/01/09
84;BOOM Esports;2;0;NXL LIGAGAME;2021/01/08
85;BOOM Esports;2;1;Somnium Esports;2021/01/07
86;BOOM Esports;0;2;Morph Impact;2020/12/06
87;BOOM Esports;0;2;NXL LIGAGAME;2020/12/05
88;BOOM Esports;2;0;ex-Reckless Lads;2020/12/04
89;BOOM Esports;2;0;Grimz Esports;2020/12/02
90;BOOM Esports;0;3;Alter Ego;2020/11/27
91;BOOM Esports;2;1;Attack All Around;2020/11/27
92;BOOM Esports;0;2;Alter Ego;2020/11/26
93;BOOM Esports;2;0;Todak;2020/11/25
94;BOOM Esports;2;0;Sharper Esport;2020/11/24
95;BOOM Esports;2;0;Elecbossa;2020/11/19
96;BOOM Esports;2;0;Paper Rex;2020/11/17
97;BOOM Esports;1;2;Attack All Around;2020/09/26
98;BOOM Esports;1;0;BlackBird Ignis;2020/09/26
99;BOOM Esports;1;2;MiTH.Attitude;2020/09/26
100;BOOM Esports;2;1;BlackBird Ignis;2020/09/25
101;BOOM Esports;2;0;Armory Gaming;2020/09/23
102;BOOM Esports;2;0;Todak;2020/09/23
103;BOOM Esports;2;0;Rex Regum Qeon;2020/09/23
104;BOOM Esports;1;2;Team SMG;2020/08/21
105;BOOM Esports;1;0;MOTV;2020/08/19
