;equipe;placar_casa;placar_visita;time_visita;data
0;TAMU Maroon;3;1;UST Esports;2024/06/09
1;TAMU Maroon;3;1;Blinn;2024/06/01
2;TAMU Maroon;0;3;UST Esports;2024/05/25
3;TAMU Maroon;2;0;Fisher Falcons;2024/05/19
4;TAMU Maroon;2;0;UTA Esports;2023/04/13
5;TAMU Maroon;2;0;UT Austin Academy;2023/04/10
6;TAMU Maroon;1;2;UAESA Green;2023/04/06
7;TAMU Maroon;1;0;UTA Esports;2023/04/06
8;TAMU Maroon;1;0;UO Green;2023/04/05
9;TAMU Maroon;2;0;RRG Orange at UTSA;2023/04/02
10;TAMU Maroon;2;0;Kansas State Varsity;2023/04/01
11;TAMU Maroon;1;2;Blinn;2023/02/21
12;TAMU Maroon;1;2;UST Esports;2023/02/19
13;TAMU Maroon;2;0;Ottawa Braves;2023/02/18
14;TAMU Maroon;2;0;OKWU Eagles;2023/02/12
15;TAMU Maroon;2;0;Kansas State Varsity;2023/02/10
16;TAMU Maroon;3;0;UWaterloo Gold;2023/01/06
17;TAMU Maroon;2;1;Fisher Navy;2023/01/05
18;TAMU Maroon;2;0;FIU Varsity;2023/01/05
19;TAMU Maroon;2;1;TMU Blue;2023/01/04
20;TAMU Maroon;1;0;CGC UIC;2023/01/04
21;TAMU Maroon;1;0;Niner Esports;2023/01/04
22;TAMU Maroon;0;3;Blinn;2022/12/11
23;TAMU Maroon;0;3;Northwood University;2022/12/05
24;TAMU Maroon;3;1;UT Dallas;2022/12/03
25;TAMU Maroon;2;0;CGC UIC;2022/11/29
26;TAMU Maroon;0;1;UH Premiere;2022/11/26
