;equipe;placar_casa;placar_visita;time_visita;data
0;Fisher Navy;0;2;Fisher Tea Party;2024/04/27
1;Fisher Navy;1;2;Fisher Falcons;2024/04/21
2;Fisher Navy;2;0;TMU Blue;2024/04/20
3;Fisher Navy;2;1;West Virginia University;2024/04/14
4;Fisher Navy;2;0;James Madison University;2024/04/13
5;Fisher Navy;3;1;Fisher Falcons;2024/03/03
6;Fisher Navy;3;0;Winthrop University;2024/02/24
7;Fisher Navy;2;0;York University Red;2024/02/18
8;Fisher Navy;2;0;University of Virginia;2024/02/17
9;Fisher Navy;2;0;SJSU Blue;2023/12/17
10;Fisher Navy;2;0;SJSU Blue;2023/12/16
11;Fisher Navy;2;1;Blinn;2023/12/15
12;Fisher Navy;2;0;TAMU Maroon;2023/12/15
13;Fisher Navy;0;3;Winthrop University;2023/12/10
14;Fisher Navy;3;0;Fisher Tea Party;2023/12/09
15;Fisher Navy;3;1;Blinn;2023/12/04
16;Fisher Navy;2;1;TMU Blue;2023/12/03
17;Fisher Navy;2;0;West Virginia University;2023/12/02
18;Fisher Navy;2;0;Mizzou Esports;2023/11/28
19;Fisher Navy;2;0;Concordia University;2023/04/02
20;Fisher Navy;2;0;NJIT Highlanders Red;2023/04/01
21;Fisher Navy;3;1;FIU Varsity;2023/03/05
22;Fisher Navy;3;1;Winthrop University;2023/02/25
23;Fisher Navy;2;0;Fisher Tea Party;2023/02/19
24;Fisher Navy;2;0;FIU Varsity;2023/02/17
25;Fisher Navy;2;0;GMU Patriots;2023/02/13
26;Fisher Navy;2;0;UGA Black;2023/02/10
27;Fisher Navy;1;2;TAMU Maroon;2023/01/05
28;Fisher Navy;2;0;Boise State University;2023/01/05
29;Fisher Navy;2;0;Converse Purple;2023/01/04
30;Fisher Navy;1;0;uOttawa Garnet;2023/01/04
31;Fisher Navy;1;0;Ole Miss Red;2023/01/04
32;Fisher Navy;2;3;Winthrop University;2022/12/10
33;Fisher Navy;3;0;St. Clair Saints;2022/12/05
34;Fisher Navy;2;1;uOttawa Garnet;2022/12/04
35;Fisher Navy;2;0;Fisher Tea Party;2022/12/03
36;Fisher Navy;2;1;UAESA Green;2022/12/01
37;Fisher Navy;2;1;uOttawa Garnet;2022/11/29
38;Fisher Navy;1;2;Northwood University;2022/11/20
39;Fisher Navy;1;0;CPP Black;2022/11/20
40;Fisher Navy;1;0;West Virginia University;2022/11/20
41;Fisher Navy;2;0;BSC Bobcats VA;2022/11/20
42;Fisher Navy;1;2;Converse Purple;2022/11/19
43;Fisher Navy;2;1;UH Premiere;2022/11/17
44;Fisher Navy;2;1;FIU Varsity;2022/11/16
45;Fisher Navy;2;0;OSU Scarlet;2022/11/15
46;Fisher Navy;2;0;SNHU Blue;2022/11/14
47;Fisher Navy;2;0;OTSU Esports Varsity;2022/11/13
48;Fisher Navy;2;0;West Virginia University;2022/11/12
49;Fisher Navy;2;0;Cornell Varsity A;2022/11/12
