;equipe;placar_casa;placar_visita;time_visita;data
0;G2 Esports;0;3;Team Heretics;2024/06/08
1;G2 Esports;0;2;Gen.G;2024/06/07
2;G2 Esports;2;1;Team Heretics;2024/06/02
3;G2 Esports;2;1;Paper Rex;2024/05/31
4;G2 Esports;2;1;Team Heretics;2024/05/25
5;G2 Esports;2;1;T1;2024/05/23
6;G2 Esports;0;3;100 Thieves;2024/05/12
7;G2 Esports;3;2;Leviatán;2024/05/11
8;G2 Esports;1;2;100 Thieves;2024/05/10
9;G2 Esports;2;0;KRÜ Esports;2024/05/09
10;G2 Esports;2;0;Cloud9;2024/05/08
11;G2 Esports;0;2;LOUD;2024/05/05
12;G2 Esports;2;0;MIBR;2024/04/27
13;G2 Esports;1;2;Leviatán;2024/04/24
14;G2 Esports;2;0;FURIA;2024/04/22
15;G2 Esports;0;2;100 Thieves;2024/04/13
16;G2 Esports;2;0;Evil Geniuses;2024/04/07
17;G2 Esports;2;1;Sentinels;2024/02/26
18;G2 Esports;1;2;MIBR;2024/02/26
19;G2 Esports;2;0;KRÜ Esports;2024/02/25
20;G2 Esports;0;2;Evil Geniuses;2024/02/24
21;G2 Esports;2;1;KRÜ Esports;2024/02/18
22;G2 Esports;0;2;Oxygen Esports;2023/11/03
23;G2 Esports;2;0;Moist x Shopify;2023/11/02
24;G2 Esports;0;2;Sentinels;2023/11/02
25;G2 Esports;1;2;Oxygen Esports;2023/11/01
26;G2 Esports;1;2;Sentinels;2023/10/26
27;G2 Esports;3;1;M80;2023/07/09
28;G2 Esports;2;1;The Union;2023/07/05
29;G2 Esports;2;0;M80;2023/07/04
30;G2 Esports;2;0;9z Team;2023/07/02
31;G2 Esports;2;0;00Nation;2023/07/01
32;G2 Esports;1;3;M80;2023/06/10
33;G2 Esports;3;0;Moist Moguls;2023/06/09
34;G2 Esports;2;0;Oxygen Esports;2023/06/08
35;G2 Esports;2;0;G2 Esports;2023/06/07
36;G2 Esports;2;1;Shopify Rebellion;2023/06/03
37;G2 Esports;0;2;Moist Moguls;2023/06/02
38;G2 Esports;2;0;FaZe Clan;2023/06/01
39;G2 Esports;0;2;Oxygen Esports;2023/05/31
40;G2 Esports;2;0;G2 Esports;2023/05/17
41;G2 Esports;2;0;MAD Lions;2023/05/12
42;G2 Esports;1;2;FaZe Clan;2023/05/10
43;G2 Esports;1;2;MAD Lions;2023/05/05
44;G2 Esports;1;2;Moist Moguls;2023/05/04
45;G2 Esports;2;0;OREsports;2023/04/27
46;G2 Esports;1;2;Moist Moguls;2023/04/26
47;G2 Esports;1;2;OREsports;2023/04/20
48;G2 Esports;2;0;FaZe Clan;2023/04/19
49;G2 Esports;1;3;M80;2023/03/31
50;G2 Esports;1;2;G2 Esports;2023/03/30
51;G2 Esports;2;1;Oxygen Esports;2023/03/30
52;G2 Esports;2;0;Moist Moguls;2023/03/30
53;G2 Esports;1;2;M80;2023/03/29
54;G2 Esports;2;0;FaZe Clan;2023/03/28
55;G2 Esports;2;1;Oxygen Esports;2023/03/24
56;G2 Esports;1;2;Oxygen Esports;2023/03/23
57;G2 Esports;2;0;FaZe Clan;2023/03/23
58;G2 Esports;2;0;Shopify Rebellion;2023/03/17
59;G2 Esports;2;0;M80;2023/03/15
60;G2 Esports;2;0;MAD Lions;2023/03/09
61;G2 Esports;0;2;Turtle Troop;2023/03/09
62;G2 Esports;2;0;Oxygen Esports;2023/02/28
63;G2 Esports;0;2;TSM;2023/02/27
64;G2 Esports;2;1;BreakThru;2023/02/10
65;G2 Esports;2;0;OREsports;2023/02/08
66;G2 Esports;2;0;Disguised;2023/02/01
67;G2 Esports;2;1;FaZe Clan;2023/02/01
68;G2 Esports;2;1;TSM;2023/01/15
69;G2 Esports;1;0;Sentinels;2023/01/14
70;G2 Esports;2;1;T1;2023/01/14
71;G2 Esports;0;3;100 Thieves;2022/08/14
72;G2 Esports;2;0;FaZe Clan;2022/08/12
73;G2 Esports;2;0;Cloud9;2022/08/06
74;G2 Esports;2;1;Sentinels;2022/08/04
75;G2 Esports;1;2;DarkZero Esports;2022/07/07
76;G2 Esports;1;2;SoaR;2022/07/07
77;G2 Esports;2;1;Lenny Time;2022/07/06
78;G2 Esports;2;1;The Ganaccis;2022/07/06
79;G2 Esports;2;0;DawN;2022/07/05
80;G2 Esports;1;0;BASED;2022/07/05
81;G2 Esports;1;0;Heretics;2022/07/05
82;G2 Esports;1;2;NRG Esports;2022/06/11
83;G2 Esports;1;2;XSET;2022/06/03
84;G2 Esports;2;0;TSM;2022/05/27
85;G2 Esports;1;2;Ghost Gaming;2022/05/20
86;G2 Esports;0;2;100 Thieves;2022/05/13
87;G2 Esports;0;2;Paper Rex;2022/04/16
88;G2 Esports;1;2;OpTic Gaming;2022/04/15
89;G2 Esports;3;2;OpTic Gaming;2022/03/27
90;G2 Esports;3;0;Cloud9;2022/03/26
91;G2 Esports;0;2;OpTic Gaming;2022/03/25
92;G2 Esports;2;0;Luminosity;2022/03/19
93;G2 Esports;2;0;Sentinels;2022/03/18
94;G2 Esports;1;2;Cloud9;2022/03/11
95;G2 Esports;2;0;Evil Geniuses;2022/03/04
96;G2 Esports;2;1;XSET;2022/02/26
97;G2 Esports;2;1;100 Thieves;2022/02/20
98;G2 Esports;2;0;Luminosity;2022/02/12
99;G2 Esports;0;2;Knights;2022/02/09
100;G2 Esports;2;0;XSET;2022/02/08
101;G2 Esports;1;0;Team Assent;2022/02/08
102;G2 Esports;2;0;Zero MarksMen Black;2022/02/07
103;G2 Esports;2;0;303 Esports;2022/02/07
104;G2 Esports;0;1;Zero MarksMen Black;2022/02/07
105;G2 Esports;2;0;Akrew;2022/01/30
106;G2 Esports;0;2;XSET;2022/01/29
107;G2 Esports;2;1;Knights;2022/01/29
108;G2 Esports;2;0;Luminosity;2022/01/28
109;G2 Esports;2;1;FaZe Clan;2022/01/28
110;G2 Esports;2;0;mozzy;2022/01/27
111;G2 Esports;2;0;Goofy Gremlins;2022/01/27
112;G2 Esports;2;0;Third Impact;2022/01/19
113;G2 Esports;2;1;T1;2022/01/19
114;G2 Esports;2;0;Elysium;2022/01/18
115;G2 Esports;2;0;Project A;2022/01/18
116;G2 Esports;2;0;Gx;2022/01/17
117;G2 Esports;1;0;Balanced Esports;2022/01/17
118;G2 Esports;1;0;Free Fall;2022/01/17
119;G2 Esports;0;2;Zero MarksMen Black;2021/12/19
120;G2 Esports;2;0;Christians Rottweilers;2021/12/19
121;G2 Esports;0;2;ex-FLICKBAITERS;2021/11/30
122;G2 Esports;1;0;SoaR;2021/11/29
123;G2 Esports;1;0;Border Monsters;2021/11/29
124;G2 Esports;1;0;IlluZion;2021/11/29
125;G2 Esports;1;0;Resonate;2021/11/26
126;G2 Esports;0;1;Cosmic Divide;2021/11/26
127;G2 Esports;1;0;Team Volted;2021/11/26
