;equipe;placar_casa;placar_visita;time_visita;data
0;Fancy United Esports;2;0;LAZY;2024/06/14
1;Fancy United Esports;2;0;Rapid Lofi;2024/06/12
2;Fancy United Esports;0;3;Team Flash;2024/03/13
3;Fancy United Esports;2;0;Team Flash;2024/03/10
4;Fancy United Esports;2;1;Rapid Lofi;2024/03/08
5;Fancy United Esports;2;0;LAZY;2024/02/23
6;Fancy United Esports;2;0;Rapid Lofi;2024/02/16
7;Fancy United Esports;1;2;EDward Gaming;2023/12/08
8;Fancy United Esports;0;2;Team Liquid;2023/12/06
9;Fancy United Esports;0;2;Made in Thailand;2023/11/19
10;Fancy United Esports;0;2;XERXIA Esports;2023/11/18
11;Fancy United Esports;2;1;Oasis Gaming;2023/11/05
12;Fancy United Esports;2;0;BOOM Esports;2023/11/05
13;Fancy United Esports;0;2;Oasis Gaming;2023/11/04
14;Fancy United Esports;2;1;BOOM Esports;2023/11/02
15;Fancy United Esports;2;0;Dominatus;2023/10/30
16;Fancy United Esports;1;3;Tài Năng Trẻ;2023/10/21
17;Fancy United Esports;2;0;Sneaker Daily;2023/10/18
18;Fancy United Esports;1;2;Tài Năng Trẻ;2023/10/17
19;Fancy United Esports;2;0;Sneaker Daily;2023/10/17
20;Fancy United Esports;0;2;SCARZ;2023/07/07
21;Fancy United Esports;2;0;ONE Team Esports;2023/07/02
22;Fancy United Esports;0;2;BOOM Esports;2023/06/30
23;Fancy United Esports;2;0;XERXIA Esports;2023/06/29
24;Fancy United Esports;1;2;NAOS;2023/06/28
25;Fancy United Esports;3;2;LAZY;2023/06/04
26;Fancy United Esports;2;0;LAZY;2023/06/03
27;Fancy United Esports;2;0;Team Big BAAM;2023/06/02
28;Fancy United Esports;2;0;LAZY;2023/05/26
29;Fancy United Esports;2;0;TwoKay;2023/04/20
30;Fancy United Esports;2;0;The Mad Men;2023/04/19
31;Fancy United Esports;1;2;Tim Tài Trơ;2023/04/14
32;Fancy United Esports;2;0;Rapid Lofi;2023/04/11
33;Fancy United Esports;2;0;Team Big BAAM;2023/04/07
34;Fancy United Esports;2;0;Syko;2023/04/04
35;Fancy United Esports;3;1;Team Big BAAM;2023/03/12
36;Fancy United Esports;2;0;Tim Tài Trơ;2023/03/11
37;Fancy United Esports;2;0;Team Big BAAM;2023/03/10
38;Fancy United Esports;2;0;LAZY;2023/03/02
39;Fancy United Esports;2;0;TwoKay;2023/02/25
40;Fancy United Esports;2;0;Mekong Gaming;2023/02/24
41;Fancy United Esports;2;1;Tim Tài Trơ;2023/02/19
42;Fancy United Esports;2;0;Rapid Lofi;2023/02/16
43;Fancy United Esports;2;1;Team Big BAAM;2023/02/10
44;Fancy United Esports;2;0;VICTORY;2023/02/07
45;Fancy United Esports;3;0;Team Big BAAM;2022/12/18
46;Fancy United Esports;2;0;Tim Tài Trơ;2022/12/11
47;Fancy United Esports;2;0;Team Big BAAM;2022/12/10
48;Fancy United Esports;1;2;Bigetron Arctic;2022/12/01
49;Fancy United Esports;1;0;BLEED;2022/11/30
50;Fancy United Esports;0;1;XERXIA Esports;2022/11/30
51;Fancy United Esports;1;0;Dewa United Esports;2022/11/30
52;Fancy United Esports;0;1;Made in Thailand;2022/11/12
53;Fancy United Esports;1;0;Sharper Esport;2022/11/11
54;Fancy United Esports;1;0;Todak;2022/11/10
55;Fancy United Esports;0;1;NAOS;2022/11/09
56;Fancy United Esports;0;2;Made in Thailand;2022/11/06
57;Fancy United Esports;2;0;Sharper Esport;2022/11/05
58;Fancy United Esports;2;0;luminescent;2022/11/05
59;Fancy United Esports;1;0;Reddot;2022/11/04
60;Fancy United Esports;1;2;Made in Thailand;2022/10/28
61;Fancy United Esports;2;0;NAOS;2022/10/27
62;Fancy United Esports;1;2;South Built Esports;2022/10/26
63;Fancy United Esports;2;0;X10 Esports;2022/10/25
64;Fancy United Esports;1;3;BLEED;2022/10/13
65;Fancy United Esports;3;1;Revenant Esports;2022/10/11
66;Fancy United Esports;0;1;Alter Ego;2022/10/09
67;Fancy United Esports;1;0;Global Esports;2022/10/09
68;Fancy United Esports;1;0;XERXIA Esports;2022/10/08
69;Fancy United Esports;1;0;Velocity Gaming;2022/10/07
70;Fancy United Esports;1;0;BLEED;2022/10/07
71;Fancy United Esports;1;0;Estar Esports;2022/10/06
72;Fancy United Esports;0;1;Revenant Esports;2022/10/05
73;Fancy United Esports;2;1;NAOS;2022/10/03
74;Fancy United Esports;2;1;Todak;2022/10/02
75;Fancy United Esports;1;0;Equinox Esports;2022/09/30
76;Fancy United Esports;1;2;Made in Thailand;2022/08/03
77;Fancy United Esports;0;2;ORDER;2022/08/01
78;Fancy United Esports;0;2;Team Secret;2022/06/20
79;Fancy United Esports;1;2;BLEED;2022/06/19
80;Fancy United Esports;2;1;FW Esports;2022/06/15
81;Fancy United Esports;3;0;CERBERUS Esports;2022/05/29
82;Fancy United Esports;2;0;Team Big BAAM;2022/05/29
83;Fancy United Esports;2;0;Team Ronin;2022/05/28
84;Fancy United Esports;2;1;UBT Esports;2022/05/28
85;Fancy United Esports;0;2;Brave Wolves;2022/05/26
86;Fancy United Esports;2;0;Nghiện Thêm Lần Nữ;2022/05/22
87;Fancy United Esports;0;2;Team Big BAAM;2022/05/21
88;Fancy United Esports;2;0;Team Ronin;2022/05/20
89;Fancy United Esports;0;2;UBT Esports;2022/05/15
90;Fancy United Esports;0;2;CERBERUS Esports;2022/05/14
91;Fancy United Esports;1;2;Brave Wolves;2022/05/13
92;Fancy United Esports;2;0;VICTORY;2022/05/12
93;Fancy United Esports;3;2;UBT Esports;2022/03/31
94;Fancy United Esports;2;0;CERBERUS Esports;2022/03/30
95;Fancy United Esports;2;1;Team Big BAAM;2022/03/29
96;Fancy United Esports;2;0;OK;2022/03/28
97;Fancy United Esports;0;2;Bonkers;2022/03/18
98;Fancy United Esports;0;2;Paper Rex;2022/03/17
99;Fancy United Esports;2;0;Griffin E-Sports;2022/03/13
100;Fancy United Esports;2;0;Global Esports;2022/03/12
101;Fancy United Esports;0;2;No Namers;2022/03/10
102;Fancy United Esports;2;3;CERBERUS Esports;2022/02/27
103;Fancy United Esports;2;1;Team Big BAAM;2022/02/27
104;Fancy United Esports;1;2;CERBERUS Esports;2022/02/26
105;Fancy United Esports;2;0;OK;2022/02/25
106;Fancy United Esports;2;0;Fenix Gaming;2022/02/24
107;Fancy United Esports;2;0;chiu;2022/02/18
108;Fancy United Esports;2;1;Brave Wolves;2022/02/12
109;Fancy United Esports;0;1;Nerx;2022/01/22
110;Fancy United Esports;1;0;0Zero;2022/01/22
111;Fancy United Esports;1;2;Todak;2022/01/22
112;Fancy United Esports;2;0;The Capitol Pro;2022/01/21
113;Fancy United Esports;2;0;The Meaps;2021/12/28
114;Fancy United Esports;2;0;FEARUS;2021/12/27
115;Fancy United Esports;1;0;SHOOT FOR FUN;2021/05/08
116;Fancy United Esports;1;0;kzKing;2021/05/06
117;Fancy United Esports;1;0;HG;2021/05/06
