;equipe;placar_casa;placar_visita;time_visita;data
0;Trace Esports;2;1;FunPlus Phoenix;2024/06/21
1;Trace Esports;1;2;Dragon Ranger Gaming;2024/05/10
2;Trace Esports;0;2;FunPlus Phoenix;2024/05/09
3;Trace Esports;2;0;All Gamers;2024/05/08
4;Trace Esports;0;2;EDward Gaming;2024/05/05
5;Trace Esports;0;2;Dragon Ranger Gaming;2024/04/26
6;Trace Esports;2;0;Wolves Esports;2024/04/19
7;Trace Esports;2;1;Bilibili Gaming;2024/04/13
8;Trace Esports;2;0;Nova Esports;2024/04/07
9;Trace Esports;0;2;EDward Gaming;2024/03/01
10;Trace Esports;2;1;Bilibili Gaming;2024/02/27
11;Trace Esports;2;1;Titan Esports Club;2024/02/27
12;Trace Esports;2;0;Nova Esports;2024/02/26
13;Trace Esports;1;2;FunPlus Phoenix;2024/02/25
14;Trace Esports;2;0;TYLOO;2024/02/22
15;Trace Esports;1;2;FunPlus Phoenix;2023/11/24
16;Trace Esports;2;0;Titan Esports Club;2023/11/23
17;Trace Esports;1;2;Rare Atom;2023/11/20
18;Trace Esports;2;1;FunPlus Phoenix;2023/11/17
19;Trace Esports;0;3;EDward Gaming;2023/10/29
20;Trace Esports;2;0;EDward Gaming;2023/10/27
21;Trace Esports;2;1;Attacking Soul Esports;2023/10/26
22;Trace Esports;2;0;Bilibili Gaming;2023/10/24
23;Trace Esports;2;0;Royal Never Give Up;2023/10/23
24;Trace Esports;1;2;Bilibili Gaming;2023/10/20
25;Trace Esports;0;2;Rare Atom;2023/09/28
26;Trace Esports;2;0;Bilibili Gaming;2023/09/27
27;Trace Esports;2;0;TYLOO;2023/09/25
28;Trace Esports;0;2;EDward Gaming;2023/09/23
29;Trace Esports;2;1;Night Wings Gaming;2023/09/16
30;Trace Esports;2;1;Nova Esports;2023/09/15
31;Trace Esports;1;2;Night Wings Gaming;2023/09/12
32;Trace Esports;2;0;Dragon Ranger Gaming;2023/09/10
33;Trace Esports;2;0;Change The Game;2023/09/09
34;Trace Esports;0;2;Rare Atom;2023/09/08
35;Trace Esports;1;0;All Gamers;2023/09/07
36;Trace Esports;1;2;FunPlus Phoenix;2023/07/10
37;Trace Esports;0;3;Bilibili Gaming;2023/07/08
38;Trace Esports;2;1;Attacking Soul Esports;2023/07/05
39;Trace Esports;2;0;Four Angry Men;2023/07/03
40;Trace Esports;2;0;Douyu Gaming;2023/06/06
41;Trace Esports;2;0;Shenzhen NTER;2023/06/03
42;Trace Esports;2;0;Weibo Gaming;2023/06/01
43;Trace Esports;1;2;Attacking Soul Esports;2023/05/16
44;Trace Esports;2;1;Rare Atom;2023/05/12
45;Trace Esports;2;0;Gank Gaming;2023/05/06
46;Trace Esports;0;2;FunPlus Phoenix;2023/04/11
47;Trace Esports;2;0;TJD Esports Club;2023/04/11
48;Trace Esports;1;2;Dragon Ranger Gaming;2023/04/02
49;Trace Esports;2;1;Bilibili Gaming;2023/03/30
50;Trace Esports;2;1;Shenzhen NTER;2023/03/29
51;Trace Esports;2;0;TYLOO;2023/03/25
52;Trace Esports;0;2;EDward Gaming;2023/03/23
53;Trace Esports;2;0;Monarch Effect;2023/02/26
54;Trace Esports;1;2;KONE eSports Club;2023/02/26
55;Trace Esports;2;0;Monarch Effect;2023/02/25
56;Trace Esports;2;0;Number One Player;2023/02/24
57;Trace Esports;2;0;DD Team;2023/02/22
58;Trace Esports;1;2;Attacking Soul Esports;2023/02/19
59;Trace Esports;0;2;Shenzhen NTER;2023/02/18
60;Trace Esports;2;0;Number One Player;2023/02/17
61;Trace Esports;2;0;Rare Atom;2023/02/15
62;Trace Esports;2;0;TJD Esports Club;2023/02/14
63;Trace Esports;0;2;Ghetto Artist;2023/01/08
64;Trace Esports;2;0;Miracle Gaming;2023/01/08
