;equipe;placar_casa;placar_visita;time_visita;data
0;Stellae Gaming;2;0;SAGAZ;2024/06/20
1;Stellae Gaming;0;2;XLD Gaming;2024/06/13
2;Stellae Gaming;2;0;Hero Base;2024/06/12
3;Stellae Gaming;2;0;Legacy;2024/06/04
4;Stellae Gaming;0;2;RED Canids;2024/05/31
5;Stellae Gaming;2;1;Galorys;2024/05/28
6;Stellae Gaming;0;2;TBK Esports;2024/05/22
7;Stellae Gaming;1;2;Hero Base;2024/04/14
8;Stellae Gaming;0;2;Galorys;2024/04/12
9;Stellae Gaming;2;1;TBK Esports;2024/04/10
10;Stellae Gaming;2;0;XLD Gaming;2024/04/09
11;Stellae Gaming;1;2;Galorys;2024/04/03
12;Stellae Gaming;0;2;RED Canids;2024/03/28
13;Stellae Gaming;2;1;OLIMPO;2024/03/19
14;Stellae Gaming;2;0;XLD Gaming;2024/03/13
15;Stellae Gaming;1;2;2Game Esports;2024/03/07
16;Stellae Gaming;2;1;TBK Esports;2024/03/05
17;Stellae Gaming;0;2;Hero Base;2024/02/28
18;Stellae Gaming;2;0;Legacy;2024/02/22
19;Stellae Gaming;2;0;CO-OP.gg;2024/02/14
20;Stellae Gaming;0;1;insanity;2024/02/05
21;Stellae Gaming;0;1;OS CARA CEGO;2024/02/05
22;Stellae Gaming;1;2;Dogma;2022/12/02
23;Stellae Gaming;0;2;Unemployed;2022/11/29
24;Stellae Gaming;2;0;Um controlador e 4 duelistas;2022/11/28
