;equipe;placar_casa;placar_visita;time_visita;data
0;Weibo Gaming;0;1;TOP Esports;2023/11/02
1;Weibo Gaming;0;1;Four Angry Men;2023/10/05
2;Weibo Gaming;0;2;Rare Atom;2023/09/25
3;Weibo Gaming;0;2;Bilibili Gaming;2023/09/24
4;Weibo Gaming;2;1;Royal Never Give Up;2023/09/16
5;Weibo Gaming;0;2;Rare Atom;2023/09/14
6;Weibo Gaming;2;0;I May;2023/09/13
7;Weibo Gaming;2;0;Regans Gaming;2023/09/09
8;Weibo Gaming;2;1;KeepBest Gaming;2023/09/08
9;Weibo Gaming;1;0;5KS eSports Club;2023/09/07
10;Weibo Gaming;0;2;FunPlus Phoenix;2023/07/07
11;Weibo Gaming;0;2;EDward Gaming;2023/07/06
12;Weibo Gaming;2;1;Dragon Ranger Gaming;2023/07/04
13;Weibo Gaming;2;0;Night Wings Gaming;2023/06/07
14;Weibo Gaming;2;0;Shenzhen NTER;2023/06/05
15;Weibo Gaming;2;1;Four Angry Men;2023/06/04
16;Weibo Gaming;0;2;Totoro Gaming;2023/06/01
17;Weibo Gaming;1;2;FunPlus Phoenix;2023/05/17
18;Weibo Gaming;2;1;Monarch Effect;2023/05/13
19;Weibo Gaming;2;1;Four Angry Men;2023/05/07
20;Weibo Gaming;1;2;Monarch Effect;2023/05/04
21;Weibo Gaming;2;1;Number One Player;2023/04/01
22;Weibo Gaming;1;2;Attacking Soul Esports;2023/03/31
23;Weibo Gaming;2;1;Invincible Gaming;2023/03/26
24;Weibo Gaming;0;2;FunPlus Phoenix;2023/03/24
25;Weibo Gaming;1;2;KONE eSports Club;2023/03/22
26;Weibo Gaming;2;0;Dragon Ranger Gaming;2023/03/19
27;Weibo Gaming;2;0;Douyu Gaming;2023/03/18
28;Weibo Gaming;2;0;Nova Esports;2023/03/17
29;Weibo Gaming;2;0;TJD Esports Club;2023/03/16
30;Weibo Gaming;2;0;PanDa;2023/03/14
31;Weibo Gaming;0;2;Tales of Eastern;2022/07/06
32;Weibo Gaming;1;2;KONE eSports Club;2022/07/05
33;Weibo Gaming;2;0;TYLOO;2022/07/04
34;Weibo Gaming;0;2;FunPlus Phoenix ZHUQUE;2022/07/03
35;Weibo Gaming;0;2;EDward Gaming;2022/07/02
36;Weibo Gaming;2;0;Night Wings Gaming;2022/06/29
37;Weibo Gaming;1;2;Tales of Eastern;2022/06/01
38;Weibo Gaming;0;2;KONE eSports Club;2022/05/28
39;Weibo Gaming;1;2;Night Wings Gaming;2022/05/26
40;Weibo Gaming;2;1;Shenzhen NTER;2022/05/25
41;Weibo Gaming;2;1;Monarch Effect;2022/05/22
42;Weibo Gaming;0;3;EDward Gaming;2022/04/08
43;Weibo Gaming;3;1;KONE eSports Club;2022/04/07
44;Weibo Gaming;2;0;FunPlus Phoenix ZHUQUE;2022/04/06
45;Weibo Gaming;2;1;Tales of Eastern;2022/04/05
46;Weibo Gaming;0;2;FunPlus Phoenix ZHUQUE;2022/04/03
47;Weibo Gaming;2;1;Shenzhen NTER;2022/04/01
48;Weibo Gaming;2;0;Number One Player;2022/03/31
49;Weibo Gaming;2;0;ShanXi Gaming;2022/03/29
50;Weibo Gaming;1;2;KONE eSports Club;2022/03/28
51;Weibo Gaming;0;2;Tales of Eastern;2022/03/25
52;Weibo Gaming;3;1;EDward Gaming;2022/03/09
53;Weibo Gaming;2;0;EDward Gaming;2022/03/07
54;Weibo Gaming;2;0;KONE eSports Club;2022/03/05
