;equipe;placar_casa;placar_visita;time_visita;data
0;Mizzou Esports;0;2;Columbia College;2024/05/09
1;Mizzou Esports;1;3;Northwood University;2024/05/04
2;Mizzou Esports;2;0;Ball State;2024/04/29
3;Mizzou Esports;2;1;Indiana Hoosiers;2024/04/27
4;Mizzou Esports;1;2;St. Clair Saints;2024/04/21
5;Mizzou Esports;2;0;Maryville University;2024/04/20
6;Mizzou Esports;2;0;MSU Green;2024/04/14
7;Mizzou Esports;2;0;Purdue Gold;2024/04/13
8;Mizzou Esports;0;2;St. Clair Saints;2024/04/10
9;Mizzou Esports;2;0;IVC Blue;2024/04/03
10;Mizzou Esports;0;3;Northwood University;2024/03/02
11;Mizzou Esports;2;1;MBU Spartans;2024/02/25
12;Mizzou Esports;2;0;St. Clair Saints Academy;2024/02/24
13;Mizzou Esports;0;2;St. Clair Saints;2024/02/18
14;Mizzou Esports;2;1;CSP Val Blue;2024/02/17
15;Mizzou Esports;1;2;MEOWCUPCAKEYUM;2024/02/12
16;Mizzou Esports;2;0;Illini Esports Orange;2024/02/11
17;Mizzou Esports;2;1;CGC UIC;2024/02/10
18;Mizzou Esports;1;2;4nem;2024/01/31
19;Mizzou Esports;2;0;GAS MONEY;2024/01/31
20;Mizzou Esports;1;2;Northwood University;2023/12/16
21;Mizzou Esports;2;0;TAMU Maroon;2023/12/15
22;Mizzou Esports;0;2;Blinn;2023/12/15
23;Mizzou Esports;0;3;St. Clair Saints;2023/12/09
24;Mizzou Esports;1;2;Blinn;2023/12/03
25;Mizzou Esports;1;3;Northwood University;2023/12/02
26;Mizzou Esports;0;2;Fisher Navy;2023/11/28
27;Mizzou Esports;2;0;MBU Spartans;2023/11/19
28;Mizzou Esports;2;0;CSP Val Blue;2023/11/17
29;Mizzou Esports;2;1;West Virginia University;2023/11/14
30;Mizzou Esports;2;1;Harrisburg University;2023/11/13
31;Mizzou Esports;2;0;Carleton Ravens;2023/11/12
32;Mizzou Esports;2;0;Akron Esports;2023/11/11
33;Mizzou Esports;0;2;Fisher Navy;2023/10/01
34;Mizzou Esports;2;0;Columbia College;2023/10/01
35;Mizzou Esports;1;2;Blinn;2023/09/24
36;Mizzou Esports;2;1;Demigods @ UCSD;2023/09/24
37;Mizzou Esports;0;2;Blinn;2023/08/12
38;Mizzou Esports;0;2;Northwood University;2023/08/11
39;Mizzou Esports;2;1;CSUF Orange;2023/08/11
40;Mizzou Esports;0;2;Carleton Ravens;2023/06/12
41;Mizzou Esports;0;2;Fisher Navy;2023/05/20
42;Mizzou Esports;0;2;Winthrop University;2023/05/14
43;Mizzou Esports;2;0;SNHU Blue;2023/05/13
44;Mizzou Esports;2;0;CPP Black;2023/05/07
45;Mizzou Esports;2;0;UT Dallas;2023/05/06
46;Mizzou Esports;1;3;OC Esports;2023/05/01
47;Mizzou Esports;0;3;Northwood University;2023/04/30
48;Mizzou Esports;3;2;St. Clair Saints;2023/04/29
49;Mizzou Esports;2;0;TAMU White;2023/04/26
50;Mizzou Esports;2;0;Akron Esports;2023/04/23
51;Mizzou Esports;2;0;CGC UIC;2023/04/22
