;equipe;placar_casa;placar_visita;time_visita;data
0;FENNEL;1;2;SCARZ;2024/06/21
1;FENNEL;0;2;Sengoku Gaming;2024/06/13
2;FENNEL;2;0;NORTHEPTION;2024/06/12
3;FENNEL;0;2;Murash Gaming;2024/05/28
4;FENNEL;0;2;RIDDLE ORDER;2024/05/22
5;FENNEL;2;1;VARREL;2024/05/21
6;FENNEL;3;2;REJECT;2024/03/31
7;FENNEL;3;2;Sengoku Gaming;2024/03/30
8;FENNEL;0;2;REJECT;2024/03/13
9;FENNEL;0;2;REJECT;2024/03/10
10;FENNEL;2;1;NORTHEPTION;2024/03/08
11;FENNEL;2;0;Murash Gaming;2024/03/02
12;FENNEL;2;0;Sengoku Gaming;2024/02/16
13;FENNEL;2;0;VARREL;2024/02/11
14;FENNEL;2;0;IGZIST;2024/02/10
15;FENNEL;2;1;SCARZ;2024/02/03
16;FENNEL;2;0;BC SWELL;2024/01/24
17;FENNEL;2;0;BC SWELL;2024/01/23
18;FENNEL;2;0;RABILIS BURST;2024/01/22
19;FENNEL;0;1;Cloud9;2023/11/03
20;FENNEL;0;1;FNATIC;2023/11/03
21;FENNEL;3;2;FAV gaming;2023/09/24
22;FENNEL;2;0;Sengoku Gaming;2023/09/23
23;FENNEL;2;0;REJECT;2023/09/22
24;FENNEL;2;0;STRIDERZ;2023/09/14
25;FENNEL;1;3;SCARZ;2023/06/03
26;FENNEL;3;2;Crazy Raccoon;2023/05/11
27;FENNEL;3;2;CREST GAMING Zst;2023/05/10
28;FENNEL;2;1;Crazy Raccoon;2023/05/05
29;FENNEL;2;1;CREST GAMING Zst;2023/05/04
30;FENNEL;1;2;SCARZ;2023/05/03
31;FENNEL;2;0;IGZIST;2023/04/27
32;FENNEL;1;2;Sengoku Gaming;2023/04/21
33;FENNEL;2;1;NORTHEPTION;2023/04/19
34;FENNEL;1;2;Jadeite;2023/04/13
35;FENNEL;3;0;Crazy Raccoon;2023/03/19
36;FENNEL;3;2;SCARZ;2023/03/18
37;FENNEL;3;2;Sengoku Gaming;2023/02/20
38;FENNEL;3;2;NORTHEPTION;2023/02/19
39;FENNEL;2;0;CREST GAMING Zst;2023/02/08
40;FENNEL;2;0;REJECT;2023/02/04
41;FENNEL;0;2;SCARZ;2023/02/04
42;FENNEL;2;0;NORTHEPTION;2023/02/03
43;FENNEL;1;2;Sengoku Gaming;2023/02/01
44;FENNEL;0;2;Crazy Raccoon;2023/01/29
45;FENNEL;2;1;IGZIST;2023/01/28
46;FENNEL;2;0;Murash Gaming;2023/01/15
47;FENNEL;2;0;Murash Gaming;2023/01/14
48;FENNEL;2;0;5on5魂;2023/01/13
49;FENNEL;2;0;Celestials;2023/01/13
50;FENNEL;0;2;DetonatioN FocusMe;2022/05/28
51;FENNEL;2;1;Quintette Shizuoka;2022/05/26
52;FENNEL;2;0;SYSTEM e-Sports;2022/05/26
53;FENNEL;0;2;CREST GAMING Zst;2022/05/12
54;FENNEL;2;0;Osakana Gaming;2022/05/10
55;FENNEL;0;2;REIGNITE;2022/03/13
56;FENNEL;1;2;IGZIST;2022/02/26
57;FENNEL;2;0;Storks Phalanx;2022/02/19
58;FENNEL;2;0;TRIDENT;2022/02/17
59;FENNEL;1;2;F4Q;2021/10/13
60;FENNEL;0;2;BOOM Esports;2021/10/11
61;FENNEL;0;2;ZETA DIVISION;2021/08/14
62;FENNEL;2;0;Insomnia;2021/08/14
63;FENNEL;0;2;Crazy Raccoon;2021/08/13
64;FENNEL;2;0;BlackBird Ignis;2021/08/12
65;FENNEL;2;0;Feeling;2021/07/22
66;FENNEL;2;0;Icicle Conflict;2021/07/22
67;FENNEL;1;0;CYCLOPS athlete gaming;2021/03/05
68;FENNEL;1;0;RELATION X;2021/03/05
69;FENNEL;1;0;Glory be Diva;2021/03/05
70;FENNEL;1;0;CREST GAMING Zst;2021/03/05
71;FENNEL;0;1;DetonatioN FocusMe;2021/02/26
72;FENNEL;1;0;ShikouKouketsu;2021/02/26
73;FENNEL;0;1;Connect Gaming;2021/02/26
74;FENNEL;1;0;LFT;2021/02/26
75;FENNEL;0;1;FAV gaming;2021/02/19
76;FENNEL;1;0;RELATION X;2021/02/19
77;FENNEL;1;0;Gaming Team SELECTOR;2021/02/19
78;FENNEL;1;0;Novagis Gaming;2021/02/19
