;equipe;placar_casa;placar_visita;time_visita;data
0;ZETA DIVISION;1;2;DRX;2024/06/15
1;ZETA DIVISION;1;2;T1;2024/04/28
2;ZETA DIVISION;0;2;Gen.G;2024/04/22
3;ZETA DIVISION;2;1;BLEED;2024/04/16
4;ZETA DIVISION;1;2;Team Secret;2024/04/14
5;ZETA DIVISION;2;1;Global Esports;2024/04/06
6;ZETA DIVISION;0;2;Gen.G;2024/02/22
7;ZETA DIVISION;0;2;Team Secret;2024/02/22
8;ZETA DIVISION;2;0;Global Esports;2024/02/21
9;ZETA DIVISION;1;2;T1;2024/02/19
10;ZETA DIVISION;2;0;Global Esports;2024/02/18
11;ZETA DIVISION;0;1;Natus Vincere;2023/12/03
12;ZETA DIVISION;1;0;BLEED;2023/12/03
13;ZETA DIVISION;1;0;DetonatioN FocusMe;2023/12/02
14;ZETA DIVISION;1;2;Cloud9;2023/11/03
15;ZETA DIVISION;0;1;FNATIC;2023/11/03
16;ZETA DIVISION;1;0;Cloud9;2023/11/03
17;ZETA DIVISION;0;2;NRG Esports;2023/08/11
18;ZETA DIVISION;0;2;FNATIC;2023/08/08
19;ZETA DIVISION;3;1;Team Secret;2023/07/23
20;ZETA DIVISION;2;0;Team Secret;2023/07/21
21;ZETA DIVISION;2;1;Rex Regum Qeon;2023/07/20
22;ZETA DIVISION;1;2;T1;2023/05/21
23;ZETA DIVISION;0;2;Team Secret;2023/05/19
24;ZETA DIVISION;2;1;Gen.G;2023/05/14
25;ZETA DIVISION;1;2;T1;2023/05/12
26;ZETA DIVISION;0;2;Paper Rex;2023/05/06
27;ZETA DIVISION;2;1;Team Secret;2023/04/29
28;ZETA DIVISION;0;2;Talon Esports;2023/04/24
29;ZETA DIVISION;2;0;DetonatioN FocusMe;2023/04/16
30;ZETA DIVISION;2;1;Global Esports;2023/04/09
31;ZETA DIVISION;2;1;Rex Regum Qeon;2023/04/01
32;ZETA DIVISION;0;2;DRX;2023/03/25
33;ZETA DIVISION;0;2;Leviatán;2023/02/22
34;ZETA DIVISION;0;1;FNATIC;2022/12/24
35;ZETA DIVISION;0;1;DRX;2022/12/24
36;ZETA DIVISION;1;0;Paper Rex;2022/12/24
37;ZETA DIVISION;2;0;Gen.G;2022/11/27
38;ZETA DIVISION;0;2;Talon Esports;2022/11/26
39;ZETA DIVISION;0;2;LOUD;2022/09/07
40;ZETA DIVISION;2;1;BOOM Esports;2022/09/04
41;ZETA DIVISION;0;2;LOUD;2022/09/01
42;ZETA DIVISION;1;3;NORTHEPTION;2022/06/26
43;ZETA DIVISION;2;0;NORTHEPTION;2022/06/24
44;ZETA DIVISION;2;0;FAV gaming;2022/06/11
45;ZETA DIVISION;2;0;BLUE BEES.ESP;2022/06/10
46;ZETA DIVISION;2;1;REJECT;2022/05/22
47;ZETA DIVISION;2;0;REIGNITE;2022/05/22
48;ZETA DIVISION;0;3;OpTic Gaming;2022/04/23
49;ZETA DIVISION;2;1;Paper Rex;2022/04/22
50;ZETA DIVISION;2;1;DRX;2022/04/18
51;ZETA DIVISION;2;1;Team Liquid;2022/04/16
52;ZETA DIVISION;0;2;G2 Esports;2022/04/14
53;ZETA DIVISION;2;1;Ninjas In Pyjamas;2022/04/13
54;ZETA DIVISION;2;0;FNATIC;2022/04/12
55;ZETA DIVISION;0;2;DRX;2022/04/10
56;ZETA DIVISION;3;1;Crazy Raccoon;2022/03/27
57;ZETA DIVISION;2;0;IGZIST;2022/03/26
58;ZETA DIVISION;2;1;Crazy Raccoon;2022/03/25
59;ZETA DIVISION;2;0;REIGNITE;2022/03/24
60;ZETA DIVISION;2;0;Crazy Raccoon;2022/02/27
61;ZETA DIVISION;2;1;NORTHEPTION;2022/02/27
62;ZETA DIVISION;2;0;REIGNITE;2022/02/19
63;ZETA DIVISION;2;0;SETOUCHI ENLIFE;2022/02/17
64;ZETA DIVISION;0;2;Keyd Stars;2021/09/14
65;ZETA DIVISION;1;2;KRÜ Esports;2021/09/12
66;ZETA DIVISION;3;2;Crazy Raccoon;2021/08/15
67;ZETA DIVISION;2;0;NORTHEPTION;2021/08/15
68;ZETA DIVISION;2;0;FENNEL;2021/08/14
69;ZETA DIVISION;2;0;Feeling;2021/08/14
70;ZETA DIVISION;1;2;NORTHEPTION;2021/08/13
71;ZETA DIVISION;2;0;Insomnia;2021/08/12
72;ZETA DIVISION;2;0;LAG Gaming;2021/02/21
73;ZETA DIVISION;2;0;FAV gaming;2020/12/20
74;ZETA DIVISION;2;0;DetonatioN FocusMe;2020/12/20
75;ZETA DIVISION;1;0;Crazy Raccoon;2020/12/20
76;ZETA DIVISION;3;0;BlackBird Ignis;2020/12/06
77;ZETA DIVISION;2;0;DetonatioN FocusMe;2020/12/05
78;ZETA DIVISION;2;0;Sengoku Gaming;2020/12/04
79;ZETA DIVISION;2;1;BlackBird Ignis;2020/11/15
80;ZETA DIVISION;1;0;LucidX;2020/11/14
81;ZETA DIVISION;2;1;Cloud9 Korea;2020/10/18
82;ZETA DIVISION;0;2;Vision Strikers;2020/10/17
83;ZETA DIVISION;2;0;Sengoku Gaming;2020/10/15
84;ZETA DIVISION;2;1;Attack All Around;2020/10/09
85;ZETA DIVISION;2;0;No Mercy;2020/10/09
86;ZETA DIVISION;0;2;SCARZ;2020/10/03
87;ZETA DIVISION;1;0;Connect Gaming;2020/10/01
88;ZETA DIVISION;1;0;SunSister Rapid;2020/09/24
89;ZETA DIVISION;1;0;FAV gaming;2020/09/23
90;ZETA DIVISION;3;1;REJECT;2020/09/21
91;ZETA DIVISION;2;0;DetonatioN FocusMe;2020/09/21
92;ZETA DIVISION;0;2;Vision Strikers;2020/09/20
93;ZETA DIVISION;2;0;ahq e-Sports Club;2020/09/18
94;ZETA DIVISION;2;0;DeToNator;2020/09/17
95;ZETA DIVISION;2;1;Crazy Raccoon;2020/09/16
96;ZETA DIVISION;1;2;REJECT;2020/09/15
97;ZETA DIVISION;2;0;SCARZ;2020/09/11
98;ZETA DIVISION;1;0;Sengoku Gaming;2020/09/10
99;ZETA DIVISION;2;1;CYCLOPS athlete gaming;2020/09/04
100;ZETA DIVISION;1;0;CYCLOPS athlete gaming;2020/09/03
101;ZETA DIVISION;1;0;REJECT;2020/08/27
102;ZETA DIVISION;1;0;SCARZ;2020/08/20
103;ZETA DIVISION;2;1;REJECT;2020/08/16
104;ZETA DIVISION;2;0;REJECT;2020/08/15
105;ZETA DIVISION;2;0;LAG Gaming;2020/08/15
106;ZETA DIVISION;2;0;SCARZ;2020/08/02
107;ZETA DIVISION;1;0;BlackBird Ignis;2020/08/02
108;ZETA DIVISION;1;0;DetonatioN FocusMe;2020/08/02
109;ZETA DIVISION;2;0;LAG Gaming;2020/06/21
110;ZETA DIVISION;1;0;Nora-Rengo;2020/06/21
111;ZETA DIVISION;1;0;SunSister Rapid;2020/06/20
112;ZETA DIVISION;1;0;AVALON Gaming;2020/06/20
