;equipe;placar_casa;placar_visita;time_visita;data
0;Dragon Ranger Gaming;1;2;Nova Esports;2024/06/21
1;Dragon Ranger Gaming;0;2;FUT Esports;2024/05/26
2;Dragon Ranger Gaming;0;2;Team Heretics;2024/05/24
3;Dragon Ranger Gaming;1;3;EDward Gaming;2024/05/11
4;Dragon Ranger Gaming;2;1;Trace Esports;2024/05/10
5;Dragon Ranger Gaming;0;2;EDward Gaming;2024/05/09
6;Dragon Ranger Gaming;2;0;Nova Esports;2024/05/08
7;Dragon Ranger Gaming;0;2;TYLOO;2024/05/04
8;Dragon Ranger Gaming;2;0;Trace Esports;2024/04/26
9;Dragon Ranger Gaming;2;1;JD Gaming;2024/04/20
10;Dragon Ranger Gaming;2;1;Titan Esports Club;2024/04/14
11;Dragon Ranger Gaming;1;2;FunPlus Phoenix;2024/04/12
12;Dragon Ranger Gaming;1;2;All Gamers;2024/04/06
13;Dragon Ranger Gaming;0;2;FunPlus Phoenix;2024/03/01
14;Dragon Ranger Gaming;2;1;Titan Esports Club;2024/02/25
15;Dragon Ranger Gaming;2;0;All Gamers;2024/02/23
16;Dragon Ranger Gaming;3;1;Rare Atom;2023/12/30
17;Dragon Ranger Gaming;3;2;Attacking Soul Esports;2023/12/29
18;Dragon Ranger Gaming;2;0;Ninjas In Pyjamas;2023/12/28
19;Dragon Ranger Gaming;0;2;Rare Atom;2023/12/27
20;Dragon Ranger Gaming;2;1;Four Angry Men;2023/12/25
21;Dragon Ranger Gaming;0;2;Attacking Soul Esports;2023/12/24
22;Dragon Ranger Gaming;2;1;17Gaming;2023/12/23
23;Dragon Ranger Gaming;0;2;FunPlus Phoenix;2023/11/22
24;Dragon Ranger Gaming;2;0;LGD Gaming;2023/11/20
25;Dragon Ranger Gaming;0;2;Rare Atom;2023/11/17
26;Dragon Ranger Gaming;2;0;Titan Esports Club;2023/11/16
27;Dragon Ranger Gaming;2;1;17Gaming;2023/11/07
28;Dragon Ranger Gaming;2;1;KeepBest Gaming;2023/11/06
29;Dragon Ranger Gaming;1;0;All Gamers;2023/11/03
30;Dragon Ranger Gaming;2;1;Gank Gaming;2023/05/10
31;Dragon Ranger Gaming;1;2;Rare Atom;2023/05/06
32;Dragon Ranger Gaming;0;2;FunPlus Phoenix;2023/04/13
33;Dragon Ranger Gaming;1;2;KONE eSports Club;2023/04/11
34;Dragon Ranger Gaming;2;1;Totoro Gaming;2023/04/02
35;Dragon Ranger Gaming;1;2;EDward Gaming;2023/03/31
36;Dragon Ranger Gaming;2;1;Bilibili Gaming;2023/03/26
37;Dragon Ranger Gaming;2;0;Shenzhen NTER;2023/03/25
38;Dragon Ranger Gaming;0;2;TYLOO;2023/03/23
39;Dragon Ranger Gaming;2;1;Douyu Gaming;2023/03/19
40;Dragon Ranger Gaming;0;2;Weibo Gaming;2023/03/19
41;Dragon Ranger Gaming;2;0;Night Wings Gaming;2023/03/18
42;Dragon Ranger Gaming;2;0;Kingzone;2023/03/17
43;Dragon Ranger Gaming;2;0;Gank Gaming;2023/03/15
44;Dragon Ranger Gaming;0;2;Number One Player;2023/03/09
45;Dragon Ranger Gaming;0;2;Night Wings Gaming;2023/03/01
46;Dragon Ranger Gaming;0;2;Night Wings Gaming;2023/02/22
47;Dragon Ranger Gaming;0;2;KONE eSports Club;2023/02/16
