;equipe;placar_casa;placar_visita;time_visita;data
0;JiJieHao;2;0;Peace And Love;2024/06/11
1;JiJieHao;1;2;FOCUSGG;2024/06/10
2;JiJieHao;2;1;iPGN;2024/06/07
3;JiJieHao;2;0;Wolf Pack;2024/06/06
4;JiJieHao;3;1;Arena Internet Cafe;2024/05/02
5;JiJieHao;2;0;Arena Internet Cafe;2024/04/30
6;JiJieHao;2;0;EDGE;2024/04/12
7;JiJieHao;2;0;iPGN;2024/04/11
8;JiJieHao;2;0;EDGE;2024/03/29
9;JiJieHao;1;2;FOCUSGG;2024/03/28
10;JiJieHao;2;0;JFT;2024/03/26
11;JiJieHao;2;0;Xu Gang;2024/03/25
12;JiJieHao;0;2;BOOM Esports;2023/07/07
13;JiJieHao;0;2;BLEED;2023/07/04
14;JiJieHao;2;0;Orangutan;2023/07/03
15;JiJieHao;2;0;Dplus Esports;2023/06/30
16;JiJieHao;0;2;SCARZ;2023/06/28
17;JiJieHao;3;0;NerdPunt;2023/06/10
18;JiJieHao;2;1;xyz;2023/06/09
19;JiJieHao;0;2;NerdPunt;2023/06/08
20;JiJieHao;2;0;The Who?;2023/06/03
21;JiJieHao;2;0;Guangzhou Long Lionz;2023/05/17
22;JiJieHao;2;0;Koopa Troopas;2023/05/11
23;JiJieHao;2;0;Mammoth ESC;2023/05/05
24;JiJieHao;0;1;NerdPunt;2023/04/30
25;JiJieHao;0;2;Trident Esports;2023/04/29
26;JiJieHao;1;0;NerdPunt;2023/04/29
27;JiJieHao;2;1;Mammoth ESC;2023/04/29
28;JiJieHao;1;2;Trident Esports;2023/04/29
29;JiJieHao;1;0;Mammoth ESC;2023/04/29
30;JiJieHao;2;0;NerdPunt;2023/04/27
31;JiJieHao;1;2;Funcrew;2023/04/20
32;JiJieHao;2;0;xyz;2023/04/14
33;JiJieHao;2;0;The Who?;2023/04/07
34;JiJieHao;1;2;ex-HEHE;2023/03/18
35;JiJieHao;2;0;MCOM Special Forces;2023/03/17
36;JiJieHao;2;0;High Profile;2023/03/17
37;JiJieHao;3;2;BOBO;2023/03/12
38;JiJieHao;2;0;BOBO;2023/03/10
39;JiJieHao;2;0;Funcrew;2023/03/08
40;JiJieHao;2;0;The Who?;2023/03/07
41;JiJieHao;0;2;HONEY BADGERS;2023/02/25
42;JiJieHao;2;0;Mammoth ESC;2023/02/19
43;JiJieHao;2;0;BOBO;2023/02/17
44;JiJieHao;2;1;Built For Greatness;2023/02/04
45;JiJieHao;2;0;The Who?;2023/01/29
46;JiJieHao;0;2;Funcrew;2023/01/27
47;JiJieHao;2;1;Koopa Troopas;2023/01/21
48;JiJieHao;2;0;BOBO;2023/01/08
49;JiJieHao;1;0;BOBO;2023/01/07
50;JiJieHao;1;0;HONEY BADGERS;2023/01/07
51;JiJieHao;1;0;Koopa Troopas;2023/01/06
52;JiJieHao;1;0;Vapour Esports;2023/01/06
53;JiJieHao;2;0;Guangzhou Long Lionz;2022/12/17
54;JiJieHao;2;0;Nut-E Gaming Esports;2022/12/16
55;JiJieHao;3;0;xyz;2022/12/13
56;JiJieHao;2;0;HOG RIDERS;2022/12/12
57;JiJieHao;2;0;xyz;2022/12/05
58;JiJieHao;2;0;All Out;2022/12/05
59;JiJieHao;1;0;Koopa Troopas;2022/12/02
60;JiJieHao;1;0;xyz;2022/12/02
61;JiJieHao;1;0;Valkyrie eSports;2022/12/01
62;JiJieHao;1;0;Built For Greatness;2022/12/01
63;JiJieHao;0;2;BOBO;2022/11/13
64;JiJieHao;2;1;BOBO;2022/11/12
65;JiJieHao;2;0;The Who?;2022/11/12
66;JiJieHao;2;0;95x Black;2022/11/12
67;JiJieHao;2;0;Funcrew;2022/11/08
68;JiJieHao;1;0;xyz;2022/11/07
69;JiJieHao;1;0;Code Esports;2022/11/07
70;JiJieHao;0;2;BOBO;2022/10/30
71;JiJieHao;2;0;Rice Cracker;2022/10/29
72;JiJieHao;3;0;Funcrew;2022/09/13
73;JiJieHao;2;1;East LA;2022/09/12
74;JiJieHao;2;1;HEHE;2022/09/05
75;JiJieHao;2;1;McTeam;2022/08/29
76;JiJieHao;2;0;AZN;2022/08/22
77;JiJieHao;0;2;ORDER;2022/07/08
78;JiJieHao;2;1;HONEY BADGERS;2022/07/07
79;JiJieHao;1;2;BOBO;2022/07/06
80;JiJieHao;2;0;Funcrew;2022/05/25
81;JiJieHao;0;2;BOBO;2022/05/21
82;JiJieHao;2;1;Bonkers;2022/05/20
83;JiJieHao;2;1;Funcrew;2022/05/19
84;JiJieHao;2;0;East LA;2022/05/18
85;JiJieHao;1;2;BOBO;2022/05/15
86;JiJieHao;2;1;Bonkers;2022/05/13
87;JiJieHao;0;2;BOBO;2022/05/09
88;JiJieHao;1;2;Catgirls;2022/05/06
89;JiJieHao;2;1;HONEY BADGERS;2022/05/03
90;JiJieHao;1;2;BOBO;2022/04/30
91;JiJieHao;2;0;East LA;2022/04/26
92;JiJieHao;1;2;Bonkers;2022/04/17
93;JiJieHao;2;0;Funcrew;2022/04/16
94;JiJieHao;1;2;HONEY BADGERS;2022/04/15
95;JiJieHao;2;1;Gungahlin Warriors;2022/04/14
