;equipe;placar_casa;placar_visita;time_visita;data
0;VARREL;1;2;Sengoku Gaming;2024/06/20
1;VARREL;2;0;SCARZ;2024/06/13
2;VARREL;2;0;Murash Gaming;2024/06/11
3;VARREL;2;1;NORTHEPTION;2024/05/29
4;VARREL;0;2;REJECT;2024/05/22
5;VARREL;1;2;FENNEL;2024/05/21
6;VARREL;2;0;IGZIST;2024/05/08
7;VARREL;1;2;RIDDLE ORDER;2024/05/07
8;VARREL;0;2;Sengoku Gaming;2024/03/12
9;VARREL;0;2;NORTHEPTION;2024/03/09
10;VARREL;2;0;REJECT;2024/03/08
11;VARREL;2;0;IGZIST;2024/03/03
12;VARREL;0;2;SCARZ;2024/02/15
13;VARREL;0;2;FENNEL;2024/02/11
14;VARREL;2;0;Murash Gaming;2024/02/10
15;VARREL;2;0;Sengoku Gaming;2024/02/04
16;VARREL;2;0;BLUE BEES.ESP;2024/01/24
17;VARREL;2;0;BLUE BEES.ESP;2024/01/23
18;VARREL;2;0;Xenesis e-sports;2024/01/22
19;VARREL;1;2;Les Sixz;2023/09/22
20;VARREL;2;0;Father's Back;2023/09/14
21;VARREL;0;2;SYSTEM e-Sports;2023/03/23
22;VARREL;2;1;REIGNITE;2023/03/22
23;VARREL;2;0;SYSTEM e-Sports;2023/03/21
24;VARREL;2;0;ENIGMA VORTEX;2023/03/21
25;VARREL;0;2;DOPENESS;2023/01/14
26;VARREL;1;2;BC SWELL;2023/01/13
27;VARREL;2;1;SPARKS;2023/01/13
