;equipe;placar_casa;placar_visita;time_visita;data
0;FUT Esports;2;0;Team Heretics;2023/03/28
1;FUT Esports;1;2;100 Thieves;2023/02/26
2;FUT Esports;2;0;Rex Regum Qeon;2023/02/23
3;FUT Esports;0;2;100 Thieves;2022/12/09
4;FUT Esports;0;2;Team Heretics;2022/12/09
5;FUT Esports;0;2;Team Liquid;2022/12/09
6;FUT Esports;1;2;Team Divinity;2022/11/25
7;FUT Esports;1;2;Parla Esports;2022/11/24
8;FUT Esports;2;0;Fire Flux Esports;2022/11/23
9;FUT Esports;1;0;Regnum Carya Esports;2022/11/23
10;FUT Esports;0;2;Parla Esports;2022/11/22
11;FUT Esports;2;0;Galatasaray Esports;2022/11/21
12;FUT Esports;1;0;Thunderbolts Gaming;2022/11/14
13;FUT Esports;1;0;Regnum Carya Esports;2022/11/14
14;FUT Esports;0;1;Papara SuperMassive;2022/11/12
15;FUT Esports;1;0;Team Lixa;2022/11/12
16;FUT Esports;3;1;Thunderbolts Gaming;2022/08/28
17;FUT Esports;2;0;Papara SuperMassive;2022/08/27
18;FUT Esports;1;0;Dark Passage;2022/08/26
19;FUT Esports;1;0;Thunderbolts Gaming;2022/08/26
20;FUT Esports;1;0;Fire Flux Esports;2022/08/25
21;FUT Esports;3;2;Team Vitality;2022/08/05
22;FUT Esports;3;0;Case Esports;2022/08/04
23;FUT Esports;2;1;Angry Titans;2022/08/03
24;FUT Esports;0;2;Team Vitality;2022/08/02
25;FUT Esports;2;0;Angry Titans;2022/07/31
26;FUT Esports;2;0;Team Falcons;2022/07/30
27;FUT Esports;3;2;Fire Flux Esports;2022/07/02
28;FUT Esports;3;0;Papara SuperMassive;2022/06/29
29;FUT Esports;2;0;Galatasaray Esports;2022/06/28
30;FUT Esports;1;2;Fenerbahçe Esports;2022/06/20
31;FUT Esports;1;2;Papara SuperMassive;2022/06/14
32;FUT Esports;2;0;Galatasaray Esports;2022/06/07
33;FUT Esports;2;0;Team Lixa;2022/05/31
34;FUT Esports;1;2;Fire Flux Esports;2022/05/24
35;FUT Esports;2;1;Thunderbolts Gaming;2022/05/17
36;FUT Esports;2;0;Galakticos;2022/05/09
37;FUT Esports;1;2;Team Lixa;2022/03/15
38;FUT Esports;0;2;Surreal Esports;2022/03/07
39;FUT Esports;2;1;Fenerbahçe Esports;2022/03/01
40;FUT Esports;2;0;Galatasaray Esports;2022/02/28
41;FUT Esports;2;0;Team Lixa;2022/02/24
42;FUT Esports;0;2;Fire Flux Esports;2022/02/23
43;FUT Esports;2;0;Thunderbolts Gaming;2022/02/16
44;FUT Esports;2;1;Galakticos;2022/02/15
45;FUT Esports;2;0;Karagümrük Esports;2022/01/31
46;FUT Esports;0;2;Fenerbahçe Esports;2022/01/28
47;FUT Esports;2;0;Karagümrük Esports;2022/01/27
48;FUT Esports;1;3;BBL Esports;2022/01/23
49;FUT Esports;2;1;Fire Flux Esports;2022/01/21
50;FUT Esports;2;0;BBL Esports;2022/01/21
51;FUT Esports;2;1;Galatasaray Esports;2022/01/20
52;FUT Esports;2;0;blablabla;2022/01/19
53;FUT Esports;2;0;Sahangiller Espor;2022/01/19
54;FUT Esports;2;1;OtherSide;2022/01/18
55;FUT Esports;2;0;Overwatch;2022/01/18
56;FUT Esports;0;2;Galatasaray Esports;2022/01/15
57;FUT Esports;0;2;Galakticos;2022/01/14
58;FUT Esports;1;2;Fire Flux Esports;2022/01/14
59;FUT Esports;2;0;Galatasaray Esports;2022/01/13
60;FUT Esports;0;1;Team Demiral Esports;2021/12/22
61;FUT Esports;0;1;Fenerbahçe Esports;2021/12/21
62;FUT Esports;0;1;Thunderbolts Gaming;2021/12/21
63;FUT Esports;1;0;Regnum Carya Esports;2021/12/19
64;FUT Esports;1;0;Beşiktaş Esports;2021/12/19
65;FUT Esports;2;3;Regnum Carya Esports;2021/11/29
66;FUT Esports;1;2;Fire Flux Esports;2021/11/28
67;FUT Esports;2;1;Thunderbolts Gaming;2021/11/26
68;FUT Esports;2;0;Fenerbahçe Esports;2021/11/23
69;FUT Esports;0;2;Giants Gaming;2021/11/05
70;FUT Esports;1;0;BIG;2021/11/04
71;FUT Esports;1;0;G2 Esports;2021/11/04
72;FUT Esports;0;1;Team Liquid;2021/11/04
73;FUT Esports;0;2;Guild Esports;2021/10/16
74;FUT Esports;2;1;Papara SuperMassive;2021/10/15
75;FUT Esports;1;2;G2 Esports;2021/10/13
76;FUT Esports;2;0;Oxygen Esports;2021/10/10
77;FUT Esports;2;0;Fire Flux Esports;2021/09/02
78;FUT Esports;1;3;Kafalar eSports;2021/08/31
79;FUT Esports;2;0;OtherSide;2021/08/26
80;FUT Esports;2;0;İstanbul Wildcats;2021/08/25
81;FUT Esports;3;0;BBL Esports;2021/03/21
82;FUT Esports;2;0;RARE Esports;2021/03/20
83;FUT Esports;2;0;BBL Esports;2021/03/18
84;FUT Esports;2;1;OtherSide;2021/03/13
85;FUT Esports;2;0;Anatolia Esports;2021/03/07
86;FUT Esports;1;2;OtherSide;2021/02/28
87;FUT Esports;2;1;İstanbul Wildcats;2021/02/14
88;FUT Esports;2;0;Team Aurora;2021/02/12
89;FUT Esports;2;0;Blame Esports;2021/02/12
90;FUT Esports;1;3;Ninjas in Pyjamas;2021/01/28
91;FUT Esports;0;2;OtherSide;2021/01/13
92;FUT Esports;2;1;RED5;2021/01/02
93;FUT Esports;2;0;OtherSide;2021/01/02
94;FUT Esports;2;0;Dark Passage;2020/12/25
95;FUT Esports;2;1;Anatolia Esports;2020/12/24
96;FUT Esports;2;1;Oxygen Esports;2020/12/23
97;FUT Esports;1;0;OtherSide;2020/12/15
98;FUT Esports;1;0;Thatoc Esports;2020/12/15
99;FUT Esports;0;3;BBL Esports;2020/12/06
100;FUT Esports;2;0;Oxygen Esports;2020/12/06
101;FUT Esports;0;2;BBL Esports;2020/12/05
102;FUT Esports;2;1;Sangal Esports;2020/12/04
103;FUT Esports;2;0;Beşiktaş Esports;2020/12/03
104;FUT Esports;2;0;NerdTown eSport;2020/11/12
105;FUT Esports;2;0;BBL Esports;2020/10/28
106;FUT Esports;2;0;Sangal Esports;2020/10/27
107;FUT Esports;2;1;Anatolia Esports;2020/10/27
108;FUT Esports;2;0;Random Five;2020/10/25
109;FUT Esports;0;2;Oxygen Esports;2020/10/24
110;FUT Esports;0;1;FunPlus Phoenix;2020/10/03
111;FUT Esports;0;1;SUMN FC;2020/10/03
112;FUT Esports;1;0;DPE;2020/10/03
113;FUT Esports;1;0;Wave Esports;2020/10/03
114;FUT Esports;1;0;Eloquence;2020/10/03
115;FUT Esports;2;1;Oxygen Esports;2020/09/27
116;FUT Esports;1;2;Oxygen Esports;2020/09/26
117;FUT Esports;2;1;İstanbul Wildcats;2020/09/25
118;FUT Esports;2;0;5tar;2020/09/24
119;FUT Esports;0;2;FABRIKEN;2020/07/05
120;FUT Esports;1;0;Headshot;2020/07/05
121;FUT Esports;0;2;Team Jbzz;2020/07/03
