;equipe;placar_casa;placar_visita;time_visita;data
0;All Knights;2;0;Furious Gaming;2024/06/19
1;All Knights;1;2;9z Team;2024/06/18
2;All Knights;2;0;9z Team;2024/06/12
3;All Knights;2;0;Zen eSports;2024/06/11
4;All Knights;2;0;XSOUL;2024/06/04
5;All Knights;2;0;OXEN;2024/05/21
6;All Knights;2;0;Furious Gaming;2024/05/15
7;All Knights;2;3;9z Team;2024/04/03
8;All Knights;3;0;Furious Gaming;2024/04/02
9;All Knights;1;2;9z Team;2024/03/27
10;All Knights;2;0;XSOUL;2024/03/26
11;All Knights;2;0;9z Team;2024/03/12
12;All Knights;2;0;Nottingham Miedo;2024/03/06
13;All Knights;1;2;XSOUL;2024/02/28
14;All Knights;2;1;Furious Gaming;2024/02/27
15;All Knights;2;0;OXEN;2024/02/20
16;All Knights;0;2;9z Team;2023/12/07
17;All Knights;1;2;Nottingham Miedo;2023/12/01
18;All Knights;2;0;Furious Gaming;2023/11/29
19;All Knights;2;1;LRV Esports;2023/11/28
20;All Knights;0;2;9z Team;2023/10/16
21;All Knights;2;0;LRV Esports;2023/10/15
22;All Knights;2;1;Leviatán Academy;2023/10/13
