;equipe;placar_casa;placar_visita;time_visita;data
0;JD Gaming;2;0;Titan Esports Club;2024/06/15
1;JD Gaming;2;0;Wolves Esports;2024/05/03
2;JD Gaming;0;2;Bilibili Gaming;2024/04/28
3;JD Gaming;1;2;Dragon Ranger Gaming;2024/04/20
4;JD Gaming;1;2;Nova Esports;2024/04/12
5;JD Gaming;1;2;EDward Gaming;2024/04/06
6;JD Gaming;1;2;Titan Esports Club;2024/02/26
7;JD Gaming;2;0;All Gamers;2024/02/24
8;JD Gaming;0;2;Titan Esports Club;2024/02/23
9;JD Gaming;1;3;Dragon Ranger Gaming;2023/12/30
10;JD Gaming;2;0;Attacking Soul Esports;2023/12/28
11;JD Gaming;2;0;Dragon Ranger Gaming;2023/12/27
12;JD Gaming;2;0;Night Wings Gaming;2023/12/24
13;JD Gaming;2;0;KeepBest Gaming;2023/12/23
14;JD Gaming;0;3;EDward Gaming;2023/11/26
15;JD Gaming;2;0;EDward Gaming;2023/11/24
16;JD Gaming;2;1;Trace Esports;2023/11/20
17;JD Gaming;2;0;Dragon Ranger Gaming;2023/11/17
18;JD Gaming;0;1;Regans Gaming;2023/11/02
19;JD Gaming;1;3;EDward Gaming;2023/10/28
20;JD Gaming;2;1;Attacking Soul Esports;2023/10/27
21;JD Gaming;0;2;EDward Gaming;2023/10/26
22;JD Gaming;2;0;FunPlus Phoenix;2023/10/24
23;JD Gaming;0;2;Attacking Soul Esports;2023/10/22
24;JD Gaming;2;1;TYLOO;2023/10/21
25;JD Gaming;0;2;Ninjas In Pyjamas;2023/10/13
26;JD Gaming;0;2;Royal Never Give Up;2023/10/10
27;JD Gaming;2;1;Night Wings Gaming;2023/10/08
28;JD Gaming;2;0;KeepBest Gaming;2023/10/07
29;JD Gaming;0;2;TYLOO;2023/10/06
30;JD Gaming;1;0;NewHappy Esports;2023/10/05
31;JD Gaming;1;3;EDward Gaming;2023/10/01
32;JD Gaming;3;2;FunPlus Phoenix;2023/09/30
33;JD Gaming;2;0;Trace Esports;2023/09/28
34;JD Gaming;2;0;Attacking Soul Esports;2023/09/27
35;JD Gaming;2;0;Weibo Gaming;2023/09/25
36;JD Gaming;0;2;FunPlus Phoenix;2023/09/24
37;JD Gaming;2;0;Weibo Gaming;2023/09/14
38;JD Gaming;2;1;Royal Never Give Up;2023/09/13
39;JD Gaming;0;1;Nova Esports;2023/09/07
40;JD Gaming;0;2;Invincible Gaming;2023/06/06
41;JD Gaming;1;2;Monarch Effect;2023/06/04
42;JD Gaming;1;2;Dragon Ranger Gaming;2023/06/02
43;JD Gaming;0;2;Dragon Ranger Gaming;2023/05/14
44;JD Gaming;1;2;Totoro Gaming;2023/05/12
45;JD Gaming;2;1;Dragon Ranger Gaming;2023/05/06
46;JD Gaming;2;1;JiJieHao;2023/04/16
47;JD Gaming;0;2;Douyu Gaming;2023/04/16
48;JD Gaming;2;1;Bilibili Gaming;2023/04/15
49;JD Gaming;2;0;Kingzone;2023/04/14
50;JD Gaming;2;0;Nova Esports;2023/04/13
51;JD Gaming;0;2;Monarch Effect;2023/04/06
52;JD Gaming;0;2;Kingzone;2023/03/15
53;JD Gaming;1;2;Number One Player;2023/03/10
54;JD Gaming;2;0;J Team;2023/03/09
55;JD Gaming;0;2;Four Angry Men;2023/03/05
56;JD Gaming;1;2;Bilibili Gaming;2023/03/04
57;JD Gaming;2;1;Number One Player;2023/03/03
58;JD Gaming;2;1;Nova Esports;2023/03/02
59;JD Gaming;0;2;TYLOO;2023/02/23
60;JD Gaming;0;2;Totoro Gaming;2023/02/15
