;equipe;placar_casa;placar_visita;time_visita;data
0;GoNext Esports;2;0;NOM Esports;2024/06/12
1;GoNext Esports;2;0;Zero Tenacity;2024/06/10
2;GoNext Esports;1;2;Acend;2024/06/04
3;GoNext Esports;2;1;trashcan;2024/05/27
4;GoNext Esports;2;0;ESC Gaming;2024/05/21
5;GoNext Esports;3;1;Chipi Chapa's;2024/04/09
6;GoNext Esports;2;0;Diamant Esports;2024/04/07
7;GoNext Esports;2;0;Zero Tenacity;2024/04/06
8;GoNext Esports;2;1;Acend;2024/03/13
9;GoNext Esports;2;0;ESC Gaming;2024/03/12
10;GoNext Esports;2;0;ESC Gaming;2024/03/07
11;GoNext Esports;2;0;B8 Esports;2024/03/05
12;GoNext Esports;2;0;Incognito;2024/02/13
13;GoNext Esports;2;0;NOM Esports;2024/02/06
14;GoNext Esports;2;0;Chipi Chapa's;2024/01/31
15;GoNext Esports;1;2;Zero Tenacity;2024/01/29
16;GoNext Esports;1;2;Diamant Esports;2024/01/24
17;GoNext Esports;0;2;Acend;2024/01/16
18;GoNext Esports;2;0;Enterprise Esports;2024/01/15
19;GoNext Esports;2;0;SAW;2023/12/13
20;GoNext Esports;0;2;Acend;2023/12/13
21;GoNext Esports;2;0;Galakticos;2023/12/10
22;GoNext Esports;2;0;Hamburger Jungs;2023/12/10
23;GoNext Esports;1;0;HASBYGANG;2023/12/10
24;GoNext Esports;2;3;Acend;2023/11/10
25;GoNext Esports;3;1;Szypko;2023/11/09
26;GoNext Esports;0;2;Acend;2023/11/07
27;GoNext Esports;2;1;Zero Tenacity;2023/11/05
28;GoNext Esports;2;0;caLLLamas;2023/11/02
29;GoNext Esports;2;0;Enterprise Esports;2023/10/19
30;GoNext Esports;2;0;Origami Team;2023/10/16
31;GoNext Esports;2;0;Zero Tenacity;2023/10/09
32;GoNext Esports;2;1;Acend;2023/10/05
33;GoNext Esports;0;2;Diamant Esports;2023/09/29
34;GoNext Esports;2;0;Incognito;2023/09/22
35;GoNext Esports;2;0;eco chálks;2023/09/15
36;GoNext Esports;1;2;Zero Tenacity;2023/05/23
37;GoNext Esports;0;2;Anonymo Esports;2023/05/22
38;GoNext Esports;0;1;Anonymo Esports;2023/05/21
39;GoNext Esports;0;1;Diamant Esports;2023/05/20
40;GoNext Esports;0;1;Acend;2023/05/16
41;GoNext Esports;1;0;Rapid Ninjas;2023/04/16
42;GoNext Esports;1;0;Enterprise Esports;2023/04/15
43;GoNext Esports;0;1;NOM Esports;2023/04/09
44;GoNext Esports;0;1;B8 Esports;2023/04/08
45;GoNext Esports;0;1;TBD;2023/04/02
46;GoNext Esports;0;1;Zero Tenacity;2023/04/01
47;GoNext Esports;1;0;Anonymo Esports;2023/03/06
48;GoNext Esports;0;1;Zero Tenacity;2023/03/05
49;GoNext Esports;0;1;Acend;2023/02/12
50;GoNext Esports;0;1;Enterprise Esports;2023/02/11
51;GoNext Esports;1;0;B8 Esports;2023/02/10
52;GoNext Esports;0;1;Diamant Esports;2023/02/09
53;GoNext Esports;0;1;Cyber Wolves Esports;2023/02/05
54;GoNext Esports;0;1;Rapid Ninjas;2023/02/04
55;GoNext Esports;1;0;NOM Esports;2023/01/29
56;GoNext Esports;0;1;Anonymo Esports;2023/01/28
57;GoNext Esports;0;1;Zero Tenacity;2023/01/22
58;GoNext Esports;0;1;B8 Esports;2023/01/21
59;GoNext Esports;0;1;Acend;2023/01/20
60;GoNext Esports;1;0;Enterprise Esports;2023/01/19
61;GoNext Esports;0;1;Diamant Esports;2023/01/15
62;GoNext Esports;0;1;Cyber Wolves Esports;2023/01/14
63;GoNext Esports;1;0;Rapid Ninjas;2023/01/13
64;GoNext Esports;1;0;NOM Esports;2023/01/12
65;GoNext Esports;0;3;Diamant Esports;2022/12/29
66;GoNext Esports;3;0;325;2022/12/28
67;GoNext Esports;0;2;Diamant Esports;2022/12/27
68;GoNext Esports;1;0;LANDODGERS;2022/12/23
69;GoNext Esports;1;0;ACE eSports;2022/12/15
70;GoNext Esports;1;0;Ludus;2022/12/08
71;GoNext Esports;1;0;Kum Gaming;2022/12/06
72;GoNext Esports;1;0;RedPack eSports;2022/12/04
73;GoNext Esports;1;0;ACE eSports;2022/12/03
74;GoNext Esports;1;0;LANDODGERS;2022/12/01
75;GoNext Esports;1;0;Ludus;2022/11/29
76;GoNext Esports;1;2;kripoloidi;2022/10/19
77;GoNext Esports;0;1;S2G Esports;2022/10/08
78;GoNext Esports;0;1;ALTERNATE aTTaX;2022/10/08
79;GoNext Esports;0;1;Team Lixa;2022/10/07
80;GoNext Esports;1;0;Enterprise Esports;2022/10/07
81;GoNext Esports;0;2;Rapid Ninjas;2022/08/04
82;GoNext Esports;2;1;Anonymo Esports;2022/08/04
83;GoNext Esports;0;2;Rapid Ninjas;2022/08/03
84;GoNext Esports;2;0;NOM Junior;2022/08/03
85;GoNext Esports;0;2;NOM Esports;2022/07/01
86;GoNext Esports;0;2;Diamant Esports;2022/07/01
87;GoNext Esports;1;0;Entropiq;2022/06/23
88;GoNext Esports;1;0;Anonymo Esports;2022/06/22
89;GoNext Esports;1;0;TENSTAR;2022/06/16
90;GoNext Esports;1;0;Enterprise Esports;2022/06/15
91;GoNext Esports;0;1;Diamant Esports;2022/06/09
92;GoNext Esports;0;1;Zero Tenacity;2022/06/08
93;GoNext Esports;1;0;NOM Esports;2022/06/02
94;GoNext Esports;1;0;Entropiq;2022/06/01
95;GoNext Esports;1;0;TENSTAR;2022/05/26
96;GoNext Esports;0;1;Zero Tenacity;2022/05/25
97;GoNext Esports;0;1;Enterprise Esports;2022/05/19
98;GoNext Esports;1;0;Diamant Esports;2022/05/18
99;GoNext Esports;0;1;NOM Esports;2022/05/12
100;GoNext Esports;1;0;Anonymo Esports;2022/05/11
101;GoNext Esports;0;2;Anonymo Esports;2022/03/18
102;GoNext Esports;2;1;NOM Esports;2022/03/17
103;GoNext Esports;0;2;AWARIA;2022/03/16
104;GoNext Esports;2;0;KTRL;2022/03/10
105;GoNext Esports;0;2;NOM Esports;2022/03/09
106;GoNext Esports;2;0;Entropiq;2022/03/03
107;GoNext Esports;0;2;AWARIA;2022/03/02
108;GoNext Esports;2;0;Anonymo Esports;2022/02/23
109;GoNext Esports;2;0;Finest;2022/02/17
110;GoNext Esports;0;2;Honvéd Esport;2022/02/16
111;GoNext Esports;0;2;Human Tripwires;2022/01/18
112;GoNext Esports;2;0;Kahoot;2022/01/18
113;GoNext Esports;2;0;GOODFOR1;2022/01/17
114;GoNext Esports;2;0;Team Frosty;2022/01/17
115;GoNext Esports;1;2;Team Vitality;2022/01/11
116;GoNext Esports;2;1;Purple Team;2022/01/11
117;GoNext Esports;2;0;Lucadmin eSports;2022/01/10
118;GoNext Esports;2;1;midnightclub;2022/01/10
119;GoNext Esports;3;1;The 5th Dimension;2021/12/02
120;GoNext Esports;3;0;WLGaming Esports;2021/11/19
121;GoNext Esports;2;0;Ozaki 8 Esports;2021/11/12
122;GoNext Esports;2;0;The 5th Dimension;2021/10/28
123;GoNext Esports;0;2;Intrepid Fox;2021/10/22
124;GoNext Esports;2;0;WLGaming Esports;2021/10/21
125;GoNext Esports;2;0;ZERO LAG;2021/10/14
126;GoNext Esports;0;2;Lucky Boys;2021/09/26
