;equipe;placar_casa;placar_visita;time_visita;data
0;Leviatán;1;2;FUT Esports;2024/05/27
1;Leviatán;2;0;T1;2024/05/26
2;Leviatán;1;2;Gen.G;2024/05/24
3;Leviatán;2;3;G2 Esports;2024/05/11
4;Leviatán;2;1;KRÜ Esports;2024/05/10
5;Leviatán;1;2;100 Thieves;2024/05/09
6;Leviatán;2;1;KRÜ Esports;2024/05/04
7;Leviatán;2;1;G2 Esports;2024/04/24
8;Leviatán;2;0;NRG Esports;2024/04/21
9;Leviatán;2;0;Sentinels;2024/04/13
10;Leviatán;1;2;Cloud9;2024/04/06
11;Leviatán;1;2;Sentinels;2024/02/25
12;Leviatán;1;2;LOUD;2024/02/23
13;Leviatán;2;1;100 Thieves;2024/02/17
14;Leviatán;3;0;FURIA;2023/11/12
15;Leviatán;2;0;Cloud9;2023/11/11
16;Leviatán;2;0;KRÜ Esports;2023/11/10
17;Leviatán;1;0;KRÜ Esports;2023/10/14
18;Leviatán;1;3;KRÜ Esports;2023/07/23
19;Leviatán;3;2;Cloud9;2023/07/22
20;Leviatán;2;0;Sentinels;2023/07/18
21;Leviatán;0;2;KRÜ Esports;2023/07/17
22;Leviatán;1;2;Cloud9;2023/05/25
23;Leviatán;1;2;FURIA;2023/05/23
24;Leviatán;0;2;LOUD;2023/05/19
25;Leviatán;0;2;Cloud9;2023/05/15
26;Leviatán;2;0;KRÜ Esports;2023/05/07
27;Leviatán;1;2;Evil Geniuses;2023/04/30
28;Leviatán;1;2;100 Thieves;2023/04/24
29;Leviatán;2;0;MIBR;2023/04/21
30;Leviatán;2;1;Sentinels;2023/04/16
31;Leviatán;1;2;FURIA;2023/04/08
32;Leviatán;2;0;NRG Esports;2023/04/03
33;Leviatán;0;2;Natus Vincere;2023/02/27
34;Leviatán;2;0;Team Vitality;2023/02/25
35;Leviatán;2;0;ZETA DIVISION;2023/02/22
36;Leviatán;3;1;MIBR;2022/12/04
37;Leviatán;2;1;MIBR;2022/12/03
38;Leviatán;2;0;Optix;2022/12/02
39;Leviatán;2;1;KOI;2022/10/21
40;Leviatán;0;2;FunPlus Phoenix;2022/09/11
41;Leviatán;0;2;LOUD;2022/09/09
42;Leviatán;2;0;Paper Rex;2022/09/01
43;Leviatán;2;0;Team Liquid;2022/08/31
44;Leviatán;1;2;FNATIC;2022/07/18
45;Leviatán;2;1;XSET;2022/07/16
46;Leviatán;1;2;DRX;2022/07/15
47;Leviatán;3;0;KRÜ Esports;2022/06/26
48;Leviatán;3;2;FUSION;2022/06/25
49;Leviatán;2;0;E-Xolos LAZER;2022/06/24
50;Leviatán;1;2;FUSION;2022/06/23
51;Leviatán;2;0;9z Team;2022/06/12
52;Leviatán;0;2;KRÜ Esports;2022/06/11
53;Leviatán;2;0;9z Team;2022/06/04
54;Leviatán;1;2;KRÜ Esports;2022/05/29
55;Leviatán;2;0;SunXet Club;2022/05/28
56;Leviatán;2;1;Optix;2022/05/21
57;Leviatán;2;0;PAMPAS;2022/05/15
58;Leviatán;0;3;Ninjas In Pyjamas;2022/04/01
59;Leviatán;2;3;KRÜ Esports;2022/03/28
60;Leviatán;2;1;E-Xolos LAZER;2022/03/26
61;Leviatán;2;0;FUSION;2022/03/25
62;Leviatán;2;0;KRÜ Esports;2022/03/12
63;Leviatán;0;2;KRÜ Esports;2022/03/06
64;Leviatán;2;0;Optix;2022/03/05
65;Leviatán;2;0;EBRO Gaming;2022/02/26
66;Leviatán;2;0;9z Team;2022/02/20
67;Leviatán;2;0;Meta Gaming;2022/02/13
68;Leviatán;0;2;9z Team;2021/10/24
69;Leviatán;0;3;FURIA;2021/10/17
70;Leviatán;2;0;Liberty;2021/10/16
71;Leviatán;2;1;Sharks Esports;2021/10/11
72;Leviatán;2;1;FURIA;2021/10/11
73;Leviatán;3;0;Newstar;2021/10/02
74;Leviatán;3;1;Wanderers Esports;2021/09/13
75;Leviatán;1;1;Eternals Gaming;2021/08/30
76;Leviatán;0;3;KRÜ Esports;2021/08/20
77;Leviatán;2;1;KRÜ Esports;2021/08/19
78;Leviatán;2;0;INFINITY;2021/08/18
79;Leviatán;2;0;Rebirth Esports;2021/08/10
80;Leviatán;2;0;9z Team;2021/08/05
81;Leviatán;0;2;KRÜ Esports;2021/08/04
82;Leviatán;2;0;Pana.Rabbit;2021/08/03
83;Leviatán;2;0;Wanderers Esports;2021/07/19
84;Leviatán;1;2;Optix;2021/07/15
85;Leviatán;2;0;OESTE FWT;2021/07/14
86;Leviatán;2;1;Kaos Latin Gamers;2021/07/13
87;Leviatán;2;0;Rebirth Esports;2021/07/06
88;Leviatán;2;1;9z Team;2021/07/04
89;Leviatán;2;0;Kaos Latin Gamers;2021/07/03
90;Leviatán;2;1;Furious Gaming;2021/07/02
91;Leviatán;0;2;9z Team;2021/07/01
92;Leviatán;2;0;Optix;2021/06/29
93;Leviatán;1;0;Meta Gaming;2021/06/29
94;Leviatán;2;0;Malvinas Gaming;2021/06/24
95;Leviatán;1;2;Furious Gaming;2021/06/21
96;Leviatán;1;2;TERROR.NET;2021/06/16
97;Leviatán;2;0;Eternals Gaming;2021/06/15
98;Leviatán;1;2;HIGHPOWER;2021/06/10
99;Leviatán;2;0;7even Esport;2021/06/08
100;Leviatán;1;0;Inflames Gaming;2021/06/03
101;Leviatán;1;0;LilBabies;2021/06/03
102;Leviatán;1;0;SUB16;2021/06/03
103;Leviatán;3;0;Furious Gaming;2021/05/17
104;Leviatán;2;1;9z Team;2021/05/16
105;Leviatán;1;0;Malvinas Gaming;2021/05/14
106;Leviatán;0;1;9z Team;2021/05/14
107;Leviatán;1;0;ATROPELADOS;2021/05/13
108;Leviatán;0;1;Optix;2021/05/13
109;Leviatán;1;2;Cruzados Esports;2021/04/17
110;Leviatán;0;2;Optix;2021/04/15
111;Leviatán;2;1;Cataclysm Team;2021/04/14
112;Leviatán;0;2;ATROPELADOS;2021/04/14
113;Leviatán;1;2;9z Team;2021/04/01
114;Leviatán;2;0;Furious Gaming;2021/03/26
115;Leviatán;1;0;Wygers Argentina;2021/03/24
116;Leviatán;0;1;Meta Gaming;2021/03/24
117;Leviatán;1;0;Malvinas Gaming;2021/03/23
