;equipe;placar_casa;placar_visita;time_visita;data
0;SCARZ;2;1;FENNEL;2024/06/21
1;SCARZ;0;2;VARREL;2024/06/13
2;SCARZ;2;0;RIDDLE ORDER;2024/06/11
3;SCARZ;2;1;REJECT;2024/05/29
4;SCARZ;2;1;NORTHEPTION;2024/05/21
5;SCARZ;0;2;Sengoku Gaming;2024/05/20
6;SCARZ;2;0;Murash Gaming;2024/05/07
7;SCARZ;2;1;CREST GAMING Zst;2024/05/06
8;SCARZ;2;1;IGZIST;2024/03/10
9;SCARZ;0;2;Murash Gaming;2024/03/09
10;SCARZ;0;2;NORTHEPTION;2024/03/02
11;SCARZ;2;0;VARREL;2024/02/15
12;SCARZ;1;2;Sengoku Gaming;2024/02/12
13;SCARZ;1;2;REJECT;2024/02/11
14;SCARZ;1;2;FENNEL;2024/02/03
15;SCARZ;2;0;Father's Back;2024/01/24
16;SCARZ;2;0;Father's Back;2024/01/23
17;SCARZ;2;0;Citrus e-sports;2024/01/22
18;SCARZ;0;1;100 Thieves;2023/11/03
19;SCARZ;0;1;DRX;2023/11/03
20;SCARZ;0;3;BLEED;2023/07/09
21;SCARZ;2;1;NAOS;2023/07/08
22;SCARZ;2;0;Fancy United Esports;2023/07/07
23;SCARZ;2;0;Dplus Esports;2023/07/04
24;SCARZ;1;2;BLEED;2023/07/01
25;SCARZ;2;0;Orangutan;2023/06/30
26;SCARZ;2;0;Bonkers;2023/06/28
27;SCARZ;3;2;Jadeite;2023/06/04
28;SCARZ;3;1;FENNEL;2023/06/03
29;SCARZ;1;3;Jadeite;2023/05/11
30;SCARZ;2;0;CREST GAMING Zst;2023/05/04
31;SCARZ;1;2;Crazy Raccoon;2023/05/04
32;SCARZ;2;1;FENNEL;2023/05/03
33;SCARZ;2;0;NORTHEPTION;2023/04/28
34;SCARZ;2;1;Jadeite;2023/04/26
35;SCARZ;2;1;IGZIST;2023/04/20
36;SCARZ;2;0;Sengoku Gaming;2023/04/14
37;SCARZ;2;1;CREST GAMING Zst;2023/03/30
38;SCARZ;2;1;FAV gaming;2023/03/27
39;SCARZ;2;3;FENNEL;2023/03/18
40;SCARZ;0;3;Crazy Raccoon;2023/02/20
41;SCARZ;2;0;CREST GAMING Zst;2023/02/09
42;SCARZ;0;2;Crazy Raccoon;2023/02/08
43;SCARZ;2;0;IGZIST;2023/02/05
44;SCARZ;2;0;FENNEL;2023/02/04
45;SCARZ;2;1;Sengoku Gaming;2023/02/02
46;SCARZ;2;1;REJECT;2023/01/29
47;SCARZ;2;1;NORTHEPTION;2023/01/28
48;SCARZ;2;1;Jadeite;2023/01/15
49;SCARZ;2;1;Jadeite;2023/01/14
50;SCARZ;2;0;Rebellion Arts;2023/01/13
51;SCARZ;2;0;ElBlast;2023/01/13
52;SCARZ;2;1;DAMWON Gaming;2022/12/18
53;SCARZ;0;2;All Ways Incheon;2022/12/09
54;SCARZ;1;2;OQ academy;2022/12/08
55;SCARZ;2;0;みぞもりゲーミング;2022/11/13
56;SCARZ;2;0;Ambitious Gaming;2022/11/12
57;SCARZ;0;2;Crazy Raccoon;2022/06/12
58;SCARZ;2;0;Sengoku Gaming;2022/06/11
59;SCARZ;0;2;ZETA DIVISION;2022/06/10
60;SCARZ;1;2;Crazy Raccoon;2022/06/05
61;SCARZ;2;1;CREST GAMING Zst;2022/06/05
62;SCARZ;2;0;SCARZ;2022/05/27
63;SCARZ;2;0;AVALON Gaming;2022/05/26
64;SCARZ;2;0;ENTER FORCE.36;2022/05/26
65;SCARZ;2;0;AriaSheeP;2022/05/26
66;SCARZ;2;0;K2 esports;2022/05/26
67;SCARZ;0;2;FAV gaming;2022/05/13
68;SCARZ;2;0;Rebellion Arts;2022/05/12
69;SCARZ;1;2;CERULEAN.EXE;2022/05/12
70;SCARZ;2;0;Ark5;2022/05/10
71;SCARZ;2;0;Focus e-Sports;2022/05/10
72;SCARZ;0;2;FAV gaming;2022/03/12
73;SCARZ;0;2;CREST GAMING Zst;2022/03/05
74;SCARZ;2;0;AVALON Gaming;2022/03/03
75;SCARZ;1;2;REJECT;2022/02/26
76;SCARZ;0;2;BLUE BEES.ESP;2022/02/19
77;SCARZ;2;1;DeToNator;2022/02/17
78;SCARZ;2;0;looking for a name;2022/02/17
79;SCARZ;2;1;Big Bang;2021/10/21
80;SCARZ;2;1;FAV gaming;2021/10/20
81;SCARZ;2;1;iXA;2021/10/19
82;SCARZ;1;0;Stella;2021/10/19
83;SCARZ;0;1;Feeling;2021/07/17
84;SCARZ;1;0;ShikouKouketsu;2021/07/17
85;SCARZ;1;0;Updraft;2021/07/17
86;SCARZ;1;0;Click Five;2021/07/17
87;SCARZ;1;0;Doubt the theory;2021/07/04
88;SCARZ;1;0;AKIHABARA ENCOUNT;2021/07/04
89;SCARZ;1;0;Updraft;2021/07/04
90;SCARZ;1;0;Chimimouryou;2021/07/04
91;SCARZ;0;1;SETOUCHI ENLIFE;2021/07/04
92;SCARZ;1;0;New Team;2021/07/04
93;SCARZ;0;2;REJECT;2021/05/01
94;SCARZ;0;2;Absolute JUPITER;2021/04/30
95;SCARZ;2;1;FAV gaming;2021/04/29
96;SCARZ;1;0;REJECT;2021/04/03
97;SCARZ;1;0;AKIHABARA ENCOUNT;2021/04/03
98;SCARZ;1;0;Glory be Diva;2021/04/03
99;SCARZ;1;0;REJECT;2020/08/02
100;SCARZ;0;1;Nora-Rengo;2020/06/20
