;equipe;placar_casa;placar_visita;time_visita;data
0;Cloud9;0;2;G2 Esports;2024/05/08
1;Cloud9;2;0;MIBR;2024/05/05
2;Cloud9;2;1;FURIA;2024/04/28
3;Cloud9;0;2;100 Thieves;2024/04/22
4;Cloud9;2;1;LOUD;2024/04/20
5;Cloud9;2;1;Evil Geniuses;2024/04/15
6;Cloud9;2;1;Leviatán;2024/04/06
7;Cloud9;0;2;MIBR;2024/02/25
8;Cloud9;0;2;NRG Esports;2024/02/23
9;Cloud9;2;1;MIBR;2024/02/16
10;Cloud9;0;2;Oxygen Esports;2024/01/14
11;Cloud9;2;1;100 Thieves;2024/01/13
12;Cloud9;0;2;Moist x Shopify;2024/01/13
13;Cloud9;0;2;FURIA;2023/11/12
14;Cloud9;0;2;Leviatán;2023/11/11
15;Cloud9;2;1;FURIA;2023/11/10
16;Cloud9;2;3;FNATIC;2023/11/05
17;Cloud9;2;1;FUT Esports;2023/11/04
18;Cloud9;2;1;ZETA DIVISION;2023/11/03
19;Cloud9;1;0;FENNEL;2023/11/03
20;Cloud9;0;1;ZETA DIVISION;2023/11/03
21;Cloud9;2;1;DRX;2023/10/08
22;Cloud9;1;0;EDward Gaming;2023/10/07
23;Cloud9;1;0;DRX;2023/10/07
24;Cloud9;0;1;T1;2023/10/07
25;Cloud9;2;0;Moist x Shopify;2023/10/02
26;Cloud9;1;0;Moist x Shopify;2023/10/02
27;Cloud9;2;3;Leviatán;2023/07/22
28;Cloud9;1;2;KRÜ Esports;2023/07/18
29;Cloud9;2;1;Sentinels;2023/07/17
30;Cloud9;1;2;NRG Esports;2023/05/26
31;Cloud9;2;1;Leviatán;2023/05/25
32;Cloud9;0;2;Evil Geniuses;2023/05/24
33;Cloud9;2;1;KRÜ Esports;2023/05/19
34;Cloud9;2;0;Leviatán;2023/05/15
35;Cloud9;2;0;MIBR;2023/05/06
36;Cloud9;2;0;Sentinels;2023/04/30
37;Cloud9;2;0;FURIA;2023/04/25
38;Cloud9;2;1;NRG Esports;2023/04/23
39;Cloud9;2;0;100 Thieves;2023/04/15
40;Cloud9;1;2;LOUD;2023/04/08
41;Cloud9;2;0;Evil Geniuses;2023/04/02
42;Cloud9;1;2;DRX;2023/02/18
43;Cloud9;2;0;Paper Rex;2023/02/14
44;Cloud9;0;3;100 Thieves;2022/12/11
45;Cloud9;2;0;KRÜ Esports;2022/12/11
46;Cloud9;2;0;Team Vitality;2022/12/09
47;Cloud9;2;0;KRÜ Esports;2022/12/09
48;Cloud9;1;2;FOKUS;2022/12/09
49;Cloud9;0;2;100 Thieves;2022/08/12
50;Cloud9;2;0;NRG Esports;2022/08/11
51;Cloud9;0;2;The Guard;2022/08/06
52;Cloud9;2;0;Shopify Rebellion;2022/08/05
53;Cloud9;2;1;Version1;2022/07/29
54;Cloud9;2;0;TSM Academy;2021/08/19
55;Cloud9;2;1;TLP Monkies;2021/08/10
56;Cloud9;2;0;Exotic;2021/08/09
57;Cloud9;2;0;Green Beans;2021/08/09
58;Cloud9;0;2;Luminosity;2021/07/25
59;Cloud9;2;0;Complexity;2021/07/23
60;Cloud9;2;0;Good Fellas;2021/07/23
61;Cloud9;2;0;East Hill;2021/07/22
62;Cloud9;2;0;Celestial Violet;2021/07/22
63;Cloud9;0;2;Rise;2021/07/04
64;Cloud9;2;0;BASILISK;2021/07/02
65;Cloud9;2;0;303 Esports;2021/07/01
66;Cloud9;2;0;Foxy;2021/07/01
67;Cloud9;1;2;Version1;2021/05/01
68;Cloud9;1;2;Sentinels;2021/05/01
69;Cloud9;2;0;NRG Esports;2021/04/30
70;Cloud9;2;0;Envy;2021/04/29
71;Cloud9;0;3;Sentinels;2021/04/25
72;Cloud9;2;0;NRG Esports;2021/04/24
73;Cloud9;2;0;Andbox;2021/04/23
74;Cloud9;2;0;T1;2021/04/22
75;Cloud9;1;2;Version1;2021/04/09
76;Cloud9;0;2;100 Thieves;2021/04/09
77;Cloud9;2;1;Immortals;2021/04/08
78;Cloud9;2;0;Gen.G;2021/04/04
79;Cloud9;2;0;seeker;2021/04/02
80;Cloud9;2;1;cute fat boys;2021/04/01
81;Cloud9;2;0;NC State Esports;2021/04/01
82;Cloud9;2;0;Andbox;2021/03/28
83;Cloud9;2;1;Renegades;2021/03/28
84;Cloud9;2;0;Ghost Gaming;2021/03/28
85;Cloud9;2;0;Version1;2021/03/27
86;Cloud9;2;0;Cosmic Divide;2021/03/27
87;Cloud9;0;2;PUGSTARS;2021/03/27
88;Cloud9;1;0;Recon 5 ACD;2021/03/27
89;Cloud9;2;1;Ghost Gaming;2021/01/28
90;Cloud9;2;0;Poised;2021/01/27
91;Cloud9;2;0;Waverunners;2021/01/27
92;Cloud9;1;2;Andbox;2021/01/16
93;Cloud9;2;0;Ghost Gaming;2021/01/15
94;Cloud9;1;2;Equinox Esports;2021/01/15
95;Cloud9;2;1;eUnited;2021/01/14
96;Cloud9;0;1;T1;2020/12/19
97;Cloud9;0;1;Sentinels;2020/12/12
98;Cloud9;0;1;Gen.G;2020/12/12
99;Cloud9;0;1;TSM;2020/12/12
100;Cloud9;0;2;T1;2020/11/21
101;Cloud9;2;1;Spacestation Gaming;2020/11/20
102;Cloud9;2;0;Equinox Esports;2020/11/19
103;Cloud9;0;2;Spacestation Gaming;2020/11/19
104;Cloud9;0;2;Renegades;2020/11/07
105;Cloud9;2;1;100 Thieves;2020/11/06
106;Cloud9;2;0;XSET;2020/11/04
107;Cloud9;2;1;Envy;2020/10/30
108;Cloud9;2;1;TSM;2020/10/29
109;Cloud9;2;1;Slimy Boogermen;2020/10/28
110;Cloud9;2;1;Equinox Esports;2020/10/27
111;Cloud9;2;0;DimmaDome$;2020/10/27
112;Cloud9;2;0;Exotic;2020/10/26
113;Cloud9;2;0;TMU SHORTYKINGS;2020/10/26
114;Cloud9;2;0;Moon Raccoons;2020/10/18
115;Cloud9;1;2;Immortals;2020/10/18
116;Cloud9;2;0;FaZe Clan;2020/10/18
117;Cloud9;2;0;Complexity;2020/10/17
118;Cloud9;1;0;Equinox Esports;2020/10/17
119;Cloud9;0;1;Andbox;2020/10/17
120;Cloud9;0;2;Envy;2020/08/30
121;Cloud9;1;2;Sentinels;2020/08/29
122;Cloud9;2;1;Envy;2020/08/29
123;Cloud9;2;0;Dignitas;2020/08/27
124;Cloud9;2;1;Gen.G;2020/08/26
125;Cloud9;0;1;TSM;2020/08/16
126;Cloud9;1;0;Envy;2020/08/16
127;Cloud9;1;0;Homeless;2020/08/16
128;Cloud9;1;0;Renegades;2020/08/16
129;Cloud9;0;1;Immortals;2020/08/16
130;Cloud9;1;0;Complexity;2020/08/16
131;Cloud9;1;0;Spot Up;2020/08/16
132;Cloud9;1;0;Luminosity;2020/08/16
133;Cloud9;1;2;Immortals;2020/08/08
134;Cloud9;2;1;FaZe Clan;2020/08/07
135;Cloud9;1;2;Envy;2020/08/07
136;Cloud9;2;1;TSM;2020/08/06
137;Cloud9;2;0;Renegades;2020/08/06
138;Cloud9;1;3;Sentinels;2020/07/26
139;Cloud9;2;0;Homeless;2020/07/25
140;Cloud9;2;0;Immortals;2020/07/24
141;Cloud9;2;0;Team Owl;2020/07/23
142;Cloud9;0;2;Sentinels;2020/07/23
143;Cloud9;2;1;Renegades;2020/07/22
144;Cloud9;2;0;Complexity;2020/07/22
145;Cloud9;2;0;Gen.G;2020/07/18
146;Cloud9;2;0;Echo 8;2020/07/18
147;Cloud9;2;0;Way 2 French;2020/07/18
148;Cloud9;0;2;Gen.G;2020/07/12
149;Cloud9;2;0;together we are terrific;2020/07/12
150;Cloud9;2;1;TSM;2020/07/11
151;Cloud9;1;0;Oxygen Supremacy;2020/07/11
152;Cloud9;0;1;Gen.G;2020/07/10
153;Cloud9;1;0;Triumph;2020/07/10
154;Cloud9;0;1;together we are terrific;2020/07/08
155;Cloud9;1;0;100 Thieves;2020/07/08
156;Cloud9;0;1;Gen.G;2020/07/08
157;Cloud9;2;1;FaZe Clan;2020/06/27
158;Cloud9;0;2;Prospects;2020/06/26
159;Cloud9;0;2;together we are terrific;2020/06/26
160;Cloud9;0;2;TSM;2020/06/16
161;Cloud9;2;0;Gen.G;2020/06/15
162;Cloud9;2;1;MIXUP;2020/06/15
163;Cloud9;0;1;TSM;2020/06/06
164;Cloud9;0;1;Team dizzy;2020/06/06
165;Cloud9;1;0;Gen.G;2020/06/06
