;equipe;placar_casa;placar_visita;time_visita;data
0;Furious Gaming;0;2;All Knights;2024/06/19
1;Furious Gaming;1;2;OXEN;2024/06/18
2;Furious Gaming;2;1;Zen eSports;2024/06/15
3;Furious Gaming;2;0;XSOUL;2024/06/11
4;Furious Gaming;0;2;OXEN;2024/06/04
5;Furious Gaming;0;2;9z Team;2024/05/28
6;Furious Gaming;0;2;mix9;2024/05/21
7;Furious Gaming;0;2;All Knights;2024/05/15
8;Furious Gaming;0;3;All Knights;2024/04/02
9;Furious Gaming;2;0;XSOUL;2024/03/27
10;Furious Gaming;0;2;9z Team;2024/03/26
11;Furious Gaming;2;0;OXEN;2024/03/14
12;Furious Gaming;2;0;XSOUL;2024/03/12
13;Furious Gaming;2;0;OXEN;2024/03/06
14;Furious Gaming;0;2;Nottingham Miedo;2024/03/05
15;Furious Gaming;1;2;All Knights;2024/02/27
16;Furious Gaming;0;2;9z Team;2024/02/21
17;Furious Gaming;2;1;Kaos Latin Gamers;2021/07/19
18;Furious Gaming;2;0;Eternals Gaming;2021/07/12
19;Furious Gaming;2;0;7even Esport;2021/07/05
20;Furious Gaming;1;2;Australs;2021/07/02
21;Furious Gaming;2;1;Meta Gaming;2021/06/30
22;Furious Gaming;0;2;Wanderers Esports;2021/06/29
23;Furious Gaming;0;1;9z Team;2021/06/29
24;Furious Gaming;2;1;Cruzados Esports;2021/06/24
25;Furious Gaming;2;1;Australs;2021/06/21
26;Furious Gaming;1;2;Rebirth Esports;2021/06/15
27;Furious Gaming;2;0;Optix;2021/06/07
28;Furious Gaming;0;3;Australs;2021/05/17
29;Furious Gaming;2;1;Meta Gaming;2021/05/16
30;Furious Gaming;2;0;Malvinas Gaming;2021/05/15
31;Furious Gaming;1;0;ATROPELADOS;2021/05/14
32;Furious Gaming;0;1;Malvinas Gaming;2021/05/13
33;Furious Gaming;1;2;Optix;2021/04/23
34;Furious Gaming;1;0;Dylema Gaming;2020/12/01
35;Furious Gaming;0;1;Australs;2020/12/01
36;Furious Gaming;0;1;Estral Esports;2020/11/29
37;Furious Gaming;0;1;Rebirth Esports;2020/11/29
38;Furious Gaming;1;0;Feint Gaming;2020/11/28
39;Furious Gaming;0;1;9z Team;2020/11/28
40;Furious Gaming;2;0;Team Samurai;2020/11/26
41;Furious Gaming;0;3;Santiago Wanderers;2020/10/16
42;Furious Gaming;2;0;DKS Esports;2020/10/09
43;Furious Gaming;1;0;Rebirth Esports;2020/10/06
44;Furious Gaming;1;0;Santiago Wanderers;2020/09/29
45;Furious Gaming;1;2;Australs;2020/09/27
46;Furious Gaming;2;1;Bencheados;2020/09/25
47;Furious Gaming;1;0;FroztFire;2020/09/22
48;Furious Gaming;0;3;Estral Esports;2020/09/17
49;Furious Gaming;2;0;9z Team;2020/09/14
50;Furious Gaming;2;1;Dylema Gaming;2020/09/12
51;Furious Gaming;1;0;Rebirth Esports;2020/09/11
52;Furious Gaming;1;0;FroztFire;2020/09/11
53;Furious Gaming;1;0;9z Team;2020/09/11
54;Furious Gaming;2;0;XTEN Esports;2020/09/10
55;Furious Gaming;2;0;Odin Gaming;2020/09/08
56;Furious Gaming;2;0;Bencheados;2020/09/07
57;Furious Gaming;1;0;Rebirth Esports;2020/09/04
