;equipe;placar_casa;placar_visita;time_visita;data
0;Six Karma;0;2;TP REVEN;2024/06/15
1;Six Karma;2;0;FUSION;2024/06/13
2;Six Karma;1;2;RETA Esports;2024/06/05
3;Six Karma;0;2;ILLICIT;2024/05/29
4;Six Karma;1;2;POLARITY;2024/05/17
5;Six Karma;1;2;E-Xolos LAZER;2024/05/16
6;Six Karma;0;3;RETA Esports;2024/04/05
7;Six Karma;3;2;E-Xolos LAZER;2024/04/04
8;Six Karma;2;1;Mookah Rabbits;2024/03/29
9;Six Karma;1;2;E-Xolos LAZER;2024/03/28
10;Six Karma;2;1;FUSION;2024/03/14
11;Six Karma;0;2;Mookah Rabbits;2024/03/13
12;Six Karma;1;2;RETA Esports;2024/03/08
13;Six Karma;2;1;19esports;2024/03/07
14;Six Karma;0;2;FUSION;2024/02/29
15;Six Karma;0;2;E-Xolos LAZER;2024/02/21
16;Six Karma;0;2;Skull Cracker;2023/10/28
17;Six Karma;0;2;E-Xolos LAZER;2023/10/21
18;Six Karma;2;1;ILLICIT;2023/10/19
19;Six Karma;1;3;FUSION;2023/06/09
20;Six Karma;3;1;Skull Cracker;2023/05/29
21;Six Karma;0;2;FUSION;2023/05/21
22;Six Karma;2;1;RETA Esports;2023/05/16
23;Six Karma;2;1;E-Xolos LAZER;2023/05/10
24;Six Karma;2;0;19esports;2023/05/03
25;Six Karma;2;0;Skull Cracker;2023/04/27
26;Six Karma;0;2;FUSION;2023/04/26
27;Six Karma;3;2;FUSION;2023/03/31
28;Six Karma;3;1;E-Xolos LAZER;2023/03/26
29;Six Karma;0;2;FUSION;2023/03/25
30;Six Karma;1;2;E-Xolos LAZER;2023/03/19
31;Six Karma;2;1;Skull Cracker;2023/03/17
32;Six Karma;1;2;RETA Esports;2023/03/12
33;Six Karma;2;1;19esports;2023/03/10
34;Six Karma;2;0;FUSION;2023/03/01
35;Six Karma;0;2;99 Strength;2023/02/11
36;Six Karma;1;0;Raw Dawgs;2023/02/11
37;Six Karma;1;0;afterMath Esports;2023/02/11
38;Six Karma;0;1;Sovereigns;2023/02/11
39;Six Karma;0;2;19esports;2023/02/09
40;Six Karma;1;0;Skull Cracker;2023/02/09
41;Six Karma;1;0;FUSION;2023/02/09
42;Six Karma;1;0;RETA Esports;2023/02/08
43;Six Karma;1;2;TBK Esports;2022/08/09
44;Six Karma;0;2;Keyd Stars;2022/08/07
45;Six Karma;0;2;Leviatán;2022/06/24
46;Six Karma;0;2;KRÜ Esports;2022/06/23
47;Six Karma;2;0;Team Cruelty;2022/06/10
48;Six Karma;0;2;FUSION;2022/06/09
49;Six Karma;1;2;Team Cruelty;2022/06/09
50;Six Karma;2;1;FUSION;2022/06/03
51;Six Karma;2;0;Border Monsters;2022/06/02
52;Six Karma;1;2;INFINITY;2022/05/27
53;Six Karma;2;0;Border Monsters;2022/05/27
54;Six Karma;0;2;FUSION;2022/05/26
55;Six Karma;2;1;Six Karma;2022/05/20
56;Six Karma;2;0;INFINITY;2022/05/19
57;Six Karma;2;0;Team Cruelty;2022/05/13
58;Six Karma;2;1;Team Cruelty;2022/05/12
59;Six Karma;0;2;KRÜ Esports;2022/03/27
60;Six Karma;1;2;Leviatán;2022/03/26
61;Six Karma;2;0;KRÜ Esports;2022/03/24
62;Six Karma;0;2;FUSION;2022/03/11
63;Six Karma;2;1;FUSION;2022/03/10
64;Six Karma;2;0;INFINITY;2022/03/10
65;Six Karma;2;1;INFINITY;2022/03/04
66;Six Karma;2;0;Border Monsters;2022/03/03
67;Six Karma;2;0;Ryze Gaming;2022/02/25
68;Six Karma;2;0;FUSION;2022/02/24
69;Six Karma;2;0;Border Monsters;2022/02/24
70;Six Karma;2;1;INFINITY;2022/02/23
71;Six Karma;2;0;Ryze Gaming;2022/02/18
72;Six Karma;1;2;E-Xolos LAZER;2022/02/17
73;Six Karma;1;2;FUSION;2022/02/10
74;Six Karma;2;0;Border Monsters;2022/01/26
75;Six Karma;2;1;Vi4 Esports;2022/01/25
76;Six Karma;2;0;Butterfly Effect;2022/01/23
77;Six Karma;1;2;Liberty;2021/10/14
78;Six Karma;2;1;INFINITY;2021/10/13
79;Six Karma;1;2;Gamelanders Blue;2021/10/12
80;Six Karma;0;2;KRÜ Esports;2021/08/19
81;Six Karma;2;1;INFINITY;2021/08/18
82;Six Karma;0;2;KRÜ Esports;2021/08/18
83;Six Karma;2;0;E-Xolos LAZER;2021/08/08
84;Six Karma;2;0;Border Monsters;2021/08/07
85;Six Karma;0;2;E-Xolos LAZER;2021/08/06
86;Six Karma;2;0;INFINITY;2021/07/10
87;Six Karma;2;0;Pass Gaming;2021/07/08
88;Six Karma;1;0;Ryze Gaming;2021/07/06
89;Six Karma;2;0;La nueva era;2021/06/25
90;Six Karma;1;3;INFINITY;2021/05/02
91;Six Karma;2;0;E-Xolos LAZER;2021/05/01
92;Six Karma;2;1;INFINITY;2021/04/30
93;Six Karma;0;2;Border Monsters;2021/04/25
94;Six Karma;2;0;PEEK Gaming;2021/04/24
95;Six Karma;2;0;Funkboings;2021/04/23
96;Six Karma;2;0;Pro Hub Gaming;2021/04/21
97;Six Karma;2;0;Akave Esports;2021/04/20
98;Six Karma;0;1;Pro Hub Gaming;2021/04/20
99;Six Karma;0;1;PEEK Gaming;2021/04/17
100;Six Karma;2;0;PARADOX GAMING;2021/04/16
101;Six Karma;2;0;Wolves of Hell;2021/04/14
102;Six Karma;1;0;Funkboings;2021/04/04
103;Six Karma;1;0;Reven Esports;2021/04/03
104;Six Karma;2;0;Janus Esports;2021/04/02
105;Six Karma;3;2;E-Xolos LAZER;2021/03/14
106;Six Karma;2;1;INFINITY;2021/03/13
107;Six Karma;2;1;INFINITY;2021/03/11
108;Six Karma;2;1;Reven Esports;2021/03/08
109;Six Karma;2;0;E-Xolos LAZER;2021/02/14
110;Six Karma;2;0;Buscando Org;2021/02/13
111;Six Karma;2;0;Pro Hub Gaming;2021/02/11
112;Six Karma;1;2;Buscando Org;2021/02/10
113;Six Karma;1;0;WALTEM Gaming;2021/02/09
114;Six Karma;0;2;E-Xolos LAZER;2021/01/31
115;Six Karma;2;0;INFINITY;2021/01/30
116;Six Karma;2;0;Ryze Gaming;2021/01/28
117;Six Karma;0;2;INFINITY;2021/01/27
118;Six Karma;1;0;Kaizen Esports;2021/01/26
119;Six Karma;0;1;E-Xolos LAZER;2021/01/24
120;Six Karma;1;0;Kaizen Esports;2021/01/23
121;Six Karma;2;0;Buscando Org;2021/01/22
122;Six Karma;1;3;Tek Gaming;2020/12/27
123;Six Karma;2;0;TopHard Esports;2020/12/22
124;Six Karma;0;3;INFINITY;2020/12/18
125;Six Karma;2;0;MeT;2020/12/17
126;Six Karma;2;0;Chivas Esports;2020/12/16
127;Six Karma;0;1;RusherX Gaming;2020/09/01
