;equipe;placar_casa;placar_visita;time_visita;data
0;Blinn;2;1;SaD Esports;2024/06/12
1;Blinn;2;0;M80;2024/06/05
2;Blinn;1;3;TAMU Maroon;2024/06/01
3;Blinn;1;2;TSM;2024/05/31
4;Blinn;2;1;Fisher Falcons;2024/05/26
5;Blinn;2;0;SJSU Blue;2024/05/25
6;Blinn;2;0;TMU Blue;2024/05/19
7;Blinn;2;0;Mizzou Esports;2023/12/15
8;Blinn;2;1;Dough Bros;2023/12/10
9;Blinn;1;0;Cumberland Varsity;2023/09/16
10;Blinn;1;0;Harrisburg University;2023/09/16
11;Blinn;1;0;UST Esports;2023/09/15
12;Blinn;1;0;Converse Purple;2023/09/15
13;Blinn;1;0;Maryville University;2023/09/15
14;Blinn;1;0;Converse NBG;2023/09/15
15;Blinn;0;2;Turtle Troop;2023/08/30
16;Blinn;2;0;Full House;2023/08/29
17;Blinn;2;0;Let Us Cook;2023/08/29
18;Blinn;2;0;Wombo Combo;2023/08/28
19;Blinn;2;0;Valkyrie;2023/08/28
20;Blinn;1;2;Northwood University;2023/08/13
21;Blinn;2;0;Winthrop University;2023/08/13
22;Blinn;2;0;TAMU Maroon;2023/08/12
23;Blinn;2;0;Mizzou Esports;2023/08/12
24;Blinn;2;0;UCF Black;2023/08/11
25;Blinn;0;2;TAMU Maroon;2023/08/11
26;Blinn;0;2;Demigods @ UCSD;2023/05/20
27;Blinn;1;2;Northwood University;2023/05/14
28;Blinn;2;0;Fisher Navy;2023/05/13
29;Blinn;2;0;FIU Varsity;2023/05/07
30;Blinn;0;2;Northwood University;2023/05/06
31;Blinn;2;0;USF Gold;2023/05/06
32;Blinn;2;0;TMU Blue;2023/05/06
33;Blinn;0;2;Winthrop University;2023/05/06
34;Blinn;2;0;UNLV Scarlet;2023/05/06
35;Blinn;1;3;OC Esports;2023/04/30
36;Blinn;3;0;TAMU Maroon;2023/04/22
37;Blinn;2;0;Ottawa Braves;2023/04/16
38;Blinn;2;1;OC Esports;2023/04/15
39;Blinn;2;1;TAMU Maroon;2023/04/14
40;Blinn;1;0;UH Premiere;2022/11/26
41;Blinn;1;0;St. Clair Saints;2022/11/26
42;Blinn;1;0;CSULA Black;2022/11/26
43;Blinn;0;1;Stony Brook Red;2022/11/25
44;Blinn;1;0;FIU Varsity;2022/11/25
45;Blinn;2;1;UH Premiere;2022/11/20
46;Blinn;0;2;UST Esports;2022/11/20
47;Blinn;1;0;UCR Blue;2022/11/20
48;Blinn;1;2;TAMU Maroon;2022/11/18
49;Blinn;2;0;UH Alpha;2022/11/14
