;equipe;placar_casa;placar_visita;time_visita;data
0;Sentinels;2;0;FURIA;2024/05/03
1;Sentinels;0;2;LOUD;2024/04/27
2;Sentinels;1;2;Evil Geniuses;2024/04/23
3;Sentinels;2;0;MIBR;2024/04/20
4;Sentinels;0;2;Leviatán;2024/04/13
5;Sentinels;2;0;100 Thieves;2024/04/07
6;Sentinels;3;2;Gen.G;2024/03/24
7;Sentinels;3;1;Paper Rex;2024/03/23
8;Sentinels;1;2;Gen.G;2024/03/22
9;Sentinels;2;1;LOUD;2024/03/21
10;Sentinels;2;0;Karmine Corp;2024/03/16
11;Sentinels;2;1;Team Heretics;2024/03/15
12;Sentinels;3;2;LOUD;2024/03/03
13;Sentinels;2;1;NRG Esports;2024/03/02
14;Sentinels;1;2;G2 Esports;2024/02/26
15;Sentinels;2;0;MIBR;2024/02/26
16;Sentinels;2;1;Leviatán;2024/02/25
17;Sentinels;2;1;100 Thieves;2024/02/19
18;Sentinels;0;2;LOUD;2024/02/17
19;Sentinels;3;0;Paper Rex;2023/12/10
20;Sentinels;2;1;Team Liquid;2023/12/09
21;Sentinels;2;0;DRX;2023/12/07
22;Sentinels;2;1;Paper Rex;2023/12/05
23;Sentinels;2;1;Tarik's Allstars;2023/11/15
24;Sentinels;2;0;Oxygen Esports;2023/11/03
25;Sentinels;2;1;Oxygen Esports;2023/11/02
26;Sentinels;2;0;G2 Esports;2023/11/02
27;Sentinels;2;1;Moist x Shopify;2023/11/01
28;Sentinels;2;1;G2 Esports;2023/10/26
29;Sentinels;1;2;Moist x Shopify;2023/10/23
30;Sentinels;0;2;Leviatán;2023/07/18
31;Sentinels;1;2;Cloud9;2023/07/17
32;Sentinels;2;1;100 Thieves;2023/07/16
33;Sentinels;2;1;FURIA;2023/05/18
34;Sentinels;2;0;KRÜ Esports;2023/05/14
35;Sentinels;0;2;Evil Geniuses;2023/05/06
36;Sentinels;0;2;Cloud9;2023/04/30
37;Sentinels;2;0;MIBR;2023/04/23
38;Sentinels;1;2;LOUD;2023/04/21
39;Sentinels;1;2;Leviatán;2023/04/16
40;Sentinels;0;2;NRG Esports;2023/04/09
41;Sentinels;2;1;100 Thieves;2023/04/01
42;Sentinels;0;2;FNATIC;2023/02/24
43;Sentinels;0;2;TSM;2023/01/15
44;Sentinels;0;1;The Guard;2023/01/14
45;Sentinels;2;0;TSM;2023/01/14
46;Sentinels;1;2;100 Thieves;2022/08/11
47;Sentinels;2;0;Shopify Rebellion;2022/08/06
48;Sentinels;1;2;The Guard;2022/08/04
49;Sentinels;0;2;Cloud9;2022/06/12
50;Sentinels;0;2;FaZe Clan;2022/06/04
51;Sentinels;0;2;OpTic Gaming;2022/05/28
52;Sentinels;0;2;Evil Geniuses;2022/05/21
53;Sentinels;1;2;Luminosity;2022/05/13
54;Sentinels;2;0;Akrew;2022/05/08
55;Sentinels;2;0;SoaR;2022/05/08
56;Sentinels;2;0;DarkZero Esports;2022/05/07
57;Sentinels;2;0;Cosmic Divide;2022/05/07
58;Sentinels;2;0;PUGSTARS;2022/05/07
59;Sentinels;0;2;Akrew;2022/05/06
60;Sentinels;2;0;Clanless;2022/05/06
61;Sentinels;1;2;Luminosity;2022/05/01
62;Sentinels;2;1;NYFU;2022/04/30
63;Sentinels;1;2;FaZe Clan;2022/04/30
64;Sentinels;2;1;Akrew;2022/04/29
65;Sentinels;2;0;PUGSTARS;2022/04/29
66;Sentinels;1;2;Version1;2022/03/20
67;Sentinels;0;2;The Guard;2022/03/18
68;Sentinels;0;2;Version1;2022/03/13
69;Sentinels;2;1;Rise;2022/03/04
70;Sentinels;1;2;OpTic Gaming;2022/02/26
71;Sentinels;2;1;Knights;2022/02/18
72;Sentinels;2;1;NRG Esports;2022/02/12
73;Sentinels;1;2;KRÜ Esports;2021/12/06
74;Sentinels;1;2;Team Liquid;2021/12/04
75;Sentinels;2;1;FURIA;2021/12/02
76;Sentinels;0;2;Envy;2021/09/17
77;Sentinels;2;1;F4Q;2021/09/16
78;Sentinels;0;2;G2 Esports;2021/09/15
79;Sentinels;2;0;F4Q;2021/09/13
80;Sentinels;2;1;G2 Esports;2021/09/12
81;Sentinels;3;1;100 Thieves;2021/08/15
82;Sentinels;2;0;100 Thieves;2021/08/13
83;Sentinels;2;0;Envy;2021/08/11
84;Sentinels;2;1;Rise;2021/08/11
85;Sentinels;3;1;XSET;2021/07/11
86;Sentinels;2;0;100 Thieves;2021/07/10
87;Sentinels;2;0;Envy;2021/07/10
88;Sentinels;2;0;Pioneers;2021/07/09
89;Sentinels;1;2;XSET;2021/07/09
90;Sentinels;2;1;Gen.G;2021/07/08
91;Sentinels;2;1;Soniqs;2021/07/03
92;Sentinels;2;0;Evil Geniuses;2021/07/02
93;Sentinels;3;0;FNATIC;2021/05/30
94;Sentinels;2;0;NUTURN;2021/05/28
95;Sentinels;2;0;Team Vikings;2021/05/26
96;Sentinels;2;0;FNATIC;2021/05/25
97;Sentinels;3;0;Version1;2021/05/02
98;Sentinels;2;1;Cloud9;2021/05/01
99;Sentinels;2;1;100 Thieves;2021/04/30
100;Sentinels;2;1;Version1;2021/04/29
101;Sentinels;3;0;Cloud9;2021/04/25
102;Sentinels;2;0;NRG Esports;2021/04/24
103;Sentinels;2;1;Andbox;2021/04/24
104;Sentinels;2;0;Immortals;2021/04/23
105;Sentinels;2;1;T1;2021/04/22
106;Sentinels;0;2;Andbox;2021/04/22
107;Sentinels;2;0;Noble;2021/04/17
108;Sentinels;2;0;Rise;2021/04/16
109;Sentinels;2;0;Grapefruit Techniques;2021/04/16
110;Sentinels;2;0;Neebs and Weebs;2021/04/15
111;Sentinels;2;0;Valkyrie;2021/04/15
112;Sentinels;0;2;Built By Gamers;2021/04/03
113;Sentinels;2;0;Soniqs;2021/04/02
114;Sentinels;2;0;Interstate 95;2021/04/01
115;Sentinels;2;0;The Noah Aiello;2021/04/01
116;Sentinels;3;0;FaZe Clan;2021/03/21
117;Sentinels;2;0;FaZe Clan;2021/03/19
118;Sentinels;2;0;100 Thieves;2021/03/14
119;Sentinels;2;1;Luminosity;2021/03/12
120;Sentinels;0;3;Envy;2021/02/23
121;Sentinels;2;0;Immortals;2021/02/22
122;Sentinels;2;0;XSET;2021/02/22
123;Sentinels;2;0;100 Thieves;2021/02/21
124;Sentinels;1;2;Envy;2021/02/21
125;Sentinels;2;0;FaZe Clan;2021/02/20
126;Sentinels;3;1;Immortals;2021/02/07
127;Sentinels;2;1;Luminosity;2021/02/06
128;Sentinels;2;0;XSET;2021/02/06
129;Sentinels;2;1;Gen.G;2021/02/05
130;Sentinels;2;0;Andbox;2021/02/04
131;Sentinels;0;2;Luminosity;2021/02/04
132;Sentinels;1;2;Immortals;2021/01/30
133;Sentinels;2;0;Andbox;2021/01/29
134;Sentinels;2;0;Built By Gamers;2021/01/28
135;Sentinels;2;1;Serenity;2021/01/28
136;Sentinels;2;0;Techno Monks;2021/01/27
137;Sentinels;2;0;EthanK Fan Club;2021/01/27
138;Sentinels;2;3;Luminosity;2021/01/17
139;Sentinels;2;0;Andbox;2021/01/16
140;Sentinels;2;1;Envy;2021/01/16
141;Sentinels;2;0;Spacestation Gaming;2021/01/15
142;Sentinels;1;2;NRG Esports;2021/01/15
143;Sentinels;2;0;Spacestation Gaming;2021/01/13
144;Sentinels;2;0;FaZe Clan;2020/12/13
145;Sentinels;2;1;100 Thieves;2020/12/13
146;Sentinels;1;0;Cloud9;2020/12/12
147;Sentinels;1;0;TSM;2020/12/12
148;Sentinels;0;1;Gen.G;2020/12/12
149;Sentinels;1;2;100 Thieves;2020/12/05
150;Sentinels;2;0;FaZe Clan;2020/12/04
151;Sentinels;1;2;100 Thieves;2020/11/07
152;Sentinels;2;1;T1;2020/11/07
153;Sentinels;2;0;Envy;2020/11/06
154;Sentinels;2;0;Dignitas;2020/11/05
155;Sentinels;0;2;Gen.G;2020/10/28
156;Sentinels;2;0;Spot Up;2020/10/27
157;Sentinels;2;0;Shiba;2020/10/27
158;Sentinels;2;1;Sakura Storm;2020/10/26
159;Sentinels;2;0;Orange Borange;2020/10/26
160;Sentinels;3;0;Envy;2020/08/30
161;Sentinels;2;1;Cloud9;2020/08/29
162;Sentinels;2;0;Dignitas;2020/08/29
163;Sentinels;2;0;Immortals;2020/08/27
164;Sentinels;2;0;Envy;2020/08/26
165;Sentinels;2;3;TSM;2020/08/09
166;Sentinels;2;0;Immortals;2020/08/09
167;Sentinels;0;2;TSM;2020/08/09
168;Sentinels;2;1;Envy;2020/08/08
169;Sentinels;2;0;FaZe Clan;2020/08/07
170;Sentinels;2;1;Gen.G;2020/08/06
171;Sentinels;2;0;Lemonade Stand;2020/08/06
172;Sentinels;3;1;TSM;2020/08/02
173;Sentinels;2;0;TSM;2020/08/02
174;Sentinels;2;1;Immortals;2020/08/01
175;Sentinels;2;1;Renegades;2020/08/01
176;Sentinels;1;0;big pizza;2020/08/01
177;Sentinels;1;0;T1 Academy;2020/08/01
178;Sentinels;1;0;Phoenix1 Reborn;2020/08/01
179;Sentinels;3;1;Cloud9;2020/07/26
180;Sentinels;2;0;TSM;2020/07/25
181;Sentinels;2;1;Gen.G;2020/07/24
182;Sentinels;2;0;Renegades;2020/07/23
183;Sentinels;2;0;Cloud9;2020/07/23
184;Sentinels;2;0;Complexity;2020/07/22
185;Sentinels;2;0;Team Owl;2020/07/22
186;Sentinels;2;0;together we are terrific;2020/07/12
187;Sentinels;1;2;Gen.G;2020/07/12
188;Sentinels;2;0;Immortals;2020/07/11
189;Sentinels;1;0;Orbit;2020/07/11
190;Sentinels;0;1;T1 Academy;2020/07/10
191;Sentinels;1;0;together we are terrific;2020/07/10
192;Sentinels;2;1;together we are terrific;2020/07/08
193;Sentinels;1;0;Gen.G;2020/07/08
194;Sentinels;1;0;TSM;2020/07/08
195;Sentinels;1;0;MIXUP;2020/07/08
196;Sentinels;0;1;Immortals;2020/07/08
197;Sentinels;0;1;FaZe Clan;2020/06/28
198;Sentinels;1;0;Gen.G;2020/06/27
199;Sentinels;1;2;Immortals;2020/06/27
200;Sentinels;2;0;Echo 8;2020/06/27
201;Sentinels;2;0;Gen.G;2020/06/26
202;Sentinels;2;0;MIXUP;2020/06/26
