;equipe;placar_casa;placar_visita;time_visita;data
0;FearX;1;2;VEC DAEJEON;2024/06/14
1;FearX;0;2;Nongshim RedForce;2024/06/12
2;FearX;0;2;SUPERFECT Esports;2024/06/07
3;FearX;1;2;SLT Seongnam;2024/06/05
4;FearX;3;1;SLT Seongnam;2024/04/19
5;FearX;2;1;Nongshim RedForce;2024/04/04
6;FearX;2;0;IAM;2024/03/28
7;FearX;2;0;Incheon On Sla2ers;2024/03/21
8;FearX;2;1;Nongshim RedForce;2024/03/15
9;FearX;1;2;IAM;2024/03/13
10;FearX;1;2;SHERPA;2024/03/08
11;FearX;2;0;SLT Seongnam;2024/03/06
12;FearX;2;0;Maru Gaming;2024/03/01
13;FearX;2;1;Dplus Esports;2024/02/29
14;FearX;2;1;Sin Prisa Gaming;2024/01/18
15;FearX;1;0;Frozen 3;2024/01/18
16;FearX;1;0;Sin Prisa Gaming;2024/01/17
17;FearX;1;0;Blater;2024/01/17
18;FearX;1;0;CGA;2024/01/17
