;equipe;placar_casa;placar_visita;time_visita;data
0;ZETA DIVISION GC;3;0;FENNEL GC;2024/05/02
1;ZETA DIVISION GC;2;1;DRX Changers;2024/05/01
2;ZETA DIVISION GC;2;1;FENNEL GC;2024/04/30
3;ZETA DIVISION GC;2;0;Cyber Geek;2024/04/14
4;ZETA DIVISION GC;2;0;Cyber Geek;2024/04/13
5;ZETA DIVISION GC;2;0;Insomnia GC;2024/04/12
6;ZETA DIVISION GC;1;3;Chao Hui EDward Gaming;2023/10/29
7;ZETA DIVISION GC;2;0;Chosen Clique Gaming GC;2023/10/28
8;ZETA DIVISION GC;2;0;FENNEL GC;2023/10/28
9;ZETA DIVISION GC;0;2;Chao Hui EDward Gaming;2023/10/27
10;ZETA DIVISION GC;2;0;Attacking Soul Esports OvO;2023/10/25
11;ZETA DIVISION GC;3;2;FENNEL GC;2023/10/09
12;ZETA DIVISION GC;2;0;DetonatioN FocusMe GC;2023/10/07
13;ZETA DIVISION GC;2;0;REIGNITE Lily;2023/10/01
14;ZETA DIVISION GC;2;0;SCARZ GC;2023/09/30
15;ZETA DIVISION GC;3;1;DRX Changers;2023/07/30
16;ZETA DIVISION GC;2;0;REIGNITE Lily;2023/07/29
17;ZETA DIVISION GC;2;0;UxMi ACE;2023/07/28
18;ZETA DIVISION GC;2;1;Riley Rabbits;2023/07/16
19;ZETA DIVISION GC;2;0;Riley Rabbits;2023/07/15
20;ZETA DIVISION GC;2;0;SPICE Thieves;2023/07/14
21;ZETA DIVISION GC;1;2;AMORIS Vega;2023/03/22
22;ZETA DIVISION GC;0;2;Murash Gaming;2023/03/21
23;ZETA DIVISION GC;2;1;4RaiF;2023/03/21
24;ZETA DIVISION GC;1;0;REIGNITE Lily;2022/07/30
25;ZETA DIVISION GC;1;0;VORTEX;2022/07/30
