;equipe;placar_casa;placar_visita;time_visita;data
0;Winthrop University;0;2;Oxygen Esports;2024/06/19
1;Winthrop University;1;2;nats kitten koup;2024/06/16
2;Winthrop University;2;0;BHOP Esports;2024/06/15
3;Winthrop University;2;0;Clinic;2024/06/15
4;Winthrop University;1;2;Moist x Shopify;2024/06/13
5;Winthrop University;1;2;Ions Day Care;2024/06/08
6;Winthrop University;2;0;Power Rangers Jungle Fury;2024/06/08
7;Winthrop University;2;1;Six Figures;2024/06/07
8;Winthrop University;2;0;Spate Esports;2024/06/07
9;Winthrop University;0;2;YFP Gaming;2024/06/05
10;Winthrop University;2;1;FLUFFY AIMERS;2024/05/29
11;Winthrop University;0;1;justice for jerwin;2024/05/19
12;Winthrop University;1;0;Sexy Gang;2024/05/19
13;Winthrop University;1;0;Luxoria;2024/05/19
14;Winthrop University;0;2;FLUFFY AIMERS;2024/05/15
15;Winthrop University;0;2;Blinn;2024/05/12
16;Winthrop University;2;0;SDSU Black;2024/05/11
17;Winthrop University;1;3;Fisher Falcons;2024/05/05
18;Winthrop University;1;2;St. Clair Saints;2024/05/05
19;Winthrop University;2;0;Northwood University;2024/05/04
20;Winthrop University;2;1;SJSU Blue;2024/05/04
21;Winthrop University;0;2;Northwood University;2024/05/03
22;Winthrop University;3;0;Fisher Falcons;2024/04/27
23;Winthrop University;2;0;Harrisburg University;2024/04/21
24;Winthrop University;2;0;University of Virginia;2024/04/20
25;Winthrop University;2;1;Dough Bros;2024/04/19
26;Winthrop University;2;0;Fisher Rising;2024/04/14
27;Winthrop University;2;0;SNHU Blue;2024/04/13
28;Winthrop University;0;2;M80;2024/04/12
29;Winthrop University;0;2;TSM;2024/04/04
30;Winthrop University;2;0;Turtle Troop;2024/03/29
31;Winthrop University;1;2;SaD Esports;2024/03/19
32;Winthrop University;1;3;Fisher Falcons;2024/03/02
33;Winthrop University;0;3;Fisher Navy;2024/02/24
34;Winthrop University;2;0;West Virginia University;2024/02/18
35;Winthrop University;2;0;Fisher Falcons;2024/02/17
36;Winthrop University;2;0;Thinking Men;2024/02/04
37;Winthrop University;0;2;SaD Esports;2024/02/02
38;Winthrop University;2;0;Shopify Rebellion;2024/02/02
39;Winthrop University;2;1;Ambrosia;2024/02/01
40;Winthrop University;2;1;Ions Day Care;2024/02/01
41;Winthrop University;2;0;Blue Rose;2024/01/31
42;Winthrop University;2;0;Awaited Return;2024/01/31
43;Winthrop University;1;2;the basement;2024/01/20
44;Winthrop University;2;1;Mercury;2024/01/20
45;Winthrop University;0;2;SaD Purple;2024/01/20
46;Winthrop University;3;0;Fisher Navy;2023/12/10
47;Winthrop University;0;3;Northwood University;2023/12/04
48;Winthrop University;3;0;Fisher Tea Party;2023/12/02
49;Winthrop University;2;1;St. Clair Saints;2023/11/28
50;Winthrop University;1;2;UCF Gold;2023/11/27
51;Winthrop University;2;1;TMU Blue;2023/11/19
52;Winthrop University;2;0;Harrisburg University;2023/11/18
53;Winthrop University;2;0;LG Orange;2023/11/17
54;Winthrop University;2;0;CSUF Orange;2023/11/15
55;Winthrop University;2;3;Fisher Navy;2023/04/21
56;Winthrop University;2;0;Converse Purple;2023/04/19
