;equipe;placar_casa;placar_visita;time_visita;data
0;Moist x Shopify;0;2;SaD Esports;2024/06/20
1;Moist x Shopify;2;1;Winthrop University;2024/06/13
2;Moist x Shopify;0;2;Turtle Troop;2024/06/04
3;Moist x Shopify;2;1;Dough Bros;2024/05/30
4;Moist x Shopify;1;2;Oxygen Esports;2024/05/18
5;Moist x Shopify;2;1;FLUFFY AIMERS;2024/05/16
6;Moist x Shopify;2;0;YFP Gaming;2024/04/18
7;Moist x Shopify;2;0;Together We Are Terrific;2024/04/11
8;Moist x Shopify;2;1;Thinking Men;2024/04/03
9;Moist x Shopify;2;0;QoR;2024/03/28
10;Moist x Shopify;2;1;Oxygen Esports;2024/03/19
11;Moist x Shopify;1;2;Oxygen Esports;2024/01/14
12;Moist x Shopify;2;1;Oxygen Esports;2024/01/13
13;Moist x Shopify;2;0;Cloud9;2024/01/13
14;Moist x Shopify;1;2;Oxygen Esports;2023/12/10
15;Moist x Shopify;2;0;SaD Esports;2023/12/10
16;Moist x Shopify;2;0;mixup;2023/12/09
17;Moist x Shopify;2;1;Dough Bros;2023/12/09
18;Moist x Shopify;1;2;Oxygen Esports;2023/11/04
19;Moist x Shopify;2;0;Torch;2023/11/04
20;Moist x Shopify;1;2;Oxygen Esports;2023/11/03
21;Moist x Shopify;0;2;G2 Esports;2023/11/02
22;Moist x Shopify;1;2;Sentinels;2023/11/01
23;Moist x Shopify;2;1;Sentinels;2023/10/23
24;Moist x Shopify;2;1;Young Nutters Club;2023/10/08
25;Moist x Shopify;1;2;Turtle Troop;2023/10/07
26;Moist x Shopify;2;0;Derrek's Dawgs;2023/10/07
27;Moist x Shopify;2;0;Dreams To Legends;2023/10/07
28;Moist x Shopify;0;2;Cloud9;2023/10/02
29;Moist x Shopify;0;1;Cloud9;2023/10/02
30;Moist x Shopify;2;1;Turtle Troop;2023/08/30
31;Moist x Shopify;2;0;YFP Gaming;2023/08/30
32;Moist x Shopify;2;1;Feel the Wood;2023/08/29
33;Moist x Shopify;2;0;BAD SAD AND MAD;2023/08/29
34;Moist x Shopify;2;0;Mugi;2023/08/28
35;Moist x Shopify;2;0;Big Hot Men;2023/08/28
36;Moist x Shopify;0;2;QoR;2023/08/13
37;Moist x Shopify;1;0;ROSE;2023/08/12
38;Moist x Shopify;1;0;Argon Black;2023/08/12
39;Moist x Shopify;1;0;Let's Be Great;2023/08/12
40;Moist x Shopify;2;0;YFP Gaming;2023/08/06
41;Moist x Shopify;2;0;Zero MarksMen Black;2023/08/06
42;Moist x Shopify;2;1;Feel the Wood;2023/08/06
43;Moist x Shopify;2;0;QoR;2023/08/05
44;Moist x Shopify;0;2;BTR Fanclub;2023/08/05
45;Moist x Shopify;2;0;Version1;2023/08/05
46;Moist x Shopify;2;0;Argon Black;2023/08/04
47;Moist x Shopify;2;0;Guppies;2023/08/04
48;Moist x Shopify;2;1;Let Us Cook;2023/07/12
49;Moist x Shopify;2;0;Feel the Wood;2023/07/12
50;Moist x Shopify;2;0;QoR;2023/07/12
51;Moist x Shopify;2;0;Team Fish Taco;2023/07/11
52;Moist x Shopify;2;0;ROSE;2023/07/11
53;Moist x Shopify;1;0;Life's a Game;2023/07/11
54;Moist x Shopify;1;0;Team Vanguard;2023/07/11
55;Moist x Shopify;2;1;Moist x Troop;2023/06/30
56;Moist x Shopify;2;0;#1VCTOPENSTATS;2023/06/30
57;Moist x Shopify;2;1;Torch;2023/06/29
58;Moist x Shopify;2;1;Ambrosia;2023/06/29
59;Moist x Shopify;2;0;Tenax;2023/06/28
60;Moist x Shopify;2;0;Georgia Tech Gold;2023/06/28
61;Moist x Shopify;2;1;BTR Fanclub;2023/06/25
62;Moist x Shopify;2;0;QoR;2023/06/25
63;Moist x Shopify;2;0;99 Strength;2023/06/24
64;Moist x Shopify;2;0;Shy's Guys;2023/06/24
65;Moist x Shopify;2;0;Egoists;2023/06/23
66;Moist x Shopify;1;0;Valkyrie;2023/06/23
67;Moist x Shopify;1;0;Druff Academy;2023/06/23
68;Moist x Shopify;2;1;Team Fish Taco;2023/06/18
69;Moist x Shopify;2;1;Final Form Entertainment;2023/06/18
70;Moist x Shopify;2;0;Fluid Gaming;2023/06/17
71;Moist x Shopify;2;0;Van Lyn;2023/06/17
