;equipe;placar_casa;placar_visita;time_visita;data
0;FULL SENSE;2;0;Made in Thailand;2024/06/21
1;FULL SENSE;2;1;Santa Gang;2024/06/19
2;FULL SENSE;2;1;Team NKT;2024/06/13
3;FULL SENSE;2;0;XOXO-01;2024/06/11
4;FULL SENSE;2;0;Sharper Esport;2024/06/05
5;FULL SENSE;3;0;Made in Thailand;2024/03/10
6;FULL SENSE;2;1;Made in Thailand;2024/03/09
7;FULL SENSE;2;0;Attack All Around;2024/03/08
8;FULL SENSE;2;1;Made in Thailand;2024/03/02
9;FULL SENSE;2;1;Attack All Around;2024/02/16
10;FULL SENSE;2;1;XERXIA Esports;2024/02/11
11;FULL SENSE;2;0;Barn nong chok;2024/02/09
12;FULL SENSE;2;0;Team NKT;2024/02/04
13;FULL SENSE;2;0;Sharper Esport;2024/02/02
14;FULL SENSE;2;0;Valee Thai Esports;2024/01/27
15;FULL SENSE;0;2;Paper Rex;2023/12/07
16;FULL SENSE;1;2;DRX;2023/12/05
17;FULL SENSE;1;2;Talon Esports;2023/11/26
18;FULL SENSE;1;2;Team NKT;2023/11/25
19;FULL SENSE;2;1;Talon Esports;2023/11/24
20;FULL SENSE;3;2;XERXIA Esports;2023/11/19
21;FULL SENSE;2;1;Made in Thailand;2023/11/18
22;FULL SENSE;2;1;Made in Thailand;2023/11/12
23;FULL SENSE;0;2;Team NKT;2023/11/11
24;FULL SENSE;2;0;Made in Thailand;2023/11/09
25;FULL SENSE;2;0;Aricat Esport Family;2023/11/06
26;FULL SENSE;1;2;Made in Thailand;2023/10/07
27;FULL SENSE;2;0;KK Kazuki;2023/09/24
28;FULL SENSE;3;2;XERXIA Esports;2023/09/17
29;FULL SENSE;2;0;Made in Thailand;2023/09/16
30;FULL SENSE;2;0;Team NKT;2023/09/16
31;FULL SENSE;2;0;Attack All Around;2023/09/10
32;FULL SENSE;0;2;XERXIA Esports;2023/09/08
33;FULL SENSE;2;0;Gelida Esports;2023/09/07
34;FULL SENSE;1;3;XERXIA Esports;2023/06/04
35;FULL SENSE;2;0;XERXIA Esports;2023/06/02
36;FULL SENSE;2;0;Made in Thailand;2023/06/01
37;FULL SENSE;2;1;Sharper Esport;2023/05/05
38;FULL SENSE;2;0;The Infinity Esport;2023/04/28
39;FULL SENSE;1;2;XERXIA Esports;2023/04/26
40;FULL SENSE;2;1;Attack All Around;2023/04/20
41;FULL SENSE;1;2;CRIT Esports;2023/04/06
42;FULL SENSE;0;2;Made in Thailand;2023/04/05
43;FULL SENSE;2;0;Team NKT;2023/03/30
44;FULL SENSE;0;2;Attack All Around;2023/03/11
45;FULL SENSE;1;2;Sharper Esport;2023/03/10
46;FULL SENSE;2;1;Sharper Esport;2023/02/26
47;FULL SENSE;2;0;Team NKT;2023/02/18
48;FULL SENSE;2;0;XERXIA Esports;2023/02/10
49;FULL SENSE;1;2;Attack All Around;2023/02/05
50;FULL SENSE;2;0;Thailand Attitude;2023/02/04
51;FULL SENSE;0;2;Made in Thailand;2023/01/29
52;FULL SENSE;2;0;Gelida Esports;2023/01/21
53;FULL SENSE;0;2;Made in Thailand;2022/12/11
54;FULL SENSE;2;0;Made in Thailand;2022/12/10
55;FULL SENSE;2;0;Team Circus;2022/12/09
56;FULL SENSE;2;0;KunPenG;2022/12/08
57;FULL SENSE;0;2;Stream Raiders Nacague;2022/12/01
58;FULL SENSE;1;0;Rex Regum Qeon;2022/11/29
59;FULL SENSE;1;0;Wolves X;2022/11/29
60;FULL SENSE;2;1;CRIT Esports;2022/11/06
61;FULL SENSE;2;0;Team NKT;2022/11/05
62;FULL SENSE;2;0;Aricat Esport Family;2022/11/05
63;FULL SENSE;1;0;Zootopia;2022/11/04
64;FULL SENSE;0;1;Todak;2022/09/30
65;FULL SENSE;0;2;Team NKT;2022/08/28
66;FULL SENSE;1;2;Made in Thailand;2022/05/28
67;FULL SENSE;2;0;Sharper Esport;2022/05/28
68;FULL SENSE;1;2;FW Esports;2022/05/27
69;FULL SENSE;2;0;Purple Mood E-Sport;2022/05/22
70;FULL SENSE;1;2;Made in Thailand;2022/05/21
71;FULL SENSE;2;0;Sharper Esport;2022/05/19
72;FULL SENSE;0;2;XERXIA Esports;2022/05/15
73;FULL SENSE;2;1;Team NKT;2022/05/14
74;FULL SENSE;1;2;X10 Esports;2022/05/13
75;FULL SENSE;2;0;FW Esports;2022/05/12
76;FULL SENSE;0;2;BOOM Esports;2022/03/26
77;FULL SENSE;1;2;BLEED;2022/03/25
78;FULL SENSE;2;0;Persija Esports;2022/03/24
79;FULL SENSE;2;0;Velocity Gaming;2022/03/20
80;FULL SENSE;2;0;South Built Esports;2022/03/17
81;FULL SENSE;2;0;Action PH;2022/03/13
82;FULL SENSE;2;0;Team Big BAAM;2022/03/12
83;FULL SENSE;0;2;ONIC G;2022/03/11
84;FULL SENSE;3;1;Team NKT;2022/02/27
85;FULL SENSE;0;2;XERXIA Esports;2022/02/26
86;FULL SENSE;2;0;Sharper Esport;2022/02/24
87;FULL SENSE;2;0;Attack All Around;2022/02/20
88;FULL SENSE;2;0;Heat Waves;2022/02/17
89;FULL SENSE;2;0;Aricat Esport Family;2022/02/12
90;FULL SENSE;0;2;Vision Strikers;2021/12/01
91;FULL SENSE;2;0;Sharper Esport;2021/10/31
92;FULL SENSE;2;1;X10 Esports;2021/10/31
93;FULL SENSE;2;0;Sainuahualouis;2021/10/28
94;FULL SENSE;0;1;Sharper Esport;2021/03/27
95;FULL SENSE;1;0;Made in Thailand;2021/03/27
96;FULL SENSE;1;2;Team SMG;2021/03/19
97;FULL SENSE;1;0;REJECT;2020/12/16
98;FULL SENSE;3;0;Overtime Esports;2020/12/06
99;FULL SENSE;1;2;MiTH.Attitude;2020/12/01
100;FULL SENSE;0;2;Overtime Esports;2020/11/30
101;FULL SENSE;2;0;Sharper Esport;2020/11/30
102;FULL SENSE;2;0;Attack All Around;2020/11/30
103;FULL SENSE;1;0;Kingsmen;2020/11/30
104;FULL SENSE;1;0;Alter Ego;2020/11/30
105;FULL SENSE;0;2;Attack All Around;2020/11/26
106;FULL SENSE;1;2;Attack All Around;2020/11/26
107;FULL SENSE;2;0;Todak;2020/11/26
108;FULL SENSE;2;1;NXL LIGAGAME;2020/11/25
109;FULL SENSE;0;2;Alter Ego;2020/11/25
110;FULL SENSE;0;2;MiTH.Attitude;2020/11/25
111;FULL SENSE;0;2;QConfirm;2020/11/24
112;FULL SENSE;2;0;Daytrade Gaming;2020/11/24
113;FULL SENSE;2;0;Sharper Esport;2020/11/24
114;FULL SENSE;2;0;MiTH.Attitude;2020/11/23
115;FULL SENSE;0;2;Attack All Around;2020/11/23
116;FULL SENSE;2;1;Bren Esports;2020/11/19
117;FULL SENSE;0;2;Attack All Around;2020/11/18
118;FULL SENSE;2;0;InnerVoice;2020/11/17
119;FULL SENSE;0;2;Bren Esports;2020/11/17
120;FULL SENSE;2;1;FULL SENSE;2020/11/16
121;FULL SENSE;2;0;Zootopia;2020/11/16
122;FULL SENSE;2;0;LYNX TH;2020/11/16
123;FULL SENSE;1;0;NongWaen;2020/11/15
124;FULL SENSE;1;0;DreamSeller;2020/11/15
125;FULL SENSE;0;2;Daytrade Gaming;2020/11/09
126;FULL SENSE;1;0;NongWaen;2020/11/08
127;FULL SENSE;1;2;ahq e-Sports Club;2020/10/29
128;FULL SENSE;1;0;Attack All Around;2020/10/29
129;FULL SENSE;2;1;Exodus;2020/10/25
130;FULL SENSE;2;0;Daytrade Gaming;2020/10/24
131;FULL SENSE;0;2;Alter Ego;2020/10/24
132;FULL SENSE;1;3;Attack All Around;2020/10/20
133;FULL SENSE;2;0;Revolution;2020/10/19
134;FULL SENSE;2;1;Sharper Esport;2020/10/11
135;FULL SENSE;1;2;Magic Esport;2020/10/11
136;FULL SENSE;0;1;ahq e-Sports Club;2020/10/08
137;FULL SENSE;1;0;LAG Gaming;2020/10/08
138;FULL SENSE;1;2;Exodus;2020/09/28
139;FULL SENSE;1;2;Attack All Around;2020/09/27
140;FULL SENSE;0;2;Vision Strikers;2020/09/27
141;FULL SENSE;2;1;BOOM Esports;2020/09/26
142;FULL SENSE;2;0;Magic Esport;2020/09/25
143;FULL SENSE;2;1;Morph Impact;2020/09/25
144;FULL SENSE;2;0;Paper Rex;2020/09/24
145;FULL SENSE;0;2;Exodus;2020/09/22
146;FULL SENSE;2;0;Only One Word;2020/09/21
