;equipe;placar_casa;placar_visita;time_visita;data
0;Oasis Gaming;2;0;Rank El Cuties;2024/06/21
1;Oasis Gaming;2;0;ZOL Esports;2024/06/19
2;Oasis Gaming;2;0;JustUs;2024/06/14
3;Oasis Gaming;2;1;Tyrant Esports;2024/05/17
4;Oasis Gaming;2;0;SNAPZ;2024/05/15
5;Oasis Gaming;0;2;JustUs;2024/03/28
6;Oasis Gaming;2;0;Carti Esports;2024/03/13
7;Oasis Gaming;2;1;AIM PH;2024/03/12
8;Oasis Gaming;2;0;Geek Fam;2024/03/08
9;Oasis Gaming;2;0;Valhalla;2024/03/06
10;Oasis Gaming;0;2;OLD STINKY CAT;2024/03/03
11;Oasis Gaming;2;1;1st MegaSaver;2024/02/28
12;Oasis Gaming;2;1;ZOL Esports;2024/02/26
13;Oasis Gaming;2;1;JustUs;2024/02/16
14;Oasis Gaming;0;2;NAOS;2024/02/14
15;Oasis Gaming;1;0;Nuclear GC;2024/01/11
16;Oasis Gaming;1;0;Antic Esports;2024/01/11
17;Oasis Gaming;0;1;FAV gaming;2024/01/11
18;Oasis Gaming;1;2;Talon Esports;2023/11/25
19;Oasis Gaming;1;2;Team NKT;2023/11/24
20;Oasis Gaming;2;0;ZOL Esports;2023/11/12
21;Oasis Gaming;2;1;NAOS;2023/11/12
22;Oasis Gaming;1;2;Fancy United Esports;2023/11/05
23;Oasis Gaming;2;0;Fancy United Esports;2023/11/04
24;Oasis Gaming;2;1;NAOS;2023/11/02
25;Oasis Gaming;2;0;Dewa United Esports;2023/10/31
26;Oasis Gaming;1;0;ZOL Esports;2023/10/22
27;Oasis Gaming;1;0;Ivy League Gaming;2023/10/22
28;Oasis Gaming;1;0;Agtang Bahog Singot;2023/10/22
29;Oasis Gaming;2;3;NAOS;2023/06/04
30;Oasis Gaming;2;1;NAOS;2023/06/02
31;Oasis Gaming;2;0;GameLab Alpha;2023/05/25
32;Oasis Gaming;2;0;Rambutan ni Tatay;2023/05/04
33;Oasis Gaming;2;0;MVP Esports;2023/04/27
34;Oasis Gaming;2;0;Action PH;2023/04/21
35;Oasis Gaming;2;0;GameLab Alpha;2023/04/13
36;Oasis Gaming;2;1;ZOL Esports;2023/04/12
37;Oasis Gaming;1;2;NAOS;2023/04/04
38;Oasis Gaming;2;0;Stream Raiders Nacague;2023/03/29
39;Oasis Gaming;1;3;NAOS;2023/03/12
40;Oasis Gaming;3;2;GameLab Alpha;2023/03/11
41;Oasis Gaming;0;2;NAOS;2023/03/10
42;Oasis Gaming;2;1;Abaddon Abyss;2023/03/08
43;Oasis Gaming;2;1;Stream Raiders Nacague;2023/02/26
44;Oasis Gaming;2;0;Puggers;2023/02/19
45;Oasis Gaming;1;2;GameLab Alpha;2023/02/18
46;Oasis Gaming;2;1;Abaddon Abyss;2023/02/10
47;Oasis Gaming;2;0;Action PH;2023/02/04
48;Oasis Gaming;2;1;NAOS;2023/02/03
49;Oasis Gaming;2;1;Sky Empire;2023/01/27
50;Oasis Gaming;0;3;South Built Esports;2022/12/10
51;Oasis Gaming;2;1;South Built Esports;2022/12/04
52;Oasis Gaming;2;1;Stream Raiders Nacague;2022/12/02
53;Oasis Gaming;2;0;Sanguine Rebels Dragons;2022/12/01
54;Oasis Gaming;2;0;Ala Kami Org;2022/11/25
55;Oasis Gaming;0;1;BLEED;2022/11/12
56;Oasis Gaming;0;1;Team NKT;2022/11/11
57;Oasis Gaming;0;1;South Built Esports;2022/11/09
58;Oasis Gaming;0;1;Louvre;2022/11/08
59;Oasis Gaming;0;2;Made in Thailand;2022/10/27
60;Oasis Gaming;2;0;X10 Esports;2022/10/26
61;Oasis Gaming;1;2;South Built Esports;2022/10/25
62;Oasis Gaming;0;2;Rex Regum Qeon;2022/09/17
63;Oasis Gaming;1;0;South Built Esports;2022/08/31
64;Oasis Gaming;1;0;Stream Raiders Nacague;2022/08/31
65;Oasis Gaming;1;0;Sanguine Rebels Dragons;2022/08/31
66;Oasis Gaming;1;2;NAOS;2022/07/09
67;Oasis Gaming;2;0;BLEED Academy;2022/07/09
68;Oasis Gaming;1;2;Gaimin Gladiators;2022/07/09
69;Oasis Gaming;2;0;EDP445BROS;2022/07/03
70;Oasis Gaming;2;0;Lethal Esports;2022/07/02
71;Oasis Gaming;0;2;BOOM Esports;2022/06/17
72;Oasis Gaming;0;2;ORDER;2022/06/15
73;Oasis Gaming;1;3;Team Secret;2022/05/29
74;Oasis Gaming;2;1;Rex Regum Qeon;2022/05/28
75;Oasis Gaming;2;1;South Built Esports;2022/05/28
76;Oasis Gaming;2;1;Bren Esports;2022/05/27
77;Oasis Gaming;0;2;South Built Esports;2022/05/25
78;Oasis Gaming;0;2;Rex Regum Qeon;2022/05/21
79;Oasis Gaming;2;1;South Built Esports;2022/05/20
80;Oasis Gaming;2;1;Bren Esports;2022/05/19
81;Oasis Gaming;1;2;Alpha Esports Pro;2022/05/18
82;Oasis Gaming;2;1;NAOS;2022/05/15
83;Oasis Gaming;0;2;Team Secret;2022/05/13
84;Oasis Gaming;2;0;Action PH;2022/05/11
85;Oasis Gaming;0;2;South Built Esports;2022/02/26
86;Oasis Gaming;2;0;Team Secret;2022/02/25
87;Oasis Gaming;0;2;Action PH;2022/02/24
88;Oasis Gaming;2;0;Bren Esports;2022/02/20
89;Oasis Gaming;2;1;Action PH;2022/02/18
90;Oasis Gaming;1;2;Team Secret;2022/02/17
91;Oasis Gaming;2;0;Bren Esports;2022/02/13
92;Oasis Gaming;2;1;Team Secret;2022/02/11
93;Oasis Gaming;1;2;Action PH;2022/02/10
94;Oasis Gaming;2;0;South Built Esports;2022/01/30
95;Oasis Gaming;2;0;Outplay Uprising;2022/01/16
96;Oasis Gaming;1;2;Bren Esports;2021/12/07
97;Oasis Gaming;2;1;Zeal Esports;2021/12/07
98;Oasis Gaming;0;2;Zeal Esports;2021/11/10
99;Oasis Gaming;0;1;ONIC G;2021/10/03
