;equipe;placar_casa;placar_visita;time_visita;data
0;T1;1;2;Gen.G;2024/06/16
1;T1;0;2;Leviatán;2024/05/26
2;T1;1;2;G2 Esports;2024/05/23
3;T1;0;3;Gen.G;2024/05/11
4;T1;0;2;Paper Rex;2024/05/05
5;T1;2;1;Gen.G;2024/05/04
6;T1;2;0;Team Secret;2024/05/03
7;T1;2;1;ZETA DIVISION;2024/04/28
8;T1;0;2;Talon Esports;2024/04/22
9;T1;2;0;Rex Regum Qeon;2024/04/16
10;T1;1;2;DRX;2024/04/13
11;T1;1;2;DetonatioN FocusMe;2024/04/09
12;T1;0;2;Paper Rex;2024/04/07
13;T1;0;2;Paper Rex;2024/02/24
14;T1;2;1;ZETA DIVISION;2024/02/19
15;T1;2;0;BLEED;2024/02/17
16;T1;0;2;Paper Rex;2023/12/09
17;T1;2;1;Team Liquid;2023/12/08
18;T1;2;0;EDward Gaming;2023/12/06
19;T1;0;1;DRX;2023/10/08
20;T1;0;1;DRX;2023/10/07
21;T1;1;0;Cloud9;2023/10/07
22;T1;0;1;EDward Gaming;2023/10/07
23;T1;1;0;Karmine Corp;2023/09/16
24;T1;0;2;FUT Esports;2023/08/12
25;T1;2;0;FunPlus Phoenix;2023/08/10
26;T1;0;2;FUT Esports;2023/08/07
27;T1;0;2;EDward Gaming;2023/06/14
28;T1;1;2;NRG Esports;2023/06/13
29;T1;2;1;EDward Gaming;2023/06/11
30;T1;2;3;DRX;2023/05/27
31;T1;2;0;Gen.G;2023/05/22
32;T1;2;1;ZETA DIVISION;2023/05/21
33;T1;0;2;Paper Rex;2023/05/20
34;T1;2;1;Gen.G;2023/05/19
35;T1;0;2;DRX;2023/05/15
36;T1;2;1;ZETA DIVISION;2023/05/12
37;T1;2;0;Team Secret;2023/05/07
38;T1;2;1;DetonatioN FocusMe;2023/04/29
39;T1;2;0;Rex Regum Qeon;2023/04/23
40;T1;0;2;Gen.G;2023/04/16
41;T1;0;2;Paper Rex;2023/04/08
42;T1;2;0;Talon Esports;2023/04/01
43;T1;2;1;Global Esports;2023/03/25
44;T1;0;2;FURIA;2023/02/24
45;T1;0;2;TSM;2023/01/14
46;T1;1;2;The Guard;2023/01/14
47;T1;2;0;Northern Forces;2022/08/17
48;T1;2;0;Project VII;2022/08/16
49;T1;0;2;VIRTUOSO;2022/05/07
50;T1;2;0;Team Reckaroo;2022/05/06
51;T1;0;2;Soniqs;2022/05/06
52;T1;2;0;afterMath Esports;2022/05/05
53;T1;2;0;Misfits Black;2022/05/05
54;T1;1;2;NYFU;2022/04/30
55;T1;1;2;Knights;2022/04/29
56;T1;2;1;Moon Raccoons;2022/04/29
57;T1;2;0;afterMath Esports;2022/04/28
58;T1;2;0;Ugly Hamsters;2022/04/28
59;T1;0;1;Vexo Esports;2022/04/20
60;T1;1;0;Position A;2022/04/20
61;T1;1;0;UNFAIR;2022/04/20
62;T1;2;0;Knights Academy;2022/04/19
63;T1;2;0;Zero MarksMen Black;2022/04/19
64;T1;2;1;Team Reckaroo;2022/04/19
65;T1;2;0;Built By Gamers Academy;2022/04/18
66;T1;1;0;Thanos Mug Academy;2022/04/18
67;T1;1;0;Team Opulence;2022/04/18
68;T1;0;2;Nearest Airport;2022/04/12
69;T1;2;0;IlluZion;2022/04/11
70;T1;1;0;Dasnerths Demons;2022/04/11
71;T1;1;0;Ugly Hamsters;2022/04/11
72;T1;2;1;TSM Academy;2022/03/23
73;T1;0;2;Ghost Gaming;2022/03/23
74;T1;2;1;DarkZero Esports;2022/03/22
75;T1;2;1;Cosmic Divide;2022/03/22
76;T1;2;0;Lemonade Stand;2022/03/22
77;T1;1;0;Moonrise;2022/03/21
78;T1;1;0;Fenrir;2022/03/21
79;T1;1;2;Renegades;2022/02/24
80;T1;2;0;Exotic;2022/02/23
81;T1;1;0;Run it Down;2022/02/23
82;T1;1;0;UnitedERA;2022/02/23
83;T1;0;2;TSM;2022/02/22
84;T1;2;0;Chapter 4;2022/02/21
85;T1;1;0;Lenny Time;2022/02/21
86;T1;1;0;TradeLikePros;2022/02/21
87;T1;1;2;Cosmic Divide;2022/02/05
88;T1;2;0;Archons;2022/02/04
89;T1;0;2;VIRTUOSO;2022/02/04
90;T1;2;0;Hugh Jass Construction;2022/02/03
91;T1;2;0;ExiLe Gaming;2022/02/03
92;T1;2;0;ex-FLICKBAITERS;2022/01/18
93;T1;2;1;Built By Gamers;2022/01/17
94;T1;1;0;303 Esports;2022/01/17
95;T1;1;0;Godset;2022/01/17
96;T1;0;1;Zero MarksMen Silver;2022/01/17
97;T1;0;2;FaZe Clan;2021/07/30
98;T1;1;2;TSM;2021/07/30
99;T1;2;1;Version1;2021/07/29
100;T1;2;0;Built By Gamers;2021/07/25
101;T1;2;0;Renegades;2021/07/23
102;T1;2;0;Bait Academy;2021/07/23
103;T1;2;0;Taipan Esports;2021/07/22
104;T1;2;0;Spectral Esports Purple;2021/07/22
105;T1;1;2;Envy;2021/07/03
106;T1;2;1;Ghost Gaming;2021/07/02
107;T1;2;0;O.O.D.A Loopers;2021/07/01
108;T1;2;0;Dark Matter Purple;2021/07/01
109;T1;1;2;Sentinels;2021/04/22
110;T1;0;2;Cloud9;2021/04/22
111;T1;2;1;FaZe Clan;2021/04/18
112;T1;2;0;Renegades;2021/04/16
113;T1;2;0;Project A;2021/04/16
114;T1;2;0;NBKS CENTURIONS;2021/04/15
115;T1;2;0;FBM;2021/04/15
116;T1;0;2;rice and meatballs;2021/04/02
117;T1;2;0;Brimstone Gaming;2021/04/01
118;T1;2;0;mhm;2021/04/01
119;T1;1;2;100 Thieves;2021/03/04
120;T1;0;2;FaZe Clan;2021/03/04
121;T1;2;0;Cloud9;2021/02/28
122;T1;2;0;Frick Ya Bag;2021/02/26
123;T1;2;0;Archons;2021/02/26
124;T1;2;1;PUGSTARS;2021/02/25
125;T1;2;0;In The Lab;2021/02/25
126;T1;1;2;Headshot Percentage;2021/02/11
127;T1;2;0;NC State Esports;2021/02/11
128;T1;1;2;Andbox;2021/01/28
129;T1;2;0;Hollywood Hooliganz;2021/01/28
130;T1;2;0;Able Esports;2021/01/27
131;T1;2;0;asdf;2021/01/27
132;T1;0;2;Envy;2020/12/20
133;T1;1;0;Cloud9;2020/12/19
134;T1;0;2;100 Thieves;2020/12/04
135;T1;0;2;FaZe Clan;2020/11/22
136;T1;2;0;Cloud9;2020/11/21
137;T1;2;1;Immortals;2020/11/20
138;T1;2;1;Dignitas;2020/11/19
139;T1;1;2;Sentinels;2020/11/07
140;T1;2;0;Gen.G;2020/11/06
141;T1;2;0;Equinox Esports;2020/11/04
142;T1;0;2;Complexity;2020/11/04
143;T1;1;2;Envy;2020/10/28
144;T1;2;1;Luminosity;2020/10/27
145;T1;2;0;Orgles5;2020/10/27
146;T1;2;0;Most Prolific;2020/10/26
147;T1;2;0;The Boys;2020/10/26
148;T1;0;2;Immortals;2020/10/18
149;T1;2;0;Moon Raccoons;2020/10/17
150;T1;1;0;Time In;2020/10/17
151;T1;1;2;Envy;2020/08/27
152;T1;0;2;Immortals;2020/08/26
153;T1;0;1;Renegades;2020/08/16
154;T1;1;0;Shiba;2020/08/16
155;T1;0;1;Gen.G;2020/08/16
156;T1;0;2;Gen.G;2020/08/07
157;T1;1;2;TSM;2020/08/07
158;T1;2;0;Envy;2020/08/06
159;T1;2;0;MIXUP;2020/08/06
160;T1;0;2;Homeless;2020/07/24
161;T1;2;0;Team Kephrii;2020/07/23
162;T1;2;0;Envy;2020/07/23
163;T1;2;0;Way 2 French;2020/07/22
164;T1;2;0;Echo 8;2020/07/22
165;T1;0;3;TSM;2020/06/28
166;T1;1;0;Immortals;2020/06/28
167;T1;1;2;TSM;2020/06/28
168;T1;2;0;Immortals;2020/06/27
169;T1;2;0;Gen.G;2020/06/27
170;T1;2;0;100 Thieves;2020/06/26
171;T1;2;1;Code7;2020/06/26
172;T1;2;0;100 Blifted;2020/06/26
173;T1;2;1;TSM;2020/06/07
174;T1;2;0;Team Sh0ts;2020/06/07
175;T1;1;0;Team Kephrii;2020/06/06
176;T1;1;0;Immortals;2020/06/06
177;T1;1;0;Team Aceu;2020/06/06
