;equipe;placar_casa;placar_visita;time_visita;data
0;All Gamers;2;0;TYLOO;2024/06/16
1;All Gamers;0;2;Trace Esports;2024/05/08
2;All Gamers;0;2;EDward Gaming;2024/05/02
3;All Gamers;2;1;Nova Esports;2024/04/28
4;All Gamers;2;0;Bilibili Gaming;2024/04/20
5;All Gamers;0;2;Wolves Esports;2024/04/13
6;All Gamers;2;1;Dragon Ranger Gaming;2024/04/06
7;All Gamers;0;2;JD Gaming;2024/02/24
8;All Gamers;0;2;Dragon Ranger Gaming;2024/02/23
9;All Gamers;0;2;LGD Gaming;2023/11/10
10;All Gamers;0;2;FunPlus Phoenix;2023/11/08
11;All Gamers;2;0;LGD Gaming;2023/11/06
12;All Gamers;0;1;Dragon Ranger Gaming;2023/11/03
13;All Gamers;1;0;Shenzhen NTER;2023/11/02
14;All Gamers;0;2;Bilibili Gaming;2023/10/07
15;All Gamers;0;2;Ninjas In Pyjamas;2023/10/06
16;All Gamers;1;0;I May;2023/10/05
17;All Gamers;1;0;TJD Esports Club;2023/10/05
18;All Gamers;0;1;Trace Esports;2023/09/07
19;All Gamers;1;2;KeepBest Gaming;2023/05/18
20;All Gamers;0;2;Nova Esports;2023/05/15
21;All Gamers;0;2;JiJieHao;2023/04/27
22;All Gamers;0;2;Kingzone;2023/04/19
23;All Gamers;0;2;KunPeng Gaming;2023/04/11
24;All Gamers;0;2;JiJieHao;2023/04/05
25;All Gamers;1;2;Gank Gaming;2023/03/14
26;All Gamers;0;2;Shenzhen NTER;2021/08/30
27;All Gamers;2;1;FunPlus Phoenix ZHUQUE;2021/08/28
28;All Gamers;1;2;Attacking Soul Esports;2021/08/25
29;All Gamers;0;2;Tales of Eastern;2021/08/24
30;All Gamers;2;0;MAX Esports;2021/08/19
31;All Gamers;0;2;Tales of Eastern;2021/08/13
32;All Gamers;2;0;Shenzhen NTER;2021/08/11
33;All Gamers;0;2;EDward Gaming;2021/08/08
34;All Gamers;2;1;Underdog;2021/08/04
35;All Gamers;2;0;O2 Gaming;2021/08/04
36;All Gamers;0;2;Tales of Eastern;2021/07/31
37;All Gamers;0;2;KONE eSports Club;2021/07/14
38;All Gamers;0;2;Underdog;2021/07/12
39;All Gamers;2;0;O2 Gaming;2021/07/10
40;All Gamers;1;0;Invincible Gaming;2021/06/03
41;All Gamers;1;0;ex-O2 Gaming;2021/06/03
42;All Gamers;0;1;Weibo Gaming;2021/06/03
43;All Gamers;0;1;LIZHI;2021/06/03
44;All Gamers;0;2;KaiXin Esports;2021/05/09
45;All Gamers;1;2;Weibo Gaming;2021/04/23
46;All Gamers;0;2;ex-O2 Gaming;2021/04/22
47;All Gamers;2;0;LIZHI;2021/04/22
48;All Gamers;2;0;Shenzhen NTER;2021/04/22
49;All Gamers;0;1;DetonatioN FocusMe;2020/09/04
50;All Gamers;1;0;Triumphant Song Gaming;2020/09/04
51;All Gamers;0;1;ShengJie Gaming;2020/09/04
