;equipe;placar_casa;placar_visita;time_visita;data
0;Xipto Esports;3;0;BOBA;2024/04/05
1;Xipto Esports;2;0;BOBA;2024/04/03
2;Xipto Esports;2;0;Mommy's Kittens;2024/04/01
3;Xipto Esports;2;0;BOBA;2024/03/29
4;Xipto Esports;2;0;Mommy's Kittens;2024/03/29
5;Xipto Esports;2;0;Levana Estrella;2024/03/28
6;Xipto Esports;2;0;Vandals;2024/03/27
7;Xipto Esports;2;0;AURA DIFFERENTIAL;2024/03/27
8;Xipto Esports;2;0;Sinchro Tozen;2024/03/26
9;Xipto Esports;1;2;Team Liquid Brazil;2023/12/02
10;Xipto Esports;2;0;KRÜ BLAZE;2023/12/01
11;Xipto Esports;1;2;G2 Gozen;2023/11/29
12;Xipto Esports;2;0;Evil Geniuses GC;2023/11/28
13;Xipto Esports;3;0;RRQ Kaguya;2023/10/15
14;Xipto Esports;2;0;FULL SENSE SAPPHIRE;2023/10/13
15;Xipto Esports;2;0;Orangutan X;2023/10/11
16;Xipto Esports;2;0;NYX Kyosei;2023/10/09
17;Xipto Esports;3;0;RRQ Kaguya;2023/07/30
18;Xipto Esports;2;0;FULL SENSE SAPPHIRE;2023/07/29
19;Xipto Esports;2;0;SCYTHE NWJ;2023/07/27
20;Xipto Esports;2;0;Deviant Topaz;2023/07/26
21;Xipto Esports;2;0;Orangutan X;2023/07/23
22;Xipto Esports;2;1;FULL SENSE SAPPHIRE;2023/07/23
23;Xipto Esports;2;0;Krazy Gurlz;2023/07/22
24;Xipto Esports;2;0;Neons;2023/07/22
25;Xipto Esports;2;0;BabyBeast Free Agent;2023/07/21
26;Xipto Esports;3;2;FULL SENSE SAPPHIRE;2023/06/10
27;Xipto Esports;2;1;FULL SENSE SAPPHIRE;2023/06/08
28;Xipto Esports;2;0;Global Esports Phoenix;2023/06/07
29;Xipto Esports;2;0;Point of Authority Blossom;2023/06/06
30;Xipto Esports;2;0;FULL SENSE SAPPHIRE;2023/06/03
31;Xipto Esports;2;0;Orangutan X;2023/06/03
32;Xipto Esports;2;0;SAVAGE;2023/06/02
33;Xipto Esports;2;0;MorJor;2023/06/01
34;Xipto Esports;2;0;Valkyrie;2023/05/31
35;Xipto Esports;2;0;Zer0 Guerriere;2023/05/30
36;Xipto Esports;3;0;Orangutan X;2023/03/19
37;Xipto Esports;2;0;RRQ Kaguya;2023/03/18
38;Xipto Esports;2;0;Sapphire;2023/03/16
39;Xipto Esports;2;0;Global Esports Phoenix;2023/03/15
40;Xipto Esports;2;0;Sapphire;2023/03/12
41;Xipto Esports;2;0;THE HERO KDA;2023/03/12
42;Xipto Esports;2;0;Capybara GanG;2023/03/11
43;Xipto Esports;2;0;LYNC NWJ;2023/03/11
44;Xipto Esports;2;0;Tiger Wong Valkyrie;2023/03/10
45;Xipto Esports;2;0;ADE Serein;2023/03/09
