;equipe;placar_casa;placar_visita;time_visita;data
0;FUSION;0;2;Six Karma;2024/06/13
1;FUSION;0;2;ILLICIT;2024/06/05
2;FUSION;0;2;TP REVEN;2024/05/29
3;FUSION;1;2;RETA Esports;2024/05/22
4;FUSION;0;2;E-Xolos LAZER;2024/05/17
5;FUSION;1;2;Six Karma;2024/03/14
6;FUSION;2;0;RETA Esports;2024/03/13
7;FUSION;2;0;19esports;2024/03/08
8;FUSION;0;2;E-Xolos LAZER;2024/03/01
9;FUSION;2;0;Six Karma;2024/02/29
10;FUSION;0;2;Mookah Rabbits;2024/02/22
11;FUSION;0;2;Gaming Up;2023/11/15
12;FUSION;0;2;ILLICIT;2023/11/13
13;FUSION;2;0;FiRePOWER;2023/10/27
14;FUSION;1;2;19esports;2023/10/26
15;FUSION;1;2;Chivas Esports;2023/10/19
16;FUSION;0;2;9z Team;2023/07/05
17;FUSION;0;2;The Union;2023/07/04
18;FUSION;2;0;00Nation;2023/07/03
19;FUSION;0;2;The Union;2023/07/02
20;FUSION;0;2;M80;2023/07/01
21;FUSION;0;3;9z Team;2023/06/11
22;FUSION;3;1;Six Karma;2023/06/09
23;FUSION;2;0;Six Karma;2023/05/21
24;FUSION;2;1;19esports;2023/05/16
25;FUSION;2;0;RETA Esports;2023/05/10
26;FUSION;2;1;Skull Cracker;2023/05/03
27;FUSION;2;0;E-Xolos LAZER;2023/05/02
28;FUSION;2;0;Six Karma;2023/04/26
29;FUSION;2;3;Six Karma;2023/03/31
30;FUSION;2;0;Six Karma;2023/03/25
31;FUSION;2;0;Skull Cracker;2023/03/18
32;FUSION;2;1;RETA Esports;2023/03/17
33;FUSION;2;0;E-Xolos LAZER;2023/03/14
34;FUSION;2;1;19esports;2023/03/11
35;FUSION;0;2;Six Karma;2023/03/01
36;FUSION;0;1;19esports;2023/02/09
37;FUSION;0;1;Six Karma;2023/02/09
38;FUSION;1;0;RETA Esports;2023/02/09
39;FUSION;0;2;Ninjas In Pyjamas;2022/08/09
40;FUSION;0;2;FURIA;2022/08/06
41;FUSION;2;3;Leviatán;2022/06/25
42;FUSION;0;2;KRÜ Esports;2022/06/24
43;FUSION;2;1;Leviatán;2022/06/23
44;FUSION;2;0;E-Xolos LAZER;2022/06/09
45;FUSION;1;2;E-Xolos LAZER;2022/06/03
46;FUSION;2;0;Six Karma;2022/05/26
47;FUSION;2;0;Border Monsters;2022/05/20
48;FUSION;2;1;Team Cruelty;2022/05/19
49;FUSION;2;0;INFINITY;2022/05/13
50;FUSION;0;2;KRÜ Esports;2022/03/26
51;FUSION;0;2;Leviatán;2022/03/25
52;FUSION;2;0;Six Karma;2022/03/11
53;FUSION;1;2;E-Xolos LAZER;2022/03/10
54;FUSION;2;0;Ryze Gaming;2022/03/03
55;FUSION;1;2;INFINITY;2022/02/25
56;FUSION;0;2;E-Xolos LAZER;2022/02/24
57;FUSION;2;0;Border Monsters;2022/02/18
58;FUSION;2;1;Six Karma;2022/02/10
59;FUSION;2;0;Skull Cracker;2022/01/26
60;FUSION;2;0;Akave Esports;2022/01/25
61;FUSION;2;0;PARADOX GAMING;2022/01/23
