;equipe;placar_casa;placar_visita;time_visita;data
0;2Game Esports;2;0;Legacy;2024/06/20
1;2Game Esports;2;0;RED Canids;2024/06/14
2;2Game Esports;2;0;THE 7;2024/06/12
3;2Game Esports;2;0;TBK Esports;2024/06/04
4;2Game Esports;0;2;Galorys;2024/05/30
5;2Game Esports;2;1;XLD Gaming;2024/05/29
6;2Game Esports;1;2;SAGAZ;2024/05/21
7;2Game Esports;0;2;Hero Base;2024/05/01
8;2Game Esports;1;2;RED Canids;2024/04/30
9;2Game Esports;2;0;Hero Base;2024/04/13
10;2Game Esports;1;2;OLIMPO;2024/04/04
11;2Game Esports;2;1;XLD Gaming;2024/03/27
12;2Game Esports;2;1;Hero Base;2024/03/20
13;2Game Esports;1;2;TBK Esports;2024/03/12
14;2Game Esports;2;1;Stellae Gaming;2024/03/07
15;2Game Esports;2;0;Legacy;2024/03/05
16;2Game Esports;2;0;CO-OP.gg;2024/02/28
17;2Game Esports;2;0;Galorys;2024/02/22
18;2Game Esports;2;0;RED Canids;2024/02/15
19;2Game Esports;0;2;Vex Dragons;2023/10/14
20;2Game Esports;2;0;VETOOOR E AMIGOS;2023/10/13
21;2Game Esports;1;0;Zenix E-Sports;2023/10/12
22;2Game Esports;1;0;Variants;2023/10/12
23;2Game Esports;0;1;LAJOTA VINNY;2023/09/26
24;2Game Esports;1;0;KannarioPopcorn;2023/09/26
25;2Game Esports;1;0;OTTAWA GAMING;2023/09/26
