;equipe;placar_casa;placar_visita;time_visita;data
0;Revenant Esports;2;0;Medal Esports;2024/06/10
1;Revenant Esports;2;1;Alternate Realities;2024/06/06
2;Revenant Esports;2;1;Velocity Gaming;2024/06/05
3;Revenant Esports;0;2;MLT Esports;2024/05/18
4;Revenant Esports;2;0;MLT Esports;2024/05/01
5;Revenant Esports;2;0;Orangutan;2024/04/25
6;Revenant Esports;2;0;Grayfox Esports;2024/04/19
7;Revenant Esports;2;1;Medal Esports;2024/04/18
8;Revenant Esports;2;1;Reckoning Esports;2024/04/12
9;Revenant Esports;1;2;True Rippers;2024/04/04
10;Revenant Esports;2;0;Carnival Gaming;2024/04/03
11;Revenant Esports;0;2;True Rippers;2024/03/16
12;Revenant Esports;0;2;Grayfox Esports;2024/03/15
13;Revenant Esports;2;0;True Rippers;2024/03/14
14;Revenant Esports;2;1;MLT Esports;2024/02/16
15;Revenant Esports;2;1;True Rippers;2024/02/15
16;Revenant Esports;2;1;Medal Esports;2024/02/12
17;Revenant Esports;2;1;Carnival Gaming;2024/02/10
18;Revenant Esports;2;1;Grayfox Esports;2024/02/08
19;Revenant Esports;2;0;Orangutan;2024/02/04
20;Revenant Esports;2;1;Reckoning Esports;2024/02/03
21;Revenant Esports;1;2;Gods Reign;2023/06/05
22;Revenant Esports;1;2;True Rippers;2023/06/01
23;Revenant Esports;1;2;Reckoning Esports;2023/05/21
24;Revenant Esports;2;0;Velocity Gaming;2023/05/13
25;Revenant Esports;0;2;Orangutan;2023/05/12
26;Revenant Esports;2;1;MLT Esports;2023/04/30
27;Revenant Esports;1;2;BLEED;2022/12/23
28;Revenant Esports;0;2;BOOM Esports;2022/12/22
29;Revenant Esports;0;2;Velocity Gaming;2022/12/21
30;Revenant Esports;2;3;Velocity Gaming;2022/12/18
31;Revenant Esports;2;0;Gods Reign;2022/12/18
32;Revenant Esports;1;2;Velocity Gaming;2022/12/17
33;Revenant Esports;2;0;Gods Reign;2022/12/15
34;Revenant Esports;2;1;Reckoning Esports;2022/12/12
35;Revenant Esports;0;2;Velocity Gaming;2022/11/16
36;Revenant Esports;1;2;Enigma Gaming;2022/11/14
37;Revenant Esports;2;0;Global Esports;2022/11/13
38;Revenant Esports;0;3;Global Esports;2022/10/23
39;Revenant Esports;2;1;Velocity Gaming;2022/10/21
40;Revenant Esports;2;1;W Streak Esports;2022/10/21
41;Revenant Esports;1;3;Enigma Gaming;2022/10/16
42;Revenant Esports;2;1;Global Esports;2022/10/14
43;Revenant Esports;2;0;Lethal Esports;2022/10/14
44;Revenant Esports;1;3;Fancy United Esports;2022/10/11
45;Revenant Esports;0;1;Velocity Gaming;2022/10/10
46;Revenant Esports;1;0;Estar Esports;2022/10/08
47;Revenant Esports;0;1;Global Esports;2022/10/07
48;Revenant Esports;0;1;BLEED;2022/10/07
49;Revenant Esports;1;0;XERXIA Esports;2022/10/06
50;Revenant Esports;1;0;Fancy United Esports;2022/10/05
51;Revenant Esports;1;0;Alter Ego;2022/10/05
52;Revenant Esports;2;0;Orgless5;2022/10/03
53;Revenant Esports;1;0;Chill Cord;2022/10/01
54;Revenant Esports;0;2;Medal Esports;2022/08/27
55;Revenant Esports;2;1;Septem Exierant;2022/08/26
56;Revenant Esports;0;2;Reckoning Esports;2022/08/25
57;Revenant Esports;2;1;Team Valor;2022/03/19
58;Revenant Esports;1;2;True Rippers;2022/03/13
59;Revenant Esports;1;2;Team Valor;2022/03/07
60;Revenant Esports;0;2;True Rippers;2022/03/04
61;Revenant Esports;2;0;Salt Esports;2022/02/23
62;Revenant Esports;0;2;Enigma Gaming;2022/02/21
63;Revenant Esports;1;2;Team Exploit;2022/02/20
64;Revenant Esports;2;1;Khumbu Esports;2022/02/20
65;Revenant Esports;0;2;Team Exploit;2022/02/18
66;Revenant Esports;0;2;Global Esports;2022/02/13
67;Revenant Esports;2;1;Salt Esports;2022/02/13
68;Revenant Esports;0;2;Global Esports;2022/02/12
69;Revenant Esports;2;0;Maruti Peek;2022/02/10
70;Revenant Esports;2;0;Crash Landin on You;2022/02/10
71;Revenant Esports;0;3;Velocity Gaming;2022/02/07
72;Revenant Esports;2;1;Global Esports;2022/02/05
73;Revenant Esports;2;0;NOGAS Esports;2022/02/04
74;Revenant Esports;2;0;Anime Aimers;2022/02/03
75;Revenant Esports;1;2;Global Esports;2022/01/28
76;Revenant Esports;2;1;Blind Esports;2022/01/26
77;Revenant Esports;2;0;Team Arrow;2022/01/19
78;Revenant Esports;0;2;Team Valor;2022/01/18
79;Revenant Esports;2;1;M42 Esports;2022/01/14
80;Revenant Esports;0;2;Enigma Gaming;2022/01/12
81;Revenant Esports;2;1;Orgless 5;2022/01/11
82;Revenant Esports;2;0;Galaxy Esports;2022/01/09
83;Revenant Esports;1;2;Reckoning Esports;2021/12/26
84;Revenant Esports;0;2;S8UL Esports;2021/12/23
85;Revenant Esports;0;3;Weird Esports;2021/12/11
86;Revenant Esports;0;2;Enigma Gaming;2021/12/10
87;Revenant Esports;0;2;True Rippers;2021/12/09
88;Revenant Esports;2;0;True Rippers;2021/12/08
89;Revenant Esports;2;0;FS Esports;2021/12/07
90;Revenant Esports;2;1;S8UL Esports;2021/11/29
91;Revenant Esports;1;2;S8UL Esports;2021/11/23
92;Revenant Esports;0;2;Enigma Gaming;2021/11/22
93;Revenant Esports;2;1;M42 Esports;2021/11/19
94;Revenant Esports;1;2;True Rippers;2021/11/14
95;Revenant Esports;0;2;Team XO;2021/11/11
96;Revenant Esports;1;2;Enigma Gaming;2021/11/01
97;Revenant Esports;2;0;True Rippers;2021/10/31
98;Revenant Esports;2;0;Team XO;2021/10/30
99;Revenant Esports;0;2;Team Exploit;2021/10/29
100;Revenant Esports;2;0;ROG Academy;2021/10/28
101;Revenant Esports;1;2;True Rippers;2021/10/25
102;Revenant Esports;0;1;S8UL Esports;2021/10/22
103;Revenant Esports;2;0;ROG Academy;2021/10/20
104;Revenant Esports;1;2;Team Valor;2021/10/10
105;Revenant Esports;0;2;Reckoning Esports;2020/11/04
106;Revenant Esports;1;2;Team Tamilas;2020/09/29
107;Revenant Esports;0;2;Noble India;2020/09/25
