;equipe;placar_casa;placar_visita;time_visita;data
0;NAOS;2;0;JustUs;2024/06/20
1;NAOS;2;0;Carti World;2024/06/19
2;NAOS;2;0;ZOL Esports;2024/06/12
3;NAOS;1;3;ZOL Esports;2024/03/30
4;NAOS;2;0;OLD STINKY CAT;2024/03/29
5;NAOS;2;0;Carti Esports;2024/03/12
6;NAOS;2;0;Geek Fam;2024/03/11
7;NAOS;1;0;Sharper Esport;2022/11/10
8;NAOS;1;0;Fancy United Esports;2022/11/09
9;NAOS;1;0;Made in Thailand;2022/11/08
10;NAOS;1;2;Hike Digital Esports;2022/11/05
11;NAOS;2;0;Hazel;2022/11/04
12;NAOS;0;2;Fancy United Esports;2022/10/27
13;NAOS;2;0;Louvre;2022/10/26
14;NAOS;0;2;Made in Thailand;2022/10/25
15;NAOS;1;2;Fancy United Esports;2022/10/03
16;NAOS;2;1;South Built Esports;2022/10/01
17;NAOS;1;0;Rex Regum Qeon;2022/09/30
18;NAOS;0;1;Team Secret;2022/09/01
19;NAOS;0;1;Rex Regum Qeon;2022/09/01
20;NAOS;1;0;W Streak Esports;2022/09/01
21;NAOS;0;2;Alpha Esports Pro;2022/07/10
22;NAOS;2;1;Oasis Gaming;2022/07/09
23;NAOS;2;0;UwU;2022/07/09
24;NAOS;0;2;Alpha Esports Pro;2022/07/09
25;NAOS;2;0;BLEED Academy;2022/07/03
26;NAOS;2;1;UwU;2022/07/02
27;NAOS;2;1;Action PH;2022/05/22
28;NAOS;1;2;Team Secret;2022/05/21
29;NAOS;0;2;Rex Regum Qeon;2022/05/19
30;NAOS;1;2;Oasis Gaming;2022/05/15
31;NAOS;0;2;Alpha Esports Pro;2022/05/14
32;NAOS;0;2;Bren Esports;2022/05/13
33;NAOS;0;2;South Built Esports;2022/05/11
34;NAOS;2;1;Action PH;2022/04/10
35;NAOS;2;1;Stream Raiders Nacague;2022/04/09
36;NAOS;0;1;Rex Regum Qeon;2022/04/02
37;NAOS;1;0;Sanguine Rebels Dragons;2022/04/02
38;NAOS;1;0;Outplay Uprising;2022/04/02
39;NAOS;1;2;ONIC G;2022/03/18
40;NAOS;1;2;BLEED;2022/03/16
41;NAOS;1;3;South Built Esports;2022/02/26
42;NAOS;2;1;Action PH;2022/02/25
43;NAOS;2;0;South Built Esports;2022/02/25
44;NAOS;2;0;South Built Esports;2022/02/20
45;NAOS;2;0;Zeal Esports;2022/02/18
46;NAOS;1;2;Looking for Org;2022/02/16
47;NAOS;2;0;South Built Esports;2022/02/13
48;NAOS;2;0;Zeal Esports;2022/02/11
49;NAOS;2;0;Looking for Org;2022/02/09
50;NAOS;2;0;Amethaverse Esports;2022/01/30
51;NAOS;0;1;Lords of Heist;2022/01/21
52;NAOS;0;2;Kingsmen;2022/01/21
53;NAOS;0;1;Alpha Esports Pro;2022/01/13
54;NAOS;1;0;Nexplay Evos;2022/01/13
55;NAOS;0;2;Action PH;2021/12/23
56;NAOS;2;0;Global Esports;2021/12/22
57;NAOS;2;1;Morph Impact;2021/12/21
58;NAOS;2;0;FS Esports;2021/12/19
59;NAOS;0;2;Enigma Gaming;2021/12/18
