;equipe;placar_casa;placar_visita;time_visita;data
0;XSOUL;0;2;Furious Gaming;2024/06/11
1;XSOUL;0;2;All Knights;2024/06/04
2;XSOUL;1;2;OXEN;2024/05/28
3;XSOUL;0;2;9z Team;2024/05/15
4;XSOUL;2;1;Nottingham Miedo;2024/05/14
5;XSOUL;0;2;Furious Gaming;2024/03/27
6;XSOUL;0;2;All Knights;2024/03/26
7;XSOUL;0;2;Furious Gaming;2024/03/12
8;XSOUL;0;2;9z Team;2024/03/05
9;XSOUL;2;1;All Knights;2024/02/28
10;XSOUL;2;0;OXEN;2024/02/21
11;XSOUL;2;0;Nottingham Miedo;2024/02/20
12;XSOUL;3;1;Rebirth Esports;2024/01/28
13;XSOUL;1;3;Nottingham Miedo;2024/01/27
14;XSOUL;2;0;Red Eye;2024/01/24
15;XSOUL;2;0;Warning!;2024/01/23
16;XSOUL;2;0;Jazz Team;2024/01/21
17;XSOUL;2;1;LRV Esports;2024/01/20
