;equipe;placar_casa;placar_visita;time_visita;data
0;KRÜ Esports;1;2;Leviatán;2024/05/10
1;KRÜ Esports;0;2;G2 Esports;2024/05/09
2;KRÜ Esports;1;2;Leviatán;2024/05/04
3;KRÜ Esports;2;1;100 Thieves;2024/04/29
4;KRÜ Esports;2;0;LOUD;2024/04/24
5;KRÜ Esports;2;0;Evil Geniuses;2024/04/21
6;KRÜ Esports;2;0;MIBR;2024/04/14
7;KRÜ Esports;2;1;FURIA;2024/04/08
8;KRÜ Esports;0;2;G2 Esports;2024/02/25
9;KRÜ Esports;1;2;G2 Esports;2024/02/18
10;KRÜ Esports;0;2;FURIA;2023/11/11
11;KRÜ Esports;0;2;Leviatán;2023/11/10
12;KRÜ Esports;0;1;Leviatán;2023/10/14
13;KRÜ Esports;0;2;Giants Gaming;2023/08/11
14;KRÜ Esports;0;2;Paper Rex;2023/08/09
15;KRÜ Esports;3;1;Leviatán;2023/07/23
16;KRÜ Esports;2;1;Cloud9;2023/07/18
17;KRÜ Esports;2;0;Leviatán;2023/07/17
18;KRÜ Esports;2;1;FURIA;2023/07/16
19;KRÜ Esports;2;0;MIBR;2023/07/15
20;KRÜ Esports;1;2;Cloud9;2023/05/19
21;KRÜ Esports;0;2;Sentinels;2023/05/14
22;KRÜ Esports;0;2;Leviatán;2023/05/07
23;KRÜ Esports;1;2;LOUD;2023/05/01
24;KRÜ Esports;0;2;NRG Esports;2023/04/25
25;KRÜ Esports;1;2;100 Thieves;2023/04/22
26;KRÜ Esports;1;2;Evil Geniuses;2023/04/16
27;KRÜ Esports;1;2;MIBR;2023/04/09
28;KRÜ Esports;0;2;FURIA;2023/04/01
29;KRÜ Esports;0;2;Natus Vincere;2023/02/22
30;KRÜ Esports;0;2;Cloud9;2022/12/11
31;KRÜ Esports;2;0;Team Liquid;2022/12/10
32;KRÜ Esports;2;0;FOKUS;2022/12/09
33;KRÜ Esports;0;2;Cloud9;2022/12/09
34;KRÜ Esports;0;2;Team Vitality;2022/12/09
35;KRÜ Esports;0;2;KOI;2022/10/22
36;KRÜ Esports;0;2;FunPlus Phoenix;2022/09/08
37;KRÜ Esports;2;1;XERXIA Esports;2022/09/05
38;KRÜ Esports;0;2;FunPlus Phoenix;2022/09/03
39;KRÜ Esports;3;0;FURIA;2022/08/13
40;KRÜ Esports;2;0;Keyd Stars;2022/08/08
41;KRÜ Esports;2;1;TBK Esports;2022/08/07
42;KRÜ Esports;0;2;OpTic Gaming;2022/07/13
43;KRÜ Esports;1;2;Guild Esports;2022/07/11
44;KRÜ Esports;2;1;LOUD;2022/07/10
45;KRÜ Esports;3;0;Ninjas In Pyjamas;2022/06/30
46;KRÜ Esports;0;3;Leviatán;2022/06/26
47;KRÜ Esports;2;0;FUSION;2022/06/24
48;KRÜ Esports;2;0;E-Xolos LAZER;2022/06/23
49;KRÜ Esports;2;0;Leviatán;2022/06/11
50;KRÜ Esports;2;0;Optix;2022/06/05
51;KRÜ Esports;2;1;PAMPAS;2022/06/04
52;KRÜ Esports;2;1;Leviatán;2022/05/29
53;KRÜ Esports;2;0;9z Team;2022/05/22
54;KRÜ Esports;2;0;SunXet Club;2022/05/14
55;KRÜ Esports;0;2;OpTic Gaming;2022/04/12
56;KRÜ Esports;0;2;Team Liquid;2022/04/10
57;KRÜ Esports;3;2;Leviatán;2022/03/28
58;KRÜ Esports;2;0;E-Xolos LAZER;2022/03/27
59;KRÜ Esports;2;0;FUSION;2022/03/26
60;KRÜ Esports;0;2;E-Xolos LAZER;2022/03/24
61;KRÜ Esports;2;0;9z Team;2022/03/13
62;KRÜ Esports;0;2;Leviatán;2022/03/12
63;KRÜ Esports;2;0;Leviatán;2022/03/06
64;KRÜ Esports;2;0;9z Team;2022/02/27
65;KRÜ Esports;2;0;Meta Gaming;2022/02/26
66;KRÜ Esports;2;0;EBRO Gaming;2022/02/19
67;KRÜ Esports;2;0;Optix;2022/02/12
68;KRÜ Esports;1;2;Gambit Esports;2021/12/11
69;KRÜ Esports;2;1;FNATIC;2021/12/09
70;KRÜ Esports;2;1;Sentinels;2021/12/06
71;KRÜ Esports;2;1;FURIA;2021/12/05
72;KRÜ Esports;0;2;Team Liquid;2021/12/02
73;KRÜ Esports;2;0;9z Team;2021/10/24
74;KRÜ Esports;2;0;Furious Gaming;2021/10/24
75;KRÜ Esports;0;2;G2 Esports;2021/09/17
76;KRÜ Esports;2;0;Keyd Stars;2021/09/15
77;KRÜ Esports;0;2;Envy;2021/09/13
78;KRÜ Esports;2;1;ZETA DIVISION;2021/09/12
79;KRÜ Esports;3;0;Australs;2021/08/20
80;KRÜ Esports;2;0;Six Karma;2021/08/19
81;KRÜ Esports;1;2;Australs;2021/08/19
82;KRÜ Esports;2;0;Six Karma;2021/08/18
83;KRÜ Esports;2;0;Australs;2021/08/04
84;KRÜ Esports;2;1;9z Team;2021/08/03
85;KRÜ Esports;2;0;9z Team;2021/07/03
86;KRÜ Esports;2;0;Kaos Latin Gamers;2021/07/01
87;KRÜ Esports;1;0;Velox;2021/06/29
88;KRÜ Esports;2;0;Revense E-sports;2021/06/24
89;KRÜ Esports;0;2;Team Liquid;2021/05/27
90;KRÜ Esports;2;0;Sharks Esports;2021/05/26
91;KRÜ Esports;0;2;FNATIC;2021/05/24
92;KRÜ Esports;3;1;INFINITY;2021/05/12
93;KRÜ Esports;3;1;9z Team;2021/04/29
94;KRÜ Esports;2;0;9z Team;2021/04/28
95;KRÜ Esports;2;0;Meta Gaming;2021/04/27
96;KRÜ Esports;2;0;9z Team;2021/04/11
97;KRÜ Esports;2;0;Kaos Latin Gamers;2021/04/08
98;KRÜ Esports;2;0;9z Team;2021/04/07
99;KRÜ Esports;1;0;DKS Esports;2021/04/06
100;KRÜ Esports;0;1;Furious Gaming;2021/04/04
