;equipe;placar_casa;placar_visita;time_visita;data
0;Dplus Esports;2;0;VEC DAEJEON;2024/06/19
1;Dplus Esports;2;1;SUPERFECT Esports;2024/06/14
2;Dplus Esports;2;0;SLT Seongnam;2024/06/13
3;Dplus Esports;1;2;Sin Prisa Gaming;2024/06/07
4;Dplus Esports;2;0;IAM;2024/06/06
5;Dplus Esports;0;2;SLT Seongnam;2024/04/04
6;Dplus Esports;2;0;SHERPA;2024/04/03
7;Dplus Esports;0;2;Nongshim RedForce;2024/03/28
8;Dplus Esports;2;1;SLT Seongnam;2024/03/27
9;Dplus Esports;0;2;Nongshim RedForce;2024/03/20
10;Dplus Esports;2;1;Incheon On Sla2ers;2024/03/15
11;Dplus Esports;1;2;SLT Seongnam;2024/03/14
12;Dplus Esports;2;0;Maru Gaming;2024/03/08
13;Dplus Esports;2;0;SHERPA;2024/03/06
14;Dplus Esports;2;1;IAM;2024/03/01
15;Dplus Esports;1;2;LFG Portal;2024/02/29
16;Dplus Esports;0;2;SCARZ;2023/07/04
17;Dplus Esports;2;0;BLEED;2023/07/02
18;Dplus Esports;2;1;Orangutan;2023/07/01
19;Dplus Esports;0;2;Bonkers;2023/06/30
20;Dplus Esports;3;1;SLT Seongnam;2023/06/03
21;Dplus Esports;2;0;Maru Gaming;2023/05/25
22;Dplus Esports;2;0;Gwangju Shadow;2023/05/18
23;Dplus Esports;2;1;Incheon On Sla2ers;2023/05/02
24;Dplus Esports;2;0;Nongshim RedForce;2023/04/27
25;Dplus Esports;2;1;Team OGS;2023/04/25
26;Dplus Esports;2;0;Maru Gaming;2023/04/21
27;Dplus Esports;2;0;CNJ Esports;2023/04/19
28;Dplus Esports;2;0;Gwangju Shadow;2023/04/14
29;Dplus Esports;0;2;SLT Seongnam;2023/04/12
30;Dplus Esports;3;0;Rio Company;2023/02/25
31;Dplus Esports;3;2;Maru Gaming;2023/02/23
32;Dplus Esports;2;0;Gwangju Shadow;2023/02/22
33;Dplus Esports;2;0;Nongshim RedForce;2023/02/18
34;Dplus Esports;1;2;Rio Company;2023/02/17
35;Dplus Esports;0;2;Rio Company;2023/02/10
36;Dplus Esports;2;0;OP.GG SPORTS;2023/02/08
37;Dplus Esports;2;1;Gwangju Shadow;2023/02/05
38;Dplus Esports;2;0;CNJ Esports;2023/02/03
39;Dplus Esports;2;0;World Game Star;2023/02/01
40;Dplus Esports;2;0;Maru Gaming;2023/01/28
41;Dplus Esports;0;2;Nongshim RedForce;2023/01/26
42;Dplus Esports;3;0;Nongshim RedForce;2022/12/22
43;Dplus Esports;1;2;SCARZ;2022/12/18
44;Dplus Esports;0;2;KONE eSports Club;2022/08/10
45;Dplus Esports;1;2;Crazy Raccoon;2022/08/09
46;Dplus Esports;1;3;Maru Gaming;2022/06/25
47;Dplus Esports;0;2;DRX;2022/06/21
48;Dplus Esports;2;1;Incheon On Sla2ers;2022/06/19
49;Dplus Esports;2;0;SPEAR GAMING;2022/06/18
50;Dplus Esports;2;0;Tartarus;2022/06/12
51;Dplus Esports;2;1;World Game Star;2022/06/06
52;Dplus Esports;1;2;Incheon On Sla2ers;2022/06/04
53;Dplus Esports;2;0;SPEAR GAMING;2022/05/30
54;Dplus Esports;2;0;CNJ Esports;2022/05/28
55;Dplus Esports;2;1;Maru Gaming;2022/05/23
56;Dplus Esports;0;2;DRX;2022/05/21
57;Dplus Esports;0;2;HolyMolly;2022/03/20
58;Dplus Esports;2;1;Maru Gaming;2022/03/19
59;Dplus Esports;1;2;Incheon On Sla2ers;2022/03/18
60;Dplus Esports;2;0;HolyMolly;2022/03/17
61;Dplus Esports;0;2;DRX;2022/03/12
62;Dplus Esports;2;1;Desperado;2022/03/10
63;Dplus Esports;2;0;Team T5;2022/03/05
64;Dplus Esports;2;1;World Game Star;2022/03/03
65;Dplus Esports;0;2;Incheon On Sla2ers;2022/03/02
66;Dplus Esports;2;0;Maru Gaming;2022/02/26
67;Dplus Esports;2;0;HolyMolly;2022/02/24
68;Dplus Esports;2;0;ESportsConnected;2022/02/06
69;Dplus Esports;2;0;SPEAR GAMING;2022/02/06
70;Dplus Esports;0;2;FULL SENSE;2021/10/16
71;Dplus Esports;2;0;NUTURN;2021/10/16
72;Dplus Esports;2;1;Paper Rex;2021/10/15
73;Dplus Esports;2;0;BOOM Esports;2021/10/14
74;Dplus Esports;2;0;REJECT;2021/10/13
75;Dplus Esports;1;2;F4Q;2021/08/08
76;Dplus Esports;2;1;NUTURN;2021/08/07
77;Dplus Esports;2;0;Noble Experience;2021/07/31
78;Dplus Esports;0;2;F4Q;2021/07/24
79;Dplus Esports;2;0;RYU Gaming;2021/07/22
80;Dplus Esports;0;2;TNL Esports;2021/07/15
81;Dplus Esports;2;0;GOMA;2021/07/08
82;Dplus Esports;2;0;Noble Experience;2021/07/03
83;Dplus Esports;2;0;Zero Risk;2021/07/03
84;Dplus Esports;2;0;Straight Warfare;2021/07/03
85;Dplus Esports;0;3;NUTURN;2021/05/02
86;Dplus Esports;2;1;Rio Company;2021/05/01
87;Dplus Esports;2;1;F4Q;2021/04/29
88;Dplus Esports;2;0;AUTOCRACY;2021/04/24
89;Dplus Esports;0;2;NUTURN;2021/04/16
90;Dplus Esports;2;0;Food Eat;2021/04/09
91;Dplus Esports;2;0;Mujig 100su;2021/04/03
92;Dplus Esports;2;1;Gehenna Sweepers;2021/04/03
93;Dplus Esports;0;2;Vision Strikers;2021/03/17
94;Dplus Esports;2;1;GoNGo Prince;2021/03/16
95;Dplus Esports;1;2;MUYAHO;2021/03/14
96;Dplus Esports;2;0;F4Q;2021/03/13
97;Dplus Esports;2;0;Hamtories;2021/03/07
98;Dplus Esports;2;0;ZFGaming;2021/03/06
99;Dplus Esports;2;0;F4Q;2021/03/05
