;equipe;placar_casa;placar_visita;time_visita;data
0;DRX;2;1;ZETA DIVISION;2024/06/15
1;DRX;1;2;Gen.G;2024/05/05
2;DRX;1;2;Paper Rex;2024/05/04
3;DRX;2;0;BLEED;2024/04/29
4;DRX;2;1;Gen.G;2024/04/20
5;DRX;2;1;T1;2024/04/13
6;DRX;2;0;Global Esports;2024/04/08
7;DRX;2;0;Team Secret;2024/04/06
8;DRX;0;2;Gen.G;2024/02/24
9;DRX;2;0;Talon Esports;2024/02/20
10;DRX;2;0;DetonatioN FocusMe;2024/02/18
11;DRX;0;2;Paper Rex;2023/12/07
12;DRX;0;2;Sentinels;2023/12/07
13;DRX;2;1;FULL SENSE;2023/12/05
14;DRX;0;2;FNATIC;2023/11/05
15;DRX;2;0;100 Thieves;2023/11/04
16;DRX;0;1;FUT Esports;2023/11/03
17;DRX;1;0;SCARZ;2023/11/03
18;DRX;1;2;Cloud9;2023/10/08
19;DRX;2;1;EDward Gaming;2023/10/08
20;DRX;1;0;T1;2023/10/08
21;DRX;1;0;T1;2023/10/07
22;DRX;0;1;Cloud9;2023/10/07
23;DRX;0;1;EDward Gaming;2023/10/07
24;DRX;1;2;FNATIC;2023/08/20
25;DRX;0;2;Evil Geniuses;2023/08/19
26;DRX;2;0;Bilibili Gaming;2023/08/17
27;DRX;2;1;Natus Vincere;2023/08/07
28;DRX;2;1;LOUD;2023/08/06
29;DRX;0;2;NRG Esports;2023/06/18
30;DRX;0;2;Paper Rex;2023/06/17
31;DRX;2;1;FUT Esports;2023/06/14
32;DRX;0;2;Evil Geniuses;2023/06/12
33;DRX;2;0;Attacking Soul Esports;2023/06/11
34;DRX;2;3;Paper Rex;2023/05/28
35;DRX;3;2;T1;2023/05/27
36;DRX;0;2;Paper Rex;2023/05/22
37;DRX;2;1;Team Secret;2023/05/20
38;DRX;2;0;T1;2023/05/15
39;DRX;0;2;Team Secret;2023/05/13
40;DRX;2;0;DetonatioN FocusMe;2023/05/08
41;DRX;2;1;Rex Regum Qeon;2023/04/30
42;DRX;2;1;Gen.G;2023/04/22
43;DRX;2;0;Paper Rex;2023/04/15
44;DRX;2;0;Talon Esports;2023/04/09
45;DRX;2;0;Global Esports;2023/04/03
46;DRX;2;0;ZETA DIVISION;2023/03/25
47;DRX;2;3;LOUD;2023/03/02
48;DRX;2;1;Talon Esports;2023/02/19
49;DRX;2;1;Cloud9;2023/02/18
50;DRX;2;1;BBL Esports;2023/02/14
51;DRX;1;0;DetonatioN FocusMe;2022/12/24
52;DRX;1;0;ZETA DIVISION;2022/12/24
53;DRX;3;0;Talon Esports;2022/11/27
54;DRX;2;1;Gen.G;2022/11/26
55;DRX;2;0;Team Secret;2022/10/16
56;DRX;2;0;FAV gaming;2022/10/15
57;DRX;3;1;NORTHEPTION;2022/10/03
58;DRX;2;3;OpTic Gaming;2022/09/17
59;DRX;2;0;FunPlus Phoenix;2022/09/16
60;DRX;2;1;FNATIC;2022/09/13
61;DRX;0;2;LOUD;2022/09/12
62;DRX;2;0;FunPlus Phoenix;2022/09/09
63;DRX;2;0;100 Thieves;2022/09/03
64;DRX;2;0;FURIA;2022/09/02
65;DRX;0;2;FunPlus Phoenix;2022/07/18
66;DRX;1;2;OpTic Gaming;2022/07/17
67;DRX;2;1;Leviatán;2022/07/15
68;DRX;2;1;FunPlus Phoenix;2022/07/12
69;DRX;2;0;NORTHEPTION;2022/07/10
70;DRX;3;0;Maru Gaming;2022/06/26
71;DRX;2;0;DAMWON Gaming;2022/06/21
72;DRX;2;0;World Game Star;2022/06/19
73;DRX;2;0;SPEAR GAMING;2022/06/13
74;DRX;2;0;CNJ Esports;2022/06/11
75;DRX;2;0;Maru Gaming;2022/06/05
76;DRX;2;0;Tartarus;2022/05/31
77;DRX;2;0;World Game Star;2022/05/29
78;DRX;2;0;Incheon On Sla2ers;2022/05/23
79;DRX;2;0;DAMWON Gaming;2022/05/21
80;DRX;1;2;ZETA DIVISION;2022/04/18
81;DRX;1;2;OpTic Gaming;2022/04/17
82;DRX;2;1;Paper Rex;2022/04/15
83;DRX;2;0;Ninjas In Pyjamas;2022/04/12
84;DRX;2;0;ZETA DIVISION;2022/04/10
85;DRX;3;0;Incheon On Sla2ers;2022/03/27
86;DRX;2;0;Incheon On Sla2ers;2022/03/20
87;DRX;2;1;World Game Star;2022/03/18
88;DRX;2;0;DAMWON Gaming;2022/03/12
89;DRX;2;0;HolyMolly;2022/03/10
90;DRX;0;2;Incheon On Sla2ers;2022/03/06
91;DRX;2;0;Maru Gaming;2022/03/04
92;DRX;2;0;Team T5;2022/02/27
93;DRX;2;0;World Game Star;2022/02/25
94;DRX;2;0;Desperado;2022/02/23
95;DRX;2;0;Team GP;2022/02/06
96;DRX;2;0;VPZ;2022/02/06
97;DRX;1;2;Cloud9;2021/12/07
98;DRX;1;2;FNATIC;2021/12/03
99;DRX;2;0;FULL SENSE;2021/12/01
100;DRX;1;2;Gambit Esports;2021/09/17
101;DRX;2;0;Acend;2021/09/13
102;DRX;2;0;Paper Rex;2021/09/11
103;DRX;3;1;F4Q;2021/08/15
104;DRX;2;0;TNL Esports;2021/08/08
105;DRX;2;0;GoNGo Prince;2021/08/06
106;DRX;2;0;Unknown;2021/07/25
107;DRX;2;0;GOMA;2021/07/18
108;DRX;2;0;GochuGaru;2021/07/16
109;DRX;2;0;Mujig 100su;2021/07/11
110;DRX;2;0;Unknown;2021/07/03
111;DRX;2;0;ELNiS Esports;2021/07/03
112;DRX;2;0;LFT;2021/07/03
113;DRX;0;2;NUTURN;2021/05/01
114;DRX;2;0;TNL Esports;2021/04/30
115;DRX;2;1;I need Girlfriend;2021/04/24
116;DRX;1;2;F4Q;2021/04/15
117;DRX;2;1;World Game Star;2021/04/08
118;DRX;2;0;Feel So Good;2021/04/03
119;DRX;2;0;Nora-Rengo;2021/04/03
120;DRX;3;2;NUTURN;2021/03/21
121;DRX;2;0;DAMWON Gaming;2021/03/17
122;DRX;2;0;TNL Esports;2021/03/14
123;DRX;2;1;NUTURN;2021/03/12
124;DRX;2;0;DeToNator;2020/10/10
125;DRX;2;1;aNg DarkHorse;2020/10/07
126;DRX;1;0;Quantum Strikers;2020/10/07
127;DRX;1;0;re'born;2020/10/06
128;DRX;1;0;project_kr;2020/10/06
129;DRX;3;0;Royal Never Give Up;2020/09/27
130;DRX;3;0;Attack All Around;2020/09/27
131;DRX;2;0;MiTH.Attitude;2020/09/27
132;DRX;2;1;KaiXin Esports;2020/09/26
133;DRX;2;1;Attack All Around;2020/09/26
134;DRX;2;0;Todak;2020/09/25
135;DRX;2;1;Royal Never Give Up;2020/09/24
136;DRX;2;1;NewHappy Esports;2020/09/23
137;DRX;2;0;Paper Rex;2020/09/22
138;DRX;2;0;Resurgence;2020/09/22
139;DRX;2;0;BlackBird Ignis;2020/09/22
140;DRX;2;0;Absolute JUPITER;2020/09/20
141;DRX;2;0;Team SMG;2020/09/19
142;DRX;3;1;No Mercy;2020/08/19
143;DRX;2;0;FA;2020/08/18
144;DRX;2;0;Lunatic-Hai FLUX;2020/08/12
