;equipe;placar_casa;placar_visita;time_visita;data
0;LOUD;0;2;100 Thieves;2024/05/08
1;LOUD;2;0;G2 Esports;2024/05/05
2;LOUD;2;0;Sentinels;2024/04/27
3;LOUD;0;2;KRÜ Esports;2024/04/24
4;LOUD;1;2;Cloud9;2024/04/20
5;LOUD;0;2;NRG Esports;2024/04/06
6;LOUD;0;2;Paper Rex;2024/03/22
7;LOUD;1;2;Sentinels;2024/03/21
8;LOUD;2;0;EDward Gaming;2024/03/18
9;LOUD;2;0;FunPlus Phoenix;2024/03/17
10;LOUD;1;2;Gen.G;2024/03/14
11;LOUD;2;3;Sentinels;2024/03/03
12;LOUD;2;1;Evil Geniuses;2024/03/02
13;LOUD;2;1;Leviatán;2024/02/23
14;LOUD;2;0;Sentinels;2024/02/17
15;LOUD;2;3;Evil Geniuses;2023/08/25
16;LOUD;2;1;FNATIC;2023/08/24
17;LOUD;2;1;EDward Gaming;2023/08/20
18;LOUD;1;2;Paper Rex;2023/08/19
19;LOUD;2;0;FNATIC;2023/08/16
20;LOUD;2;1;Natus Vincere;2023/08/12
21;LOUD;2;0;Team Liquid;2023/08/10
22;LOUD;1;2;DRX;2023/08/06
23;LOUD;0;2;EDward Gaming;2023/06/18
24;LOUD;0;2;Evil Geniuses;2023/06/16
25;LOUD;3;0;NRG Esports;2023/05/28
26;LOUD;2;1;Evil Geniuses;2023/05/26
27;LOUD;2;0;FURIA;2023/05/24
28;LOUD;2;0;Leviatán;2023/05/19
29;LOUD;0;2;NRG Esports;2023/05/14
30;LOUD;2;0;100 Thieves;2023/05/07
31;LOUD;2;1;KRÜ Esports;2023/05/01
32;LOUD;2;1;Evil Geniuses;2023/04/24
33;LOUD;2;1;Sentinels;2023/04/21
34;LOUD;2;0;FURIA;2023/04/17
35;LOUD;2;1;Cloud9;2023/04/08
36;LOUD;2;1;MIBR;2023/04/02
37;LOUD;2;3;FNATIC;2023/03/04
38;LOUD;3;2;DRX;2023/03/02
39;LOUD;2;1;NRG Esports;2023/02/19
40;LOUD;2;0;Karmine Corp;2023/02/17
41;LOUD;2;0;Gen.G;2023/02/15
42;LOUD;3;1;OpTic Gaming;2022/09/18
43;LOUD;2;0;OpTic Gaming;2022/09/16
44;LOUD;2;0;DRX;2022/09/12
45;LOUD;2;0;Leviatán;2022/09/09
46;LOUD;2;0;ZETA DIVISION;2022/09/07
47;LOUD;1;2;OpTic Gaming;2022/09/02
48;LOUD;2;0;ZETA DIVISION;2022/09/01
49;LOUD;1;2;OpTic Gaming;2022/07/12
50;LOUD;1;2;KRÜ Esports;2022/07/10
51;LOUD;3;0;Ninjas In Pyjamas;2022/06/26
52;LOUD;3;0;Ninjas In Pyjamas;2022/06/24
53;LOUD;2;0;Los Grandes;2022/06/22
54;LOUD;2;0;Gamelanders Blue;2022/06/11
55;LOUD;2;0;Stars Horizon;2022/06/05
56;LOUD;2;0;Los Grandes;2022/05/22
57;LOUD;2;0;FURIA;2022/05/14
58;LOUD;0;3;OpTic Gaming;2022/04/24
59;LOUD;2;1;OpTic Gaming;2022/04/22
60;LOUD;2;0;G2 Esports;2022/04/17
61;LOUD;2;1;Team Liquid;2022/04/14
62;LOUD;3;0;Ninjas In Pyjamas;2022/03/27
63;LOUD;3;0;Ninjas In Pyjamas;2022/03/25
64;LOUD;2;0;Keyd Stars;2022/03/23
65;LOUD;2;0;Team Vikings;2022/03/12
66;LOUD;2;0;TBK Esports;2022/02/26
67;LOUD;2;1;Liberty;2022/02/20
68;LOUD;2;0;Gamelanders Blue;2022/02/12
69;LOUD;2;1;MIBR;2022/01/17
70;LOUD;2;0;Stars Horizon;2022/01/17
71;LOUD;2;0;não temos um plano;2022/01/16
72;LOUD;2;0;B4 Esports;2022/01/15
73;LOUD;2;0;LUSA White;2022/01/15
74;LOUD;2;0;Mowil Esports;2022/01/14
75;LOUD;2;0;Royal PS;2022/01/14
