;equipe;placar_casa;placar_visita;time_visita;data
0;St. Clair Saints;1;2;SJSU Blue;2024/05/12
1;St. Clair Saints;1;0;Przejazd;2023/11/22
2;St. Clair Saints;1;0;McD Cashiers;2023/11/22
3;St. Clair Saints;0;2;Northwood University;2023/11/20
4;St. Clair Saints;2;0;Converse NBG;2023/11/17
5;St. Clair Saints;2;0;WKU Hilltoppers Red;2023/11/17
6;St. Clair Saints;2;0;KSU Gold;2023/11/15
7;St. Clair Saints;2;0;Northwood University;2023/11/14
8;St. Clair Saints;2;1;SJSU Blue;2023/11/13
9;St. Clair Saints;2;0;Clarke Pride;2023/11/12
10;St. Clair Saints;2;0;Carleton University JV Black;2023/11/11
11;St. Clair Saints;2;0;OC Esports;2023/11/08
12;St. Clair Saints;0;1;BTR Fanclub;2023/10/31
13;St. Clair Saints;1;0;Team Kanpeki;2023/10/31
14;St. Clair Saints;1;0;QoR;2023/10/30
15;St. Clair Saints;2;0;Converse NBG;2023/09/24
16;St. Clair Saints;2;0;Scarlet Knights Black;2023/09/24
17;St. Clair Saints;0;2;Fisher Navy;2023/05/07
18;St. Clair Saints;0;2;OC Esports;2023/05/06
19;St. Clair Saints;2;1;Buffalo;2023/05/06
20;St. Clair Saints;2;0;LG Orange;2023/05/06
21;St. Clair Saints;0;2;Fisher Navy;2023/05/06
22;St. Clair Saints;2;0;SNHU Blue;2023/05/06
23;St. Clair Saints;2;0;Stony Brook Red;2022/11/28
24;St. Clair Saints;0;2;Laurier Golden Hawks;2022/11/27
25;St. Clair Saints;2;0;University of Windsor;2022/11/27
26;St. Clair Saints;2;0;CeSU Black;2022/11/27
27;St. Clair Saints;0;1;Blinn;2022/11/26
28;St. Clair Saints;1;0;SJSU Blue;2022/11/26
29;St. Clair Saints;2;0;Fanshawe FUEL;2022/11/21
30;St. Clair Saints;2;0;University of Windsor;2022/11/21
31;St. Clair Saints;2;0;Laurier Golden Hawks;2022/11/20
32;St. Clair Saints;1;2;Carleton Ravens;2022/11/19
33;St. Clair Saints;1;2;Stony Brook Red;2022/11/16
34;St. Clair Saints;2;0;WSU Warriors;2022/11/15
35;St. Clair Saints;2;0;Farmingdale State College;2022/11/14
36;St. Clair Saints;2;1;TMU SHORTYKINGS;2022/11/13
37;St. Clair Saints;2;0;Conestoga Condors;2022/11/12
38;St. Clair Saints;0;1;Last Resistance;2022/11/04
39;St. Clair Saints;0;1;Royalty Forgotten;2022/11/04
40;St. Clair Saints;1;2;NSIC;2022/10/20
41;St. Clair Saints;1;0;IlluZion;2022/10/20
42;St. Clair Saints;0;1;Oxygen Academy;2022/10/20
43;St. Clair Saints;1;0;IlluZion;2022/10/20
44;St. Clair Saints;1;2;big pizza;2022/10/16
45;St. Clair Saints;2;1;o7;2022/10/16
46;St. Clair Saints;2;0;TYWDDY;2022/10/15
47;St. Clair Saints;0;1;Windmill Isle;2022/09/22
48;St. Clair Saints;1;0;X13;2022/09/21
