;equipe;placar_casa;placar_visita;time_visita;data
0;Paper Rex;2;0;Talon Esports;2024/06/16
1;Paper Rex;1;2;100 Thieves;2024/06/03
2;Paper Rex;2;0;EDward Gaming;2024/06/01
3;Paper Rex;1;2;G2 Esports;2024/05/31
4;Paper Rex;3;2;Gen.G;2024/05/12
5;Paper Rex;2;0;T1;2024/05/05
6;Paper Rex;2;1;DRX;2024/05/04
7;Paper Rex;2;1;Talon Esports;2024/05/03
8;Paper Rex;2;0;BLEED;2024/04/27
9;Paper Rex;2;0;Global Esports;2024/04/23
10;Paper Rex;0;2;Team Secret;2024/04/21
11;Paper Rex;2;1;Gen.G;2024/04/13
12;Paper Rex;2;0;T1;2024/04/07
13;Paper Rex;1;3;Sentinels;2024/03/23
14;Paper Rex;2;0;LOUD;2024/03/22
15;Paper Rex;0;2;Gen.G;2024/03/21
16;Paper Rex;2;1;Karmine Corp;2024/03/18
17;Paper Rex;2;1;Team Heretics;2024/03/17
18;Paper Rex;1;2;EDward Gaming;2024/03/15
19;Paper Rex;1;3;Gen.G;2024/02/25
20;Paper Rex;2;0;T1;2024/02/24
21;Paper Rex;2;1;Gen.G;2024/02/19
22;Paper Rex;0;3;Sentinels;2023/12/10
23;Paper Rex;2;0;T1;2023/12/09
24;Paper Rex;2;0;DRX;2023/12/07
25;Paper Rex;2;0;FULL SENSE;2023/12/07
26;Paper Rex;1;2;Sentinels;2023/12/05
27;Paper Rex;1;0;Indonesia Pacific;2023/11/12
28;Paper Rex;1;0;CONNEXT Roster Hunt;2023/11/12
29;Paper Rex;1;3;Evil Geniuses;2023/08/26
30;Paper Rex;2;1;Evil Geniuses;2023/08/24
31;Paper Rex;2;1;LOUD;2023/08/19
32;Paper Rex;2;0;FUT Esports;2023/08/16
33;Paper Rex;2;0;EDward Gaming;2023/08/10
34;Paper Rex;2;0;KRÜ Esports;2023/08/09
35;Paper Rex;2;3;Evil Geniuses;2023/06/24
36;Paper Rex;2;1;NRG Esports;2023/06/21
37;Paper Rex;2;1;EDward Gaming;2023/06/20
38;Paper Rex;0;2;FNATIC;2023/06/19
39;Paper Rex;2;0;DRX;2023/06/17
40;Paper Rex;3;2;DRX;2023/05/28
41;Paper Rex;2;0;DRX;2023/05/22
42;Paper Rex;2;0;T1;2023/05/20
43;Paper Rex;2;0;Rex Regum Qeon;2023/05/16
44;Paper Rex;2;0;Gen.G;2023/05/12
45;Paper Rex;2;0;ZETA DIVISION;2023/05/06
46;Paper Rex;2;1;Talon Esports;2023/05/01
47;Paper Rex;2;1;Global Esports;2023/04/22
48;Paper Rex;0;2;DRX;2023/04/15
49;Paper Rex;2;0;T1;2023/04/08
50;Paper Rex;1;2;Team Secret;2023/04/02
51;Paper Rex;2;0;DetonatioN FocusMe;2023/03/26
52;Paper Rex;0;2;Cloud9;2023/02/14
53;Paper Rex;1;0;DetonatioN FocusMe;2022/12/24
54;Paper Rex;0;1;ZETA DIVISION;2022/12/24
55;Paper Rex;3;1;Team Heretics;2022/11/20
56;Paper Rex;2;1;Team Secret;2022/11/19
57;Paper Rex;1;0;BOOM Esports;2022/11/19
58;Paper Rex;0;1;BLEED;2022/11/18
59;Paper Rex;1;0;Global Esports;2022/11/18
60;Paper Rex;1;2;Team Liquid;2022/09/07
61;Paper Rex;0;2;Leviatán;2022/09/01
62;Paper Rex;2;1;EDward Gaming;2022/08/31
63;Paper Rex;2;3;FunPlus Phoenix;2022/07/24
64;Paper Rex;2;1;OpTic Gaming;2022/07/22
65;Paper Rex;2;0;FNATIC;2022/07/17
66;Paper Rex;2;0;Guild Esports;2022/07/14
67;Paper Rex;3;0;XERXIA Esports;2022/06/26
68;Paper Rex;2;0;Team Secret;2022/06/25
69;Paper Rex;2;1;BLEED;2022/06/24
70;Paper Rex;2;1;Alter Ego;2022/06/23
71;Paper Rex;2;0;ORDER;2022/06/19
72;Paper Rex;2;0;BOOM Esports;2022/06/16
73;Paper Rex;3;0;LaZe;2022/05/29
74;Paper Rex;2;0;BLEED;2022/05/28
75;Paper Rex;1;2;LaZe;2022/05/28
76;Paper Rex;2;0;No Namers;2022/05/26
77;Paper Rex;2;0;Blitz Esports;2022/05/22
78;Paper Rex;2;0;Todak;2022/05/21
79;Paper Rex;2;0;KPMOONIIBLM9;2022/05/20
80;Paper Rex;2;0;Avium Esports;2022/05/19
81;Paper Rex;2;0;Galaxy Esports;2022/05/14
82;Paper Rex;2;1;BLEED;2022/05/14
83;Paper Rex;2;0;LaZe;2022/05/13
84;Paper Rex;1;2;ZETA DIVISION;2022/04/22
85;Paper Rex;2;0;G2 Esports;2022/04/18
86;Paper Rex;2;0;The Guard;2022/04/16
87;Paper Rex;1;2;DRX;2022/04/15
88;Paper Rex;3;2;XERXIA Esports;2022/03/27
89;Paper Rex;2;0;BLEED;2022/03/26
90;Paper Rex;2;0;XERXIA Esports;2022/03/25
91;Paper Rex;2;0;South Built Esports;2022/03/24
92;Paper Rex;2;1;Persija Esports;2022/03/19
93;Paper Rex;2;0;Fancy United Esports;2022/03/17
94;Paper Rex;3;0;BLEED;2022/02/27
95;Paper Rex;2;0;No Namers;2022/02/26
96;Paper Rex;2;0;KPMOONIIBLM9;2022/02/25
97;Paper Rex;2;0;Madness Esports;2022/02/24
98;Paper Rex;2;0;Todak;2022/02/18
99;Paper Rex;2;0;You Guys Get Paid?;2022/02/10
100;Paper Rex;3;0;Louvre;2021/11/30
101;Paper Rex;2;0;Alter Ego;2021/11/25
102;Paper Rex;2;0;Louvre;2021/11/22
103;Paper Rex;0;2;BOOM Esports;2021/11/19
104;Paper Rex;2;1;Sharper Esport;2021/11/19
105;Paper Rex;2;0;Team Exploit;2021/11/18
106;Paper Rex;2;0;Bren Esports;2021/11/17
107;Paper Rex;2;0;BLEED;2021/11/16
108;Paper Rex;2;0;Team Big BAAM;2021/11/15
109;Paper Rex;2;1;FULL SENSE;2021/04/29
110;Paper Rex;3;2;Team SMG;2021/04/25
111;Paper Rex;2;1;Louvre;2021/04/24
112;Paper Rex;2;1;Todak;2021/04/23
113;Paper Rex;3;1;Louvre;2021/04/18
114;Paper Rex;2;1;Team SMG;2021/04/17
115;Paper Rex;2;1;Louvre;2021/04/17
116;Paper Rex;2;0;Timing Monster Gaming;2021/04/16
117;Paper Rex;0;3;Kingsmen;2021/04/04
118;Paper Rex;2;0;Team 600;2021/04/03
119;Paper Rex;1;0;Team SMG;2021/04/03
120;Paper Rex;1;0;Team LZ;2021/04/03
121;Paper Rex;1;2;Team 600;2021/04/03
122;Paper Rex;2;0;Zero Synergy;2021/04/02
123;Paper Rex;2;1;Team 600;2021/03/27
124;Paper Rex;2;0;Running Dogs;2021/03/27
125;Paper Rex;0;1;Team SMG;2021/03/13
126;Paper Rex;1;0;Team 600;2021/03/13
127;Paper Rex;1;2;Timing Monster Gaming;2021/03/12
128;Paper Rex;2;0;Louvre;2021/03/12
129;Paper Rex;2;1;NG.Black;2021/03/10
130;Paper Rex;2;0;Timing Monster Gaming;2021/03/09
131;Paper Rex;2;0;Todak;2021/03/08
132;Paper Rex;2;1;NG.Black;2021/03/02
133;Paper Rex;0;1;Reality Rift;2021/02/27
134;Paper Rex;1;0;Team SMG;2021/02/27
135;Paper Rex;1;0;XIAO;2021/02/26
136;Paper Rex;1;2;Reality Rift;2021/02/25
137;Paper Rex;1;2;DivisionX Gaming;2021/02/25
138;Paper Rex;2;1;ArkAngel;2021/02/24
139;Paper Rex;2;1;TUBEPLE Gaming;2021/02/23
140;Paper Rex;2;0;Mantou;2021/02/20
141;Paper Rex;2;0;wegonnalose;2021/02/20
142;Paper Rex;1;0;Premade 5;2021/02/19
143;Paper Rex;1;2;Reality Rift;2021/01/30
144;Paper Rex;1;0;b Tang;2021/01/30
145;Paper Rex;2;1;InnerVoice;2020/11/26
146;Paper Rex;2;0;Vela Gaming;2020/11/21
147;Paper Rex;2;0;Siberius;2020/11/20
148;Paper Rex;0;2;Elecbossa;2020/11/20
149;Paper Rex;2;0;InnerVoice;2020/11/18
150;Paper Rex;0;2;BOOM Esports;2020/11/17
151;Paper Rex;2;3;Team SMG;2020/11/01
152;Paper Rex;2;0;Reality Rift;2020/10/17
153;Paper Rex;2;0;Team SMG;2020/10/10
