;equipe;placar_casa;placar_visita;time_visita;data
0;Turtle Troop;2;1;YFP Gaming;2024/06/12
1;Turtle Troop;2;0;Moist x Shopify;2024/06/04
2;Turtle Troop;2;1;QoR;2024/05/31
3;Turtle Troop;0;2;Oxygen Esports;2024/05/19
4;Turtle Troop;2;0;M80;2024/05/18
5;Turtle Troop;2;1;Blinn;2024/05/17
6;Turtle Troop;2;1;M80;2024/04/19
7;Turtle Troop;2;0;TSM;2024/04/10
8;Turtle Troop;2;1;SaD Esports;2024/04/05
9;Turtle Troop;0;2;Winthrop University;2024/03/29
10;Turtle Troop;2;1;Dough Bros;2024/03/21
11;Turtle Troop;1;2;SaD Esports;2023/12/09
12;Turtle Troop;2;0;Torch;2023/12/09
13;Turtle Troop;2;0;glip;2023/11/16
14;Turtle Troop;2;0;IlluZion;2023/11/16
15;Turtle Troop;2;1;Let Us Cook;2023/11/15
16;Turtle Troop;2;0;SaD Purple;2023/11/15
17;Turtle Troop;2;0;1Millisecond;2023/11/15
18;Turtle Troop;2;1;special grade;2023/11/14
19;Turtle Troop;1;2;Oxygen Esports;2023/11/04
20;Turtle Troop;2;1;Argon Black;2023/10/22
21;Turtle Troop;2;0;Version1;2023/10/22
22;Turtle Troop;2;1;Let Us Cook;2023/10/21
23;Turtle Troop;2;1;goth boy clique;2023/10/21
24;Turtle Troop;2;0;Torch;2023/10/21
25;Turtle Troop;2;0;ImPerium Vancuverii;2023/10/20
26;Turtle Troop;1;2;special grade;2023/10/20
27;Turtle Troop;2;0;of uh uh;2023/10/20
28;Turtle Troop;0;2;BackOutsideBoys;2023/10/15
29;Turtle Troop;2;0;BackOutsideBoys;2023/10/14
30;Turtle Troop;2;0;Torch;2023/10/13
31;Turtle Troop;2;0;Feel the Wood;2023/10/12
32;Turtle Troop;2;1;Moist x Shopify;2023/10/07
33;Turtle Troop;2;0;Mochi Fanclub;2023/10/07
34;Turtle Troop;2;0;BTR Fanclub;2023/10/07
35;Turtle Troop;1;0;Sway eSports;2023/10/03
36;Turtle Troop;1;0;Pug Squad;2023/10/03
37;Turtle Troop;1;2;YFP Gaming;2023/09/23
38;Turtle Troop;2;0;Predator X Gaming;2023/09/23
39;Turtle Troop;2;0;Tedward Gaming;2023/09/21
40;Turtle Troop;2;0;RMU Colonials;2023/09/21
41;Turtle Troop;1;2;Moist x Shopify;2023/08/30
42;Turtle Troop;2;0;Blinn;2023/08/30
43;Turtle Troop;2;0;Ambrosia;2023/08/29
44;Turtle Troop;2;1;Cuddle Gang;2023/08/29
45;Turtle Troop;2;0;Nearest Airport;2023/08/28
46;Turtle Troop;2;0;Ottawa Braves;2023/08/28
47;Turtle Troop;2;0;OREsports;2023/06/04
48;Turtle Troop;2;0;MAD Lions;2023/06/04
49;Turtle Troop;0;2;Shopify Rebellion;2023/05/17
50;Turtle Troop;2;1;TSM;2023/05/10
51;Turtle Troop;2;1;Disguised;2023/05/03
52;Turtle Troop;2;1;Oxygen Esports;2023/04/26
53;Turtle Troop;0;2;M80;2023/04/18
54;Turtle Troop;1;2;Oxygen Esports;2023/03/17
55;Turtle Troop;2;0;G2 Esports;2023/03/09
56;Turtle Troop;2;0;Moist Moguls;2023/02/27
57;Turtle Troop;1;2;FaZe Clan;2023/02/10
58;Turtle Troop;0;2;Shopify Rebellion;2023/02/03
59;Turtle Troop;2;0;OREsports;2023/01/21
60;Turtle Troop;2;1;The Nation;2023/01/19
61;Turtle Troop;2;1;YFP Gaming;2023/01/19
62;Turtle Troop;2;0;Rat Attack;2023/01/18
63;Turtle Troop;2;1;Team Reckaroo;2023/01/18
64;Turtle Troop;2;0;skoll;2023/01/18
65;Turtle Troop;2;0;PFluxuate;2023/01/17
66;Turtle Troop;2;0;ROSE;2023/01/17
67;Turtle Troop;2;0;CAT MAID BOYS;2023/01/15
68;Turtle Troop;2;0;Crownless;2023/01/15
69;Turtle Troop;2;1;CAT MAID BOYS;2023/01/14
70;Turtle Troop;2;0;Hyperactive;2023/01/14
71;Turtle Troop;0;2;The Ganaccis;2023/01/11
72;Turtle Troop;1;2;Disguised;2023/01/10
73;Turtle Troop;2;0;VIRTUOSO;2023/01/10
74;Turtle Troop;2;0;Legion;2023/01/09
75;Turtle Troop;2;0;Davenport University;2023/01/09
76;Turtle Troop;2;0;UW Madison Red;2023/01/09
77;Turtle Troop;2;1;Kitten Shelter;2022/12/21
78;Turtle Troop;2;1;No future life is over;2022/12/21
79;Turtle Troop;2;1;Project VII;2022/12/20
80;Turtle Troop;2;0;Des Moines DMG;2022/12/20
81;Turtle Troop;2;0;Royal Pekingese;2022/12/19
82;Turtle Troop;1;0;Realism Esports Black;2022/12/19
83;Turtle Troop;0;1;Mad Science;2022/12/19
84;Turtle Troop;1;0;Team Fish Taco;2022/12/19
