;equipe;placar_casa;placar_visita;time_visita;data
0;RETA Esports;1;2;TP REVEN;2024/06/20
1;RETA Esports;2;0;TP REVEN;2024/06/14
2;RETA Esports;2;0;E-Xolos LAZER;2024/06/13
3;RETA Esports;2;1;Six Karma;2024/06/05
4;RETA Esports;2;1;FUSION;2024/05/22
5;RETA Esports;2;0;Mookah Rabbits;2024/05/16
6;RETA Esports;3;0;Six Karma;2024/04/05
7;RETA Esports;2;0;E-Xolos LAZER;2024/03/29
8;RETA Esports;2;0;Mookah Rabbits;2024/03/28
9;RETA Esports;0;2;FUSION;2024/03/13
10;RETA Esports;2;1;Six Karma;2024/03/08
11;RETA Esports;2;0;Mookah Rabbits;2024/03/01
12;RETA Esports;2;1;E-Xolos LAZER;2024/02/22
13;RETA Esports;2;0;19esports;2024/02/20
14;RETA Esports;3;1;Chivas Esports;2023/06/21
15;RETA Esports;1;2;Six Karma;2023/05/16
16;RETA Esports;0;2;FUSION;2023/05/10
17;RETA Esports;2;1;E-Xolos LAZER;2023/05/09
18;RETA Esports;1;2;19esports;2023/05/05
19;RETA Esports;1;2;Skull Cracker;2023/04/26
20;RETA Esports;2;0;19esports;2023/03/19
21;RETA Esports;1;2;FUSION;2023/03/17
22;RETA Esports;2;1;Six Karma;2023/03/12
23;RETA Esports;1;2;Skull Cracker;2023/03/11
24;RETA Esports;0;2;E-Xolos LAZER;2023/03/01
25;RETA Esports;0;1;FUSION;2023/02/09
26;RETA Esports;0;1;Six Karma;2023/02/08
27;RETA Esports;2;1;Chivas Esports;2023/02/02
28;RETA Esports;1;2;Skull Cracker;2023/02/01
29;RETA Esports;2;0;Team Cruelty;2023/01/29
30;RETA Esports;2;0;ILLICIT;2023/01/28
