;equipe;placar_casa;placar_visita;time_visita;data
0;Team Falcons;2;0;The Ultimates;2024/02/23
1;Team Falcons;2;0;Onyx Ravens;2024/02/22
2;Team Falcons;2;0;Gamax Esports;2024/02/21
3;Team Falcons;2;1;Twisted Minds Esports;2024/02/19
4;Team Falcons;2;0;DRAGONS;2024/02/18
5;Team Falcons;2;0;BeQuiet;2024/02/17
6;Team Falcons;0;3;BBL Esports;2024/01/13
7;Team Falcons;1;0;NASR Esports;2024/01/12
8;Team Falcons;0;1;BBL Esports;2024/01/12
9;Team Falcons;1;0;Apeks;2024/01/12
10;Team Falcons;1;2;Fraggerz;2023/12/13
11;Team Falcons;2;0;Oyoon;2023/12/13
12;Team Falcons;2;0;PifPaf;2023/12/12
13;Team Falcons;2;0;Triple Esports Club;2023/10/27
14;Team Falcons;2;0;Twisted Minds Esports;2023/10/25
15;Team Falcons;2;0;The Ultimates;2023/10/23
16;Team Falcons;3;1;The Ultimates;2023/10/21
17;Team Falcons;3;0;Geekay Esports;2023/10/20
18;Team Falcons;2;3;The Ultimates;2023/10/19
19;Team Falcons;2;0;Twisted Minds Esports;2023/10/13
20;Team Falcons;2;0;Geekay Esports;2023/10/06
21;Team Falcons;2;0;XO Esports;2023/10/05
22;Team Falcons;2;0;Onyx Ravens;2023/10/05
23;Team Falcons;3;0;Triple Esports Club;2023/08/26
24;Team Falcons;2;0;Twisted Minds Esports;2023/08/23
25;Team Falcons;1;0;AL MOORYAAT ESPORTS CLUB;2023/08/17
26;Team Falcons;1;0;AL MOORYAAT ESPORTS CLUB;2023/08/17
27;Team Falcons;1;0;Kratos Esports;2023/08/16
28;Team Falcons;1;0;Kratos Esports;2023/08/16
29;Team Falcons;1;0;Fraggerz;2023/08/05
30;Team Falcons;1;0;Fraggerz;2023/08/05
31;Team Falcons;0;2;Apeks;2023/07/04
32;Team Falcons;1;2;FOKUS;2023/07/03
33;Team Falcons;2;0;Case Esports;2023/07/02
34;Team Falcons;0;2;Gentle Mates;2023/06/30
35;Team Falcons;1;0;NOBLES;2023/04/29
36;Team Falcons;1;0;The Ultimates;2023/04/18
37;Team Falcons;0;1;Twisted Minds Esports;2023/04/17
38;Team Falcons;1;0;Triple Esports Club;2023/04/16
39;Team Falcons;1;0;Underground Gaming;2023/04/15
40;Team Falcons;1;0;Unity Esports;2023/04/11
41;Team Falcons;1;0;Fraggerz;2023/04/10
42;Team Falcons;2;0;ArchNemesis eSports;2023/04/05
43;Team Falcons;1;2;The Ultimates;2023/04/04
44;Team Falcons;2;0;Triple Esports Club;2023/04/03
45;Team Falcons;1;3;Unity Esports;2023/03/11
46;Team Falcons;2;1;Unity Esports;2023/03/07
47;Team Falcons;2;0;Dice 10;2023/03/05
48;Team Falcons;0;2;The Ultimates;2023/02/28
49;Team Falcons;0;2;Twisted Minds Esports;2023/02/27
50;Team Falcons;2;0;Valiant;2023/02/26
51;Team Falcons;0;2;Triple Esports Club;2023/02/25
52;Team Falcons;2;1;Unity Esports;2023/02/21
53;Team Falcons;2;0;Ashur Esports;2023/02/20
54;Team Falcons;2;0;Dice 10;2023/02/19
55;Team Falcons;2;0;The Ultimates;2023/02/07
56;Team Falcons;2;0;Twisted Minds Esports;2023/02/06
57;Team Falcons;2;0;Valiant;2023/02/05
58;Team Falcons;2;0;Triple Esports Club;2023/02/04
59;Team Falcons;2;0;Unity Esports;2023/01/31
60;Team Falcons;2;0;Ashur Esports;2023/01/30
61;Team Falcons;0;3;Team RA'AD;2022/11/27
62;Team Falcons;3;0;NOBLES;2022/11/26
63;Team Falcons;2;0;Triple Esports Club;2022/11/25
64;Team Falcons;2;1;Phoenix Esport;2022/11/24
65;Team Falcons;2;0;Twisted Minds Esports;2022/11/24
66;Team Falcons;2;1;Triple Esports Club;2022/11/19
67;Team Falcons;2;0;The Ultimates;2022/11/18
68;Team Falcons;2;0;NOBLES;2022/11/17
69;Team Falcons;1;0;Geekay Esports;2022/10/19
70;Team Falcons;0;1;Team RA'AD;2022/10/19
71;Team Falcons;0;1;Piercer Esports;2022/10/18
72;Team Falcons;1;0;NASR Esports;2022/10/18
73;Team Falcons;0;1;FNATIC;2022/10/17
74;Team Falcons;0;1;Acend;2022/10/17
75;Team Falcons;1;0;YaLLa Esports;2022/10/16
76;Team Falcons;0;2;FUT Esports;2022/07/30
77;Team Falcons;1;2;Angry Titans;2022/07/29
78;Team Falcons;3;0;The Ultimates;2022/07/23
79;Team Falcons;2;1;The Ultimates;2022/07/22
80;Team Falcons;2;0;DRAGONS;2022/07/21
81;Team Falcons;2;0;ANKAA Esports;2022/07/21
82;Team Falcons;1;2;The Ultimates;2022/07/16
83;Team Falcons;2;0;Phoenix Esport;2022/07/15
84;Team Falcons;2;0;01 Esports;2022/07/14
85;Team Falcons;3;1;Geekay Esports;2022/07/07
86;Team Falcons;2;0;XPLDZ;2022/07/06
87;Team Falcons;2;1;YaLLa Esports;2022/07/05
88;Team Falcons;0;2;Geekay Esports;2022/07/04
89;Team Falcons;1;2;vSlash Esports;2022/06/23
90;Team Falcons;1;2;YaLLa Esports;2022/06/21
91;Team Falcons;2;0;The Spark Esports;2022/06/15
92;Team Falcons;2;0;YaLLa Esports;2022/06/06
93;Team Falcons;2;0;vSlash Esports;2022/06/02
94;Team Falcons;2;1;YaLLa Esports;2021/09/24
95;Team Falcons;2;1;Geekay Esports;2021/09/23
96;Team Falcons;0;2;Piercer Esports;2021/09/22
97;Team Falcons;1;0;Team Sirius;2021/08/19
98;Team Falcons;1;2;Piercer Esports;2021/08/18
99;Team Falcons;1;0;Fraggerz;2021/08/17
100;Team Falcons;0;1;Smurfs;2021/07/30
101;Team Falcons;0;2;Ha PaccJla6oHe;2021/07/30
102;Team Falcons;2;0;Vengeance;2021/07/29
103;Team Falcons;0;1;Team Singularity;2021/06/06
104;Team Falcons;1;0;Aim.Attack;2021/06/05
105;Team Falcons;1;0;Yakuza;2021/06/05
106;Team Falcons;3;1;Gamax Esports;2021/06/02
107;Team Falcons;2;0;Team Occupy;2021/06/01
108;Team Falcons;2;0;Aztex Esports;2021/05/31
109;Team Falcons;3;0;Anubis Gaming;2021/04/25
110;Team Falcons;2;0;Cairo City G'zzz;2021/04/22
111;Team Falcons;2;0;FreeAgentz;2021/04/16
112;Team Falcons;2;1;Anubis Gaming;2021/04/15
113;Team Falcons;0;1;Full of Tilt;2021/03/18
114;Team Falcons;0;1;Fox Gaming;2021/03/13
115;Team Falcons;1;0;Lusail Esports;2021/03/12
116;Team Falcons;0;1;IMBAPEEK;2021/02/28
117;Team Falcons;1;0;6IX E-sports;2021/02/28
118;Team Falcons;1;2;Winfinity;2021/02/27
119;Team Falcons;1;0;BANGER5;2021/02/27
120;Team Falcons;1;0;S2V Esports;2021/02/27
121;Team Falcons;3;0;Anubis Gaming;2020/12/06
122;Team Falcons;2;0;QLASH Egypt;2020/12/03
123;Team Falcons;0;3;Anubis Gaming;2020/11/24
124;Team Falcons;2;0;QLASH Egypt;2020/11/18
125;Team Falcons;0;2;Anubis Gaming;2020/11/15
126;Team Falcons;2;0;Can't Be Killed;2020/11/09
127;Team Falcons;1;0;Team RA'AD;2020/11/07
