;equipe;placar_casa;placar_visita;time_visita;data
0;Chao Hui EDward Gaming;0;2;KRÜ BLAZE;2023/11/30
1;Chao Hui EDward Gaming;0;2;Shopify Rebellion;2023/11/29
2;Chao Hui EDward Gaming;3;1;ZETA DIVISION GC;2023/10/29
3;Chao Hui EDward Gaming;2;1;Chosen Clique Gaming GC;2023/10/27
4;Chao Hui EDward Gaming;2;0;ZETA DIVISION GC;2023/10/27
5;Chao Hui EDward Gaming;2;0;Nuclear GC;2023/10/25
6;Chao Hui EDward Gaming;1;2;Chosen Clique Gaming GC;2023/10/14
7;Chao Hui EDward Gaming;2;0;TYLOO GC;2023/10/13
8;Chao Hui EDward Gaming;2;0;DeviLish Grin;2023/10/11
9;Chao Hui EDward Gaming;2;0;Attacking Soul Esports OvO;2023/10/11
10;Chao Hui EDward Gaming;0;2;Royal Never Give Up;2023/03/08
11;Chao Hui EDward Gaming;0;2;Bilibili Gaming;2023/03/02
12;Chao Hui EDward Gaming;2;1;TJD Esports Club;2023/02/28
13;Chao Hui EDward Gaming;0;2;DD Team;2023/02/21
14;Chao Hui EDward Gaming;1;2;FENNEL GC;2022/10/15
15;Chao Hui EDward Gaming;2;1;REIGNITE Lily;2022/10/14
16;Chao Hui EDward Gaming;2;0;MBTI;2022/10/12
17;Chao Hui EDward Gaming;2;1;ShanXi Gaming Girls;2022/09/25
18;Chao Hui EDward Gaming;2;0;Urban Beauties;2022/09/25
19;Chao Hui EDward Gaming;1;2;ShanXi Gaming Girls;2022/09/24
20;Chao Hui EDward Gaming;2;0;Lady Killer;2022/09/22
21;Chao Hui EDward Gaming;2;0;Urban Beauties;2022/09/21
