;equipe;placar_casa;placar_visita;time_visita;data
0;Zen eSports;1;2;Furious Gaming;2024/06/15
1;Zen eSports;0;2;OXEN;2024/06/12
2;Zen eSports;0;2;All Knights;2024/06/11
3;Zen eSports;0;2;9z Team;2024/06/04
4;Zen eSports;2;0;Furious Gaming;2024/05/21
5;Zen eSports;1;2;XSOUL;2024/05/14
6;Zen eSports;3;0;Rebirth Esports;2024/05/10
7;Zen eSports;0;2;LRV Esports;2024/05/03
8;Zen eSports;0;2;OXEN;2024/03/12
9;Zen eSports;0;2;All Knights;2024/03/06
10;Zen eSports;2;0;Furious Gaming;2024/03/05
11;Zen eSports;1;2;9z Team;2024/02/27
12;Zen eSports;0;2;XSOUL;2024/02/20
13;Zen eSports;3;1;XSOUL;2024/01/27
14;Zen eSports;1;2;Warning!;2024/01/26
15;Zen eSports;2;0;Zen eSports;2024/01/24
16;Zen eSports;2;1;babyhades;2024/01/23
17;Zen eSports;2;1;Rebirth Esports;2024/01/23
18;Zen eSports;2;0;Joseo Insano;2024/01/21
19;Zen eSports;2;0;Homeless;2024/01/21
20;Zen eSports;2;0;Explo Team;2024/01/20
21;Zen eSports;2;0;Kingdom One;2024/01/20
22;Zen eSports;3;0;Red Eye;2023/12/22
23;Zen eSports;0;2;OXEN;2023/12/07
24;Zen eSports;2;1;All Knights;2023/12/01
25;Zen eSports;2;1;LRV Esports;2023/11/29
26;Zen eSports;2;1;Furious Gaming;2023/11/28
27;Zen eSports;1;3;GARUDA;2023/11/24
28;Zen eSports;2;0;Valiant PBL;2023/11/24
29;Zen eSports;2;0;St. Clair Saints;2023/11/23
30;Zen eSports;2;0;WERDER WEREMEM;2023/11/23
31;Zen eSports;0;1;NemAPAU;2023/11/21
32;Zen eSports;1;0;Exceptional Gaming;2023/11/21
33;Zen eSports;1;0;S2 Esports;2023/11/21
34;Zen eSports;0;2;9z Team;2023/10/14
35;Zen eSports;2;3;Red Eye;2023/09/23
36;Zen eSports;2;0;Kairos Gaming;2023/09/22
37;Zen eSports;2;0;All Knights;2023/09/16
38;Zen eSports;2;0;Stone Esports;2023/09/10
39;Zen eSports;1;0;Phantom Knights;2023/09/09
40;Zen eSports;2;3;Leviatán Academy;2023/06/29
41;Zen eSports;2;0;Silencio Esports;2023/06/22
42;Zen eSports;2;0;Leviatán Academy;2023/06/08
43;Zen eSports;2;0;Vipers;2023/06/06
44;Zen eSports;1;3;Newstar;2023/05/31
45;Zen eSports;0;2;OXEN;2023/05/26
46;Zen eSports;2;0;LRV Esports;2023/05/23
47;Zen eSports;2;0;Newstar;2023/05/10
48;Zen eSports;2;0;Maze Gaming;2023/05/03
49;Zen eSports;3;0;Universitario Esports;2023/04/22
50;Zen eSports;2;0;F/A Mapaches;2023/04/19
51;Zen eSports;2;0;Universitario Esports;2023/04/14
52;Zen eSports;2;0;Universitario Esports;2023/04/12
53;Zen eSports;2;0;KeyFrame Gaming;2023/04/04
54;Zen eSports;1;2;EBRO Gaming;2023/01/31
55;Zen eSports;2;0;True Damage Gaming;2023/01/30
56;Zen eSports;2;1;OXEN;2023/01/29
57;Zen eSports;1;2;EBRO Gaming;2023/01/28
58;Zen eSports;2;0;Pumba Gaming;2023/01/22
59;Zen eSports;2;0;Maze Gaming;2023/01/22
60;Zen eSports;1;0;Blue Lobster;2023/01/21
61;Zen eSports;0;2;black team;2022/12/15
62;Zen eSports;2;1;Casa Noturna;2022/12/15
63;Zen eSports;1;0;MBAPEEK;2022/12/14
64;Zen eSports;1;0;Clownfiesta;2022/12/14
65;Zen eSports;0;1;Salsa Champions;2022/12/14
66;Zen eSports;1;0;BaTagoR;2022/12/14
67;Zen eSports;1;0;TUPO SITE;2022/12/14
68;Zen eSports;2;0;Thunder Awaken;2022/10/22
69;Zen eSports;1;0;KeyFrame Gaming;2022/10/22
