;equipe;placar_casa;placar_visita;time_visita;data
0;RED Canids;2;0;Galorys;2024/06/20
1;RED Canids;0;2;2Game Esports;2024/06/14
2;RED Canids;2;0;SAGAZ;2024/06/11
3;RED Canids;2;0;XLD Gaming;2024/06/04
4;RED Canids;2;0;Stellae Gaming;2024/05/31
5;RED Canids;2;0;THE 7;2024/05/29
6;RED Canids;0;2;Hero Base;2024/05/21
7;RED Canids;1;3;Hero Base;2024/05/02
8;RED Canids;2;1;2Game Esports;2024/04/30
9;RED Canids;2;0;Galorys;2024/04/13
10;RED Canids;1;2;TBK Esports;2024/04/03
11;RED Canids;2;0;Stellae Gaming;2024/03/28
12;RED Canids;2;0;Legacy;2024/03/19
13;RED Canids;2;0;CO-OP.gg;2024/03/12
14;RED Canids;2;0;Galorys;2024/03/07
15;RED Canids;1;2;Hero Base;2024/03/06
16;RED Canids;2;0;OLIMPO;2024/02/28
17;RED Canids;2;1;XLD Gaming;2024/02/21
18;RED Canids;0;2;2Game Esports;2024/02/15
19;RED Canids;0;2;MIBR;2023/10/21
20;RED Canids;0;2;ODDIK;2022/11/29
21;RED Canids;2;0;Dogma;2022/11/29
22;RED Canids;2;1;TropiCaos;2022/11/29
23;RED Canids;2;0;É PEGADINHA;2022/11/29
24;RED Canids;2;0;O TREM;2022/11/28
25;RED Canids;2;0;zoologicamente;2022/11/28
26;RED Canids;0;2;Rise Gaming;2021/02/09
27;RED Canids;2;1;FUSCA AZUL;2021/02/09
28;RED Canids;1;0;Agentes Livres;2021/01/28
