;equipe;placar_casa;placar_visita;time_visita;data
0;FlyQuest RED;2;3;Shopify Rebellion;2024/06/16
1;FlyQuest RED;3;0;Passion Project;2024/06/15
2;FlyQuest RED;2;0;Solstice;2024/06/14
3;FlyQuest RED;2;0;Reformed GC;2024/06/12
4;FlyQuest RED;2;0;Teddy Tactics;2024/06/11
5;FlyQuest RED;1;2;Solstice;2024/06/10
6;FlyQuest RED;0;2;Reformed GC;2024/05/25
7;FlyQuest RED;2;0;Solstice;2024/05/25
8;FlyQuest RED;2;0;Cafe Coke;2024/05/24
9;FlyQuest RED;2;0;Tenax GC;2024/05/24
10;FlyQuest RED;2;0;Harmony Opal;2024/05/22
11;FlyQuest RED;2;0;Prospects Ice;2024/05/21
12;FlyQuest RED;1;2;Shopify Rebellion;2024/04/27
13;FlyQuest RED;2;0;YFP X;2024/04/27
14;FlyQuest RED;2;0;Reformed GC;2024/04/26
15;FlyQuest RED;2;0;Cafe Coke;2024/04/26
16;FlyQuest RED;2;0;Minimum;2024/04/23
17;FlyQuest RED;0;2;Passion Project;2024/04/06
18;FlyQuest RED;2;0;Kinetic;2024/04/05
19;FlyQuest RED;2;0;RyZe Eclipsa GC;2024/04/05
20;FlyQuest RED;2;0;42C Crayola Pack;2024/04/03
21;FlyQuest RED;2;0;Skyline Dreamers GC;2024/04/02
22;FlyQuest RED;0;3;Shopify Rebellion;2024/03/10
23;FlyQuest RED;3;1;Paw Pals;2024/03/09
24;FlyQuest RED;1;2;Shopify Rebellion;2024/03/08
25;FlyQuest RED;2;1;Passion Project;2024/03/06
26;FlyQuest RED;2;0;YFP X;2024/03/05
27;FlyQuest RED;1;2;Passion Project;2024/02/10
28;FlyQuest RED;2;0;The Boys;2024/02/10
29;FlyQuest RED;2;1;Supernova Galaxy;2024/02/09
30;FlyQuest RED;2;0;Berzerkers Night;2024/02/09
31;FlyQuest RED;2;0;smart fellas;2024/02/07
32;FlyQuest RED;2;0;Cherry Bomb;2024/02/06
33;FlyQuest RED;1;2;Shopify Rebellion;2024/01/28
34;FlyQuest RED;2;0;Paw Pals;2024/01/27
35;FlyQuest RED;2;0;unpaid dogs;2024/01/26
36;FlyQuest RED;2;0;Serendipity;2024/01/26
37;FlyQuest RED;2;0;Tenax GC;2024/01/23
38;FlyQuest RED;2;0;pookie nation;2024/01/23
39;FlyQuest RED;0;2;Supernova Galaxy;2023/11/20
40;FlyQuest RED;2;0;mfs;2023/11/19
41;FlyQuest RED;2;0;uppies plz;2023/11/19
42;FlyQuest RED;2;0;FT Silvxs;2023/11/19
43;FlyQuest RED;0;1;Never Woulda Thought;2023/11/18
44;FlyQuest RED;1;0;Reverse 7;2023/11/18
45;FlyQuest RED;0;2;Supernova Galaxy;2023/11/08
46;FlyQuest RED;2;0;42C Crayola Pack;2023/11/07
47;FlyQuest RED;0;2;Disguised GC;2023/11/06
48;FlyQuest RED;2;0;Husky Phantom X;2023/11/06
49;FlyQuest RED;0;2;Complexity GX3;2023/10/04
50;FlyQuest RED;0;2;Version1;2023/10/04
51;FlyQuest RED;2;0;:3;2023/10/01
52;FlyQuest RED;0;2;Disguised GC;2023/09/30
53;FlyQuest RED;2;0;42C Crayola Pack;2023/09/30
54;FlyQuest RED;2;0;Teddy Tactics;2023/09/29
55;FlyQuest RED;2;0;Solidarity;2023/09/28
56;FlyQuest RED;2;0;Sovereignty White;2023/09/28
57;FlyQuest RED;0;2;noot noot;2023/09/17
58;FlyQuest RED;2;1;YFP X;2023/09/15
59;FlyQuest RED;1;0;Overkill Black;2023/09/15
60;FlyQuest RED;1;0;Mercury Pink;2023/09/15
61;FlyQuest RED;1;0;Western Wings;2023/09/15
62;FlyQuest RED;0;2;Misfits Black;2023/09/08
63;FlyQuest RED;2;1;Supernova Galaxy;2023/09/08
64;FlyQuest RED;1;2;Complexity GX3;2023/09/08
65;FlyQuest RED;0;2;Velaris;2023/07/21
66;FlyQuest RED;2;1;Misfits Black;2023/07/20
67;FlyQuest RED;1;2;Disguised GC;2023/07/20
68;FlyQuest RED;2;0;QoR GC;2023/07/14
69;FlyQuest RED;0;2;WTP;2023/06/28
70;FlyQuest RED;0;2;XSET;2023/04/13
71;FlyQuest RED;2;1;Evil Geniuses GC;2023/04/12
72;FlyQuest RED;2;1;FaZe Clan GC;2023/04/11
73;FlyQuest RED;0;2;Complexity GX3;2023/04/11
74;FlyQuest RED;2;1;Complexity GX3;2023/04/06
75;FlyQuest RED;2;0;Nora's Kitten Shelter;2023/04/06
76;FlyQuest RED;2;0;YFP White;2023/04/04
77;FlyQuest RED;2;0;Succeed or Surrender;2023/04/04
78;FlyQuest RED;1;2;Velaris;2023/03/26
79;FlyQuest RED;1;0;Leviatán GC;2023/03/25
80;FlyQuest RED;0;2;Evil Geniuses GC;2023/03/25
81;FlyQuest RED;1;0;Akave Esports GC;2023/03/25
82;FlyQuest RED;2;0;Evil Geniuses GC;2023/03/19
83;FlyQuest RED;2;0;noot noot;2023/03/19
84;FlyQuest RED;1;0;Hamboigas;2022/09/26
85;FlyQuest RED;1;0;dart monkeys;2022/08/06
86;FlyQuest RED;0;1;Evil Geniuses GC;2022/08/06
87;FlyQuest RED;0;1;Misfits Black;2022/08/06
88;FlyQuest RED;0;2;Cloud9 White;2022/07/09
89;FlyQuest RED;0;2;Shopify Rebellion GC;2022/07/08
90;FlyQuest RED;2;0;Dignitas;2022/07/07
91;FlyQuest RED;2;1;dart monkeys;2022/07/06
92;FlyQuest RED;2;1;dart monkeys;2022/07/02
93;FlyQuest RED;1;0;NMG Celeste;2022/07/02
94;FlyQuest RED;2;0;Computer Friends;2022/06/30
95;FlyQuest RED;1;0;Man I Love Fwogs;2022/06/30
96;FlyQuest RED;1;0;Hyades;2022/06/30
97;FlyQuest RED;1;2;dart monkeys;2022/06/19
98;FlyQuest RED;2;0;Team Opulence Black;2022/06/18
99;FlyQuest RED;2;0;YFP Black;2022/06/18
100;FlyQuest RED;1;2;Misfits Black;2022/06/14
101;FlyQuest RED;2;0;Fallacy;2022/06/13
102;FlyQuest RED;1;0;Coomfies;2022/06/13
103;FlyQuest RED;0;2;Dignitas;2022/04/08
104;FlyQuest RED;0;2;Cloud9 White;2022/04/07
105;FlyQuest RED;2;0;dart monkeys;2022/04/06
106;FlyQuest RED;2;0;Dignitas;2022/04/03
107;FlyQuest RED;2;1;AIMPUNCH.;2022/04/02
108;FlyQuest RED;2;0;CLG Red;2022/04/01
109;FlyQuest RED;0;2;Cloud9 White;2022/04/01
110;FlyQuest RED;2;0;Misfits Black;2022/03/31
111;FlyQuest RED;2;0;BEKNZ+;2022/03/31
112;FlyQuest RED;0;2;Zero MarksMen Silver;2022/03/21
113;FlyQuest RED;2;0;Position A;2022/03/21
114;FlyQuest RED;0;1;Zero MarksMen Silver;2022/03/21
115;FlyQuest RED;1;2;Complexity GX3;2022/02/17
116;FlyQuest RED;2;0;24Haven;2022/02/16
117;FlyQuest RED;2;0;VersionX;2022/02/16
118;FlyQuest RED;2;0;SLAY;2022/02/15
119;FlyQuest RED;1;0;Solaire;2022/02/15
120;FlyQuest RED;3;0;XSET;2021/12/06
121;FlyQuest RED;2;0;XSET;2021/12/05
122;FlyQuest RED;2;1;Shopify Rebellion GC;2021/12/05
123;FlyQuest RED;2;0;Vengeance;2021/12/05
124;FlyQuest RED;1;2;Dignitas;2021/11/29
125;FlyQuest RED;2;1;Shopify Rebellion GC;2021/11/29
126;FlyQuest RED;0;2;Dignitas;2021/11/27
127;FlyQuest RED;2;0;24Haven;2021/11/27
128;FlyQuest RED;1;2;CLG Red;2021/11/20
129;FlyQuest RED;2;0;Polaris;2021/11/20
130;FlyQuest RED;0;2;Team Reckaroo;2021/11/12
131;FlyQuest RED;0;2;Elysium;2021/11/11
132;FlyQuest RED;0;2;CLG Red;2021/11/06
133;FlyQuest RED;2;1;Polaris;2021/11/06
134;FlyQuest RED;1;0;Roulette;2021/11/06
135;FlyQuest RED;2;0;24Haven;2021/10/30
136;FlyQuest RED;2;0;underrated gaymers;2021/10/30
137;FlyQuest RED;2;0;CLG Red;2021/10/23
138;FlyQuest RED;2;0;Polaris;2021/10/23
139;FlyQuest RED;1;0;underrated gaymers;2021/10/23
140;FlyQuest RED;1;2;CLG Red;2021/10/16
141;FlyQuest RED;1;0;Team Valiant;2021/10/16
142;FlyQuest RED;1;0;SHEad Shots;2021/10/16
143;FlyQuest RED;0;2;XSET;2021/10/01
144;FlyQuest RED;0;2;Dignitas;2021/09/30
145;FlyQuest RED;2;0;+22;2021/09/26
146;FlyQuest RED;1;2;Dignitas;2021/09/26
147;FlyQuest RED;2;0;NOTHING2LOSE;2021/09/26
148;FlyQuest RED;2;0;Dignitas;2021/09/25
149;FlyQuest RED;2;0;Serenity Purple;2021/09/24
150;FlyQuest RED;2;0;Sanctity;2021/09/24
151;FlyQuest RED;0;1;Zealous;2021/08/28
152;FlyQuest RED;0;2;FLICKBAITERS;2021/08/28
153;FlyQuest RED;0;2;Shopify Rebellion GC;2021/08/22
154;FlyQuest RED;2;0;Grilled Cheese;2021/08/22
155;FlyQuest RED;2;0;Dignitas;2021/08/22
156;FlyQuest RED;2;0;STWB;2021/08/21
157;FlyQuest RED;1;0;Unbind Crouch;2021/08/21
158;FlyQuest RED;1;0;Cracked Hearts;2021/08/21
159;FlyQuest RED;1;2;Shopify Rebellion GC;2021/07/18
160;FlyQuest RED;2;0;Moon Raccoons Black;2021/07/18
161;FlyQuest RED;2;0;GX3;2021/07/18
162;FlyQuest RED;2;0;TradeLikePros Blue;2021/07/17
163;FlyQuest RED;1;0;100emoji;2021/07/17
164;FlyQuest RED;1;0;Cluster;2021/07/17
165;FlyQuest RED;1;2;Dignitas;2021/06/25
166;FlyQuest RED;0;2;Cloud9 White;2021/06/25
167;FlyQuest RED;2;0;GX3;2021/06/24
168;FlyQuest RED;2;1;GX3;2021/06/20
169;FlyQuest RED;2;0;Yume Moon;2021/06/19
170;FlyQuest RED;2;0;NOTHING2LOSE;2021/05/23
171;FlyQuest RED;2;0;Man I Love Fwogs;2021/05/23
172;FlyQuest RED;2;0;TradeLikePros Blue;2021/05/23
173;FlyQuest RED;1;0;ZGO;2021/05/22
174;FlyQuest RED;1;0;NMG White;2021/05/22
175;FlyQuest RED;1;0;Insight White;2021/05/22
176;FlyQuest RED;1;0;Serenity Purple;2021/05/22
177;FlyQuest RED;2;3;CLG Red;2021/04/28
178;FlyQuest RED;2;0;Built Butter;2021/04/28
179;FlyQuest RED;0;1;CLG Red;2021/04/28
180;FlyQuest RED;1;0;Built Butter;2021/04/27
181;FlyQuest RED;1;0;Wanderlust;2021/04/27
182;FlyQuest RED;1;2;CLG Red;2021/03/26
183;FlyQuest RED;2;0;Man I Love Fwogs;2021/03/25
184;FlyQuest RED;1;2;Dignitas;2021/03/25
185;FlyQuest RED;2;0;Saturn Rose;2021/03/21
186;FlyQuest RED;0;2;Cloud9 White;2021/03/21
187;FlyQuest RED;2;0;UNLUCKY;2021/03/20
