;equipe;placar_casa;placar_visita;time_visita;data
0;Bilibili Gaming;2;0;Wolves Esports;2024/06/16
1;Bilibili Gaming;0;2;FunPlus Phoenix;2024/05/04
2;Bilibili Gaming;2;0;JD Gaming;2024/04/28
3;Bilibili Gaming;1;2;Titan Esports Club;2024/04/26
4;Bilibili Gaming;0;2;All Gamers;2024/04/20
5;Bilibili Gaming;1;2;Trace Esports;2024/04/13
6;Bilibili Gaming;2;1;TYLOO;2024/04/05
7;Bilibili Gaming;1;2;Trace Esports;2024/02/27
8;Bilibili Gaming;2;0;Titan Esports Club;2024/02/27
9;Bilibili Gaming;2;0;Wolves Esports;2024/02/26
10;Bilibili Gaming;0;2;Wolves Esports;2024/02/23
11;Bilibili Gaming;0;2;Titan Esports Club;2023/11/21
12;Bilibili Gaming;1;2;Attacking Soul Esports;2023/11/18
13;Bilibili Gaming;2;0;LGD Gaming;2023/11/16
14;Bilibili Gaming;2;0;Royal Never Give Up;2023/11/07
15;Bilibili Gaming;2;0;Night Wings Gaming;2023/11/05
16;Bilibili Gaming;0;2;JiJieHao;2023/04/16
17;Bilibili Gaming;1;2;Rare Atom;2023/04/15
18;Bilibili Gaming;2;1;Number One Player;2023/04/14
19;Bilibili Gaming;2;0;Four Angry Men;2023/04/13
20;Bilibili Gaming;2;0;TYLOO;2023/04/02
21;Bilibili Gaming;1;2;Totoro Gaming;2023/03/30
22;Bilibili Gaming;1;2;Dragon Ranger Gaming;2023/03/26
23;Bilibili Gaming;0;2;EDward Gaming;2023/03/24
24;Bilibili Gaming;0;2;Shenzhen NTER;2023/03/22
25;Bilibili Gaming;2;0;Invincible Gaming;2023/03/05
26;Bilibili Gaming;2;1;Rare Atom;2023/03/04
27;Bilibili Gaming;2;1;Royal Never Give Up;2023/03/03
28;Bilibili Gaming;2;0;Oxyg3niOus;2023/03/02
29;Bilibili Gaming;1;2;TYLOO;2023/02/24
30;Bilibili Gaming;2;0;Invictus Gaming;2023/02/23
