;equipe;placar_casa;placar_visita;time_visita;data
0;OXEN;0;2;9z Team;2024/06/19
1;OXEN;2;1;Furious Gaming;2024/06/18
2;OXEN;2;0;Zen eSports;2024/06/12
3;OXEN;2;0;Furious Gaming;2024/06/04
4;OXEN;2;1;XSOUL;2024/05/28
5;OXEN;0;2;All Knights;2024/05/21
6;OXEN;2;1;9z Team;2024/05/14
7;OXEN;0;2;Furious Gaming;2024/03/14
8;OXEN;2;0;Nottingham Miedo;2024/03/12
9;OXEN;0;2;Furious Gaming;2024/03/06
10;OXEN;2;1;9z Team;2024/02/28
11;OXEN;0;2;XSOUL;2024/02/21
12;OXEN;0;2;All Knights;2024/02/20
13;OXEN;2;3;9z Team;2023/12/09
14;OXEN;2;0;Nottingham Miedo;2023/12/07
15;OXEN;2;0;Rebirth Esports;2023/12/01
16;OXEN;1;2;9z Team;2023/11/29
17;OXEN;2;0;Globant Emerald Team;2023/11/28
18;OXEN;1;2;9z Team;2023/11/26
19;OXEN;2;0;Cruzados Esports;2023/11/25
20;OXEN;2;0;Wild esports;2023/11/24
21;OXEN;1;2;frequency;2023/10/13
22;OXEN;2;0;Gear 5;2023/10/01
23;OXEN;2;0;All Knights;2023/09/24
24;OXEN;1;0;K20 Esports;2023/09/23
25;OXEN;1;2;Leviatán Academy;2023/09/03
26;OXEN;2;0;OXEN Academy;2023/08/27
27;OXEN;1;0;Bankai;2023/08/27
28;OXEN;3;0;EBRO Gaming;2023/06/22
29;OXEN;3;0;Newstar;2023/06/03
30;OXEN;2;0;Zen eSports;2023/05/26
31;OXEN;2;0;Newstar;2023/05/23
32;OXEN;2;0;LRV Esports;2023/05/09
33;OXEN;2;0;Fantasy Gaming;2023/05/02
34;OXEN;1;2;Nitrous Gaming;2023/01/29
35;OXEN;1;2;Newstar;2023/01/28
36;OXEN;1;2;9z Team;2022/10/16
37;OXEN;0;2;SunXet Club;2022/10/15
38;OXEN;2;0;9z Team;2022/10/14
39;OXEN;2;1;Team Lithium;2022/10/14
40;OXEN;1;3;Optix;2022/08/13
41;OXEN;3;0;Team Lithium;2022/08/04
42;OXEN;2;0;Maycam Evolve;2022/07/21
