;equipe;placar_casa;placar_visita;time_visita;data
0;RIDDLE ORDER;2;0;NORTHEPTION;2024/06/20
1;RIDDLE ORDER;2;0;Murash Gaming;2024/06/14
2;RIDDLE ORDER;0;2;SCARZ;2024/06/11
3;RIDDLE ORDER;2;0;Sengoku Gaming;2024/05/29
4;RIDDLE ORDER;2;0;FENNEL;2024/05/22
5;RIDDLE ORDER;2;1;REJECT;2024/05/20
6;RIDDLE ORDER;2;1;VARREL;2024/05/07
7;RIDDLE ORDER;2;0;IGZIST;2024/05/06
8;RIDDLE ORDER;2;0;NOEZ FOXX;2024/05/05
9;RIDDLE ORDER;2;0;DOPENESS;2024/05/04
10;RIDDLE ORDER;2;0;Delight;2024/05/03
11;RIDDLE ORDER;2;0;esports team αD;2024/05/03
12;RIDDLE ORDER;0;2;Murash Gaming;2024/01/24
13;RIDDLE ORDER;2;1;Murash Gaming;2024/01/23
14;RIDDLE ORDER;2;0;We have problem;2024/01/22
15;RIDDLE ORDER;0;2;DRX Prospects;2022/08/26
