;equipe;placar_casa;placar_visita;time_visita;data
0;BBL Queens;0;2;Team Falcons Vega;2024/06/14
1;BBL Queens;1;2;GIANTX GC;2024/06/13
2;BBL Queens;2;0;NASR Ignite;2024/06/10
3;BBL Queens;2;0;VALIANT GC;2024/06/01
4;BBL Queens;2;0;Odd 1 OUT;2024/05/31
5;BBL Queens;2;0;HEROIC Valkyries;2024/05/27
6;BBL Queens;0;2;G2 Gozen;2024/05/25
7;BBL Queens;0;2;NEON BLADE;2024/03/06
8;BBL Queens;1;2;VALIANT GC;2024/03/05
9;BBL Queens;2;0;Karmine Corp GC;2024/02/27
10;BBL Queens;2;1;NEON BLADE;2024/02/23
11;BBL Queens;2;0;NASR Ignite;2024/02/19
12;BBL Queens;1;2;GIANTX GC;2024/02/16
13;BBL Queens;0;2;Team Liquid Brazil;2023/12/01
14;BBL Queens;0;2;Shopify Rebellion;2023/11/30
15;BBL Queens;2;0;KRÜ BLAZE;2023/11/29
16;BBL Queens;2;0;FUT Female;2023/10/29
17;BBL Queens;3;1;Acend Rising;2023/10/08
18;BBL Queens;2;0;Team Falcons Vega;2023/10/06
19;BBL Queens;2;1;NASR Ignite;2023/10/04
20;BBL Queens;2;0;Team Falcons Vega;2023/09/26
21;BBL Queens;2;1;G2 Gozen;2023/09/25
22;BBL Queens;2;0;Natus Vincere Celestials;2023/09/19
23;BBL Queens;2;0;DSYRE GC;2023/09/18
24;BBL Queens;2;1;Odd 1 OUT;2023/09/13
25;BBL Queens;2;0;Case Hydra;2023/09/12
26;BBL Queens;2;0;Guild GC;2023/09/11
27;BBL Queens;1;2;FUT Female;2023/07/27
28;BBL Queens;1;2;G2 Gozen;2023/07/26
29;BBL Queens;2;0;Acend Rising;2023/07/18
30;BBL Queens;2;0;Guild GC;2023/07/17
31;BBL Queens;2;0;Rebels Velvet;2023/07/11
32;BBL Queens;2;0;Case Hydra;2023/07/10
33;BBL Queens;2;0;EXCEL GC;2023/07/05
34;BBL Queens;2;0;The A Team;2023/07/04
35;BBL Queens;2;0;FUT Female;2023/07/03
36;BBL Queens;2;3;G2 Gozen;2023/05/21
37;BBL Queens;2;1;G2 Gozen;2023/05/16
38;BBL Queens;2;1;Karmine Corp GC;2023/05/14
39;BBL Queens;2;0;UNtapped;2023/05/09
40;BBL Queens;2;0;Alliance Coven;2023/05/08
41;BBL Queens;2;0;CBA;2023/05/02
42;BBL Queens;2;1;G2 Gozen;2023/05/01
43;BBL Queens;2;0;FOKUS Sakura;2023/04/26
44;BBL Queens;2;1;Rebels Velvet;2023/04/25
45;BBL Queens;2;0;Natus Vincere Celestials;2023/04/24
46;BBL Queens;2;0;Karmine Corp GC;2023/04/08
47;BBL Queens;2;0;MAD Lions LAURË;2023/04/07
48;BBL Queens;2;0;The A Team;2023/04/06
49;BBL Queens;2;0;Serpes Viboras;2023/04/05
50;BBL Queens;1;2;Wave Splash;2022/11/05
51;BBL Queens;2;1;Papara SuperMassive Female;2022/11/05
52;BBL Queens;2;0;Mix it up fem;2022/11/04
53;BBL Queens;0;2;Wave Splash;2022/11/04
54;BBL Queens;1;2;Rix.GG Lightning;2022/09/29
55;BBL Queens;2;0;PING Cheetahs;2022/09/28
56;BBL Queens;0;2;Guild GC;2022/09/27
57;BBL Queens;2;0;Team Falcons Vega;2022/09/27
58;BBL Queens;2;1;NOM LEGION;2022/09/26
59;BBL Queens;1;0;Fire Flux Fierce;2022/09/20
60;BBL Queens;1;0;GODSENT IRIS;2022/09/20
61;BBL Queens;1;0;Viper's Gas;2022/09/20
62;BBL Queens;0;1;Pokemon Go;2022/09/19
63;BBL Queens;1;0;Lumine;2022/09/19
64;BBL Queens;1;0;4Real Hurricane;2022/09/19
65;BBL Queens;1;2;Wave Splash;2022/09/10
66;BBL Queens;1;2;Fire Flux Fierce;2022/08/14
67;BBL Queens;1;2;Papara SuperMassive Female;2022/08/12
68;BBL Queens;2;0;Fire Flux Fierce;2022/08/12
69;BBL Queens;0;2;Papara SuperMassive Female;2022/07/07
70;BBL Queens;2;0;İstanbul Wildcats Female;2022/07/05
71;BBL Queens;1;2;Papara SuperMassive Female;2022/05/25
72;BBL Queens;2;0;İstanbul Wildcats Female;2022/05/19
73;BBL Queens;1;2;Papara SuperMassive Female;2022/05/04
74;BBL Queens;0;2;Case Hydra;2022/05/03
75;BBL Queens;2;0;Fire Flux Fierce;2022/05/03
76;BBL Queens;2;0;Unknownpros Female;2022/05/02
77;BBL Queens;1;0;WRAITH;2022/04/26
78;BBL Queens;0;1;TENSTAR Nova;2022/04/26
79;BBL Queens;0;1;Team X;2022/04/26
80;BBL Queens;1;0;Fuego;2022/04/25
81;BBL Queens;1;0;Control Freaks;2022/04/25
82;BBL Queens;1;0;ORACLE X;2022/04/25
83;BBL Queens;0;2;Papara SuperMassive Female;2022/04/20
84;BBL Queens;2;0;Beşiktaş Esports Female;2022/04/19
85;BBL Queens;0;2;Guild GC;2022/03/16
86;BBL Queens;2;0;Rix.GG Lightning;2022/03/15
87;BBL Queens;2;0;Equinox;2022/03/15
88;BBL Queens;1;2;Peeposhy;2022/02/19
89;BBL Queens;1;2;UNtapped;2022/02/02
90;BBL Queens;1;2;noOrg;2022/02/01
91;BBL Queens;2;1;Alliance Coven;2022/02/01
92;BBL Queens;2;0;Pepe E-Sports;2022/01/31
93;BBL Queens;1;0;5ynerG;2022/01/25
94;BBL Queens;1;0;Illusion;2022/01/25
95;BBL Queens;1;0;Team LUX;2022/01/25
96;BBL Queens;0;1;Rix.GG Lightning;2022/01/24
97;BBL Queens;1;0;Merlyn Esports Shine;2022/01/24
98;BBL Queens;1;0;Finest Female;2022/01/24
99;BBL Queens;0;2;Papara SuperMassive Female;2021/10/28
100;BBL Queens;2;0;F5;2021/10/28
101;BBL Queens;0;2;G2 Gozen;2021/10/27
102;BBL Queens;2;0;FUT Female;2021/10/27
103;BBL Queens;1;0;CLMRT;2021/10/26
104;BBL Queens;0;1;Papara SuperMassive Female;2021/10/26
105;BBL Queens;1;0;Friendlyfire;2021/10/26
106;BBL Queens;1;0;OtherSide Rouge;2021/10/25
107;BBL Queens;0;1;Oxxgen Esports;2021/10/25
108;BBL Queens;1;0;Lithium;2021/10/25
109;BBL Queens;0;2;THE ORIGINALS;2021/10/01
110;BBL Queens;2;0;FUT Female;2021/09/30
111;BBL Queens;1;2;Nebula;2021/09/29
112;BBL Queens;2;0;instalocked;2021/09/28
