;equipe;placar_casa;placar_visita;time_visita;data
0;Sin Prisa Gaming;2;0;FearX;2024/06/19
1;Sin Prisa Gaming;2;0;IAM;2024/06/14
2;Sin Prisa Gaming;2;0;SUPERFECT Esports;2024/06/13
3;Sin Prisa Gaming;2;1;Dplus Esports;2024/06/07
4;Sin Prisa Gaming;2;1;VEC DAEJEON;2024/06/05
5;Sin Prisa Gaming;2;0;Incheon On Sla2ers;2024/05/06
6;Sin Prisa Gaming;1;2;LFG Portal;2024/01/18
7;Sin Prisa Gaming;1;0;Frozen 3;2024/01/18
8;Sin Prisa Gaming;1;0;TSW;2024/01/18
9;Sin Prisa Gaming;1;0;World Game Star;2024/01/17
10;Sin Prisa Gaming;0;1;LFG Portal;2024/01/17
11;Sin Prisa Gaming;1;0;Zippy Xp;2024/01/17
12;Sin Prisa Gaming;1;2;Nongshim RedForce;2023/05/02
13;Sin Prisa Gaming;0;2;Incheon On Sla2ers;2023/04/27
14;Sin Prisa Gaming;1;2;Dplus Esports;2023/04/25
15;Sin Prisa Gaming;0;2;CNJ Esports;2023/04/21
16;Sin Prisa Gaming;0;2;Maru Gaming;2023/04/19
17;Sin Prisa Gaming;2;1;SLT Seongnam;2023/04/14
18;Sin Prisa Gaming;2;1;Gwangju Shadow;2023/04/12
19;Sin Prisa Gaming;2;0;OP.GG SPORTS;2023/03/24
20;Sin Prisa Gaming;2;0;No No No;2023/03/19
21;Sin Prisa Gaming;2;0;Never Give Up;2023/03/19
22;Sin Prisa Gaming;2;0;ARAV Esports;2023/03/18
23;Sin Prisa Gaming;2;1;GameCoach Academy;2023/03/18
24;Sin Prisa Gaming;2;1;Alice Team;2023/03/18
25;Sin Prisa Gaming;2;0;승현짱짱12;2023/03/18
26;Sin Prisa Gaming;1;2;KIDZONE;2023/01/14
27;Sin Prisa Gaming;2;0;ArcticFox;2023/01/14
28;Sin Prisa Gaming;0;2;Crazy Raccoon;2022/11/12
