;equipe;placar_casa;placar_visita;time_visita;data
0;Gamax Esports;2;0;Onyx Ravens;2024/06/11
1;Gamax Esports;2;0;NASR Esports;2024/06/10
2;Gamax Esports;1;2;R8 Esports;2024/06/04
3;Gamax Esports;2;1;top gz;2024/06/03
4;Gamax Esports;2;1;Team Occupy;2024/06/02
5;Gamax Esports;2;0;Skulls Esports;2024/06/01
6;Gamax Esports;1;2;Team RA'AD;2024/05/28
7;Gamax Esports;0;2;Onyx Ravens;2024/05/27
8;Gamax Esports;0;2;NASR Esports;2024/05/26
9;Gamax Esports;0;2;R8 Esports;2024/05/25
10;Gamax Esports;2;1;Skulls Esports;2024/05/22
11;Gamax Esports;1;0;Geekay Esports;2023/10/30
12;Gamax Esports;0;1;3BL Esports;2023/10/30
13;Gamax Esports;1;0;Skulls Esports;2023/10/29
14;Gamax Esports;1;0;CrewX;2023/10/29
15;Gamax Esports;0;1;GnG Esports;2023/08/15
16;Gamax Esports;0;1;GnG Esports;2023/08/15
17;Gamax Esports;0;1;Team RA'AD;2023/08/14
18;Gamax Esports;0;1;Team RA'AD;2023/08/14
19;Gamax Esports;0;1;Team Occupy;2023/08/04
20;Gamax Esports;0;1;Team Occupy;2023/08/04
21;Gamax Esports;2;0;Skulls Esports;2023/07/22
22;Gamax Esports;2;0;Team Team.;2023/07/22
23;Gamax Esports;1;0;0 skill;2023/07/21
24;Gamax Esports;1;2;GnG Esports;2023/07/02
25;Gamax Esports;0;2;trashcan;2023/06/27
26;Gamax Esports;2;0;Skulls Esports;2023/06/21
27;Gamax Esports;2;0;Linx Legacy;2023/06/17
28;Gamax Esports;1;0;Onyx Ravens;2023/05/09
29;Gamax Esports;0;1;Team Occupy;2023/05/08
30;Gamax Esports;0;1;NASR Esports;2023/05/07
31;Gamax Esports;0;1;GnG Esports;2023/05/06
32;Gamax Esports;0;1;Geekay Esports;2023/05/02
33;Gamax Esports;0;1;FATE Esports;2023/05/01
34;Gamax Esports;1;0;Team RA'AD;2023/04/30
35;Gamax Esports;0;1;Onyx Ravens;2023/04/29
36;Gamax Esports;0;1;Team Occupy;2023/04/18
37;Gamax Esports;0;1;NASR Esports;2023/04/17
38;Gamax Esports;1;0;GnG Esports;2023/04/16
39;Gamax Esports;0;1;Geekay Esports;2023/04/15
40;Gamax Esports;1;0;FATE Esports;2023/04/11
41;Gamax Esports;0;1;Team RA'AD;2023/04/10
42;Gamax Esports;1;2;Team Occupy;2023/04/05
43;Gamax Esports;2;1;Bravado Gaming;2023/04/04
44;Gamax Esports;2;0;Team Majesty;2023/04/03
45;Gamax Esports;1;2;Bravado Gaming;2023/04/02
46;Gamax Esports;0;1;Orgless 2.0;2023/03/24
47;Gamax Esports;1;3;NASR Esports;2021/06/02
48;Gamax Esports;2;0;Team RA'AD;2021/06/01
49;Gamax Esports;2;0;Exality;2021/05/31
50;Gamax Esports;1;3;Anubis Gaming;2021/03/30
51;Gamax Esports;2;1;Anubis Gaming;2021/03/28
52;Gamax Esports;2;0;eXtreme;2021/03/27
53;Gamax Esports;1;0;E9Sports;2021/02/25
54;Gamax Esports;0;1;Team RA'AD;2021/02/25
55;Gamax Esports;1;0;Last Strike;2021/02/24
56;Gamax Esports;0;1;Patchwork;2021/02/20
57;Gamax Esports;0;1;Aim.Attack;2021/02/20
58;Gamax Esports;0;1;eXiLe eSports;2021/02/20
59;Gamax Esports;0;1;Patchwork;2021/02/19
60;Gamax Esports;0;1;Aim.Attack;2021/02/19
61;Gamax Esports;0;1;eXiLe eSports;2021/02/19
62;Gamax Esports;0;1;Badmental Badgame;2021/01/20
63;Gamax Esports;1;0;KnockOut Esports;2021/01/20
64;Gamax Esports;0;1;Beşiktaş Esports;2021/01/20
65;Gamax Esports;0;1;Beşiktaş Esports;2021/01/19
66;Gamax Esports;1;0;KnockOut Esports;2021/01/19
67;Gamax Esports;0;1;Badmental Badgame;2021/01/19
68;Gamax Esports;1;2;Anubis Gaming;2021/01/15
69;Gamax Esports;1;2;Cairo City G'zzz;2021/01/14
70;Gamax Esports;0;2;Team RA'AD;2021/01/13
71;Gamax Esports;1;2;Cairo City G'zzz;2020/12/14
72;Gamax Esports;2;0;NOT SNP;2020/12/13
73;Gamax Esports;0;2;Anubis Gaming;2020/12/12
74;Gamax Esports;2;0;Lethal Grinders;2020/12/10
