;equipe;placar_casa;placar_visita;time_visita;data
0;Team Liquid Brazil;3;1;MIBR GC;2024/05/16
1;Team Liquid Brazil;3;1;revoada;2024/05/15
2;Team Liquid Brazil;1;2;MIBR GC;2024/05/14
3;Team Liquid Brazil;2;0;TBS Inclusivo;2024/04/25
4;Team Liquid Brazil;2;0;donas da bala;2024/04/17
5;Team Liquid Brazil;3;1;MIBR GC;2024/04/06
6;Team Liquid Brazil;2;0;TBS Inclusivo;2024/04/05
7;Team Liquid Brazil;2;0;Renegadas;2024/04/02
8;Team Liquid Brazil;2;0;AXKRUM GC;2024/04/01
9;Team Liquid Brazil;2;0;Capevaras;2024/04/01
10;Team Liquid Brazil;3;1;MIBR GC;2024/03/22
11;Team Liquid Brazil;2;0;TBS Inclusivo;2024/03/21
12;Team Liquid Brazil;2;0;Cherry Ladies;2024/03/15
13;Team Liquid Brazil;2;0;Athena;2024/03/15
14;Team Liquid Brazil;2;0;Krysme e Amigas;2024/03/14
15;Team Liquid Brazil;1;2;Orquestra do Maestro;2024/01/27
16;Team Liquid Brazil;2;0;OS CARA CEGO;2024/01/27
17;Team Liquid Brazil;1;2;SAGAZ;2024/01/26
18;Team Liquid Brazil;2;0;os piticos;2024/01/26
19;Team Liquid Brazil;2;0;Xenom com M;2024/01/22
20;Team Liquid Brazil;2;1;JUMENTUS;2024/01/21
21;Team Liquid Brazil;2;0;SPOT GAMING;2024/01/21
22;Team Liquid Brazil;2;3;Shopify Rebellion;2023/12/03
23;Team Liquid Brazil;2;0;G2 Gozen;2023/12/02
24;Team Liquid Brazil;2;1;Team SMG GC;2023/12/02
25;Team Liquid Brazil;2;0;BBL Queens;2023/12/01
26;Team Liquid Brazil;2;0;Evil Geniuses GC;2023/11/30
27;Team Liquid Brazil;0;2;G2 Gozen;2023/11/28
28;Team Liquid Brazil;3;1;LOUD Inclusivo;2023/10/01
29;Team Liquid Brazil;2;0;LOUD Inclusivo;2023/09/29
30;Team Liquid Brazil;2;1;Legacy GC;2023/09/27
31;Team Liquid Brazil;2;0;PROJECT Z;2023/09/25
32;Team Liquid Brazil;1;2;Legacy GC;2023/09/02
33;Team Liquid Brazil;2;0;Looking For Org 2.0;2023/09/01
34;Team Liquid Brazil;2;0;EVILCHILE;2023/09/01
35;Team Liquid Brazil;1;2;00Nation Fem;2023/08/03
36;Team Liquid Brazil;2;0;Addictes GC;2023/08/03
37;Team Liquid Brazil;1;3;LOUD Inclusivo;2023/06/25
38;Team Liquid Brazil;2;0;ODDIK Bright;2023/06/24
39;Team Liquid Brazil;2;0;Looking For Org 2.0;2023/06/23
40;Team Liquid Brazil;2;0;batatinhas raivosas;2023/06/23
41;Team Liquid Brazil;0;2;Cardume;2023/06/17
42;Team Liquid Brazil;0;1;ODDIK;2023/06/16
43;Team Liquid Brazil;1;0;LOUD Inclusivo;2023/06/15
44;Team Liquid Brazil;0;1;AJF e-Sports;2023/06/14
45;Team Liquid Brazil;2;1;Smoke Troop;2023/06/11
46;Team Liquid Brazil;0;2;Cardume;2023/06/10
47;Team Liquid Brazil;1;0;TotalePRO;2023/06/09
48;Team Liquid Brazil;1;0;00Nation Fem;2023/06/08
49;Team Liquid Brazil;0;1;Galorys;2023/06/07
50;Team Liquid Brazil;3;0;LOUD Inclusivo;2023/03/28
51;Team Liquid Brazil;2;1;LOUD Inclusivo;2023/03/26
52;Team Liquid Brazil;2;0;HUMMER Esports;2023/03/24
53;Team Liquid Brazil;2;0;MIBR GC;2023/03/21
54;Team Liquid Brazil;0;2;OSKARAVELHO;2023/03/13
55;Team Liquid Brazil;3;2;jelly e amigas;2023/03/06
56;Team Liquid Brazil;2;0;00Nation Fem;2023/03/05
57;Team Liquid Brazil;2;0;MIBR GC;2023/03/01
58;Team Liquid Brazil;2;0;Fora da Cartola;2023/02/28
59;Team Liquid Brazil;3;1;jelly e amigas;2023/02/11
60;Team Liquid Brazil;2;0;00Nation Fem;2023/02/10
61;Team Liquid Brazil;2;0;bb.w7m;2023/02/06
62;Team Liquid Brazil;2;0;BOUNCE Black;2023/02/05
63;Team Liquid Brazil;0;2;Intense Game;2023/02/04
64;Team Liquid Brazil;3;0;ODDIK Bright;2023/01/28
65;Team Liquid Brazil;2;0;00Nation Fem;2023/01/27
66;Team Liquid Brazil;2;0;jelly e amigas;2023/01/24
67;Team Liquid Brazil;2;1;ferinhas dos teclados;2023/01/23
68;Team Liquid Brazil;0;2;Shopify Rebellion GC;2022/11/19
69;Team Liquid Brazil;0;2;G2 Gozen;2022/11/18
70;Team Liquid Brazil;2;1;Shopify Rebellion GC;2022/11/17
71;Team Liquid Brazil;2;1;FENNEL GC;2022/11/16
72;Team Liquid Brazil;3;2;Before;2022/10/22
73;Team Liquid Brazil;2;1;ODDIK Bright;2022/10/20
74;Team Liquid Brazil;2;1;Before;2022/10/18
75;Team Liquid Brazil;2;0;MIBR GC;2022/10/15
76;Team Liquid Brazil;3;1;ODDIK Bright;2022/10/03
77;Team Liquid Brazil;2;0;a culpa e das estrelas;2022/10/01
78;Team Liquid Brazil;2;0;MIBR GC;2022/09/30
79;Team Liquid Brazil;2;0;TropiCaos GC;2022/07/02
80;Team Liquid Brazil;3;0;TBK Esports GC;2022/06/05
81;Team Liquid Brazil;2;0;Gamelanders Purple;2022/06/04
82;Team Liquid Brazil;2;0;maze e amigas;2022/06/03
83;Team Liquid Brazil;2;0;Slipper Generation;2022/06/02
84;Team Liquid Brazil;3;1;TBK Esports GC;2022/05/08
85;Team Liquid Brazil;2;0;Gamelanders Purple;2022/05/07
86;Team Liquid Brazil;2;0;Meninas Super Furiosas;2022/05/06
87;Team Liquid Brazil;2;0;Sphynx Lilac;2022/05/05
88;Team Liquid Brazil;3;0;Before;2022/04/03
89;Team Liquid Brazil;2;1;Gamelanders Purple;2022/04/02
90;Team Liquid Brazil;2;0;Stars Horizon Venus;2022/04/01
91;Team Liquid Brazil;2;0;Valhalla;2022/03/31
92;Team Liquid Brazil;0;2;SG e-Sports;2022/03/15
93;Team Liquid Brazil;0;2;LUSA White;2022/03/09
94;Team Liquid Brazil;2;0;Agropesca Jacare;2022/03/08
95;Team Liquid Brazil;2;0;tropa do mata rindo;2022/03/08
96;Team Liquid Brazil;2;0;Looking for Contract;2022/03/07
97;Team Liquid Brazil;3;0;TBK Esports GC;2022/02/27
98;Team Liquid Brazil;2;0;ODDIK Bright;2022/02/26
99;Team Liquid Brazil;2;0;Gamelanders Purple;2022/02/25
100;Team Liquid Brazil;2;0;MIBR GC;2022/02/24
101;Team Liquid Brazil;0;2;ROLO COMPRESSOR;2022/01/21
102;Team Liquid Brazil;2;0;Team RUIM;2022/01/21
103;Team Liquid Brazil;2;0;Breakout;2021/11/07
104;Team Liquid Brazil;2;0;TRY eSports Fem;2021/11/04
105;Team Liquid Brazil;2;0;Keyd Stars Athenas;2021/10/23
106;Team Liquid Brazil;2;0;Stars Horizon Vênus;2021/10/22
107;Team Liquid Brazil;2;0;Arcade;2021/10/21
108;Team Liquid Brazil;2;0;Arcade;2021/10/19
109;Team Liquid Brazil;0;2;Keyd Stars Athenas;2021/10/02
110;Team Liquid Brazil;2;0;Stars Horizon Vênus;2021/10/01
111;Team Liquid Brazil;2;0;Black Burn;2021/09/30
112;Team Liquid Brazil;2;0;Keyd Stars Athenas;2021/09/25
113;Team Liquid Brazil;2;0;Chapecoense E-Sports;2021/09/23
114;Team Liquid Brazil;1;0;BearClaw Gaming Female;2021/09/21
115;Team Liquid Brazil;2;1;Breakout;2021/09/04
116;Team Liquid Brazil;2;0;Stars Horizon Vênus;2021/09/03
117;Team Liquid Brazil;2;0;Pink Hats;2021/09/02
118;Team Liquid Brazil;2;0;Keyd Stars Athenas;2021/08/07
119;Team Liquid Brazil;2;0;Imperium e-Sports;2021/08/06
120;Team Liquid Brazil;2;0;Valkirias Esports;2021/08/05
