;equipe;placar_casa;placar_visita;time_visita;data
0;NASR Esports;2;0;Team Occupy;2024/06/11
1;NASR Esports;0;2;Gamax Esports;2024/06/10
2;NASR Esports;1;2;Onyx Ravens;2024/06/09
3;NASR Esports;0;2;Team RA'AD;2024/06/04
4;NASR Esports;2;0;Onyx Ravens;2024/06/03
5;NASR Esports;2;0;Skulls Esports;2024/06/02
6;NASR Esports;2;0;R8 Esports;2024/06/01
7;NASR Esports;2;0;top gz;2024/05/28
8;NASR Esports;2;0;Team Occupy;2024/05/27
9;NASR Esports;2;0;Gamax Esports;2024/05/26
10;NASR Esports;0;2;Team RA'AD;2024/05/25
11;NASR Esports;2;0;Skulls Esports;2024/05/20
12;NASR Esports;0;2;R8 Esports;2024/05/19
13;NASR Esports;2;0;top gz;2024/05/18
14;NASR Esports;0;3;R8 Esports;2024/04/01
15;NASR Esports;2;0;R8 Esports;2024/03/25
16;NASR Esports;1;0;Onyx Ravens;2023/08/18
17;NASR Esports;0;1;Geekay Esports;2023/08/15
18;NASR Esports;0;1;Geekay Esports;2023/08/15
19;NASR Esports;0;1;FATE Esports;2023/08/11
20;NASR Esports;1;0;FATE Esports;2023/08/11
21;NASR Esports;0;3;Team RA'AD;2023/06/08
22;NASR Esports;2;0;Triple Esports Club;2023/06/07
23;NASR Esports;1;2;Team Falcons;2023/06/06
24;NASR Esports;3;1;Geekay Esports;2023/05/17
25;NASR Esports;1;3;Team RA'AD;2023/05/16
26;NASR Esports;2;1;Team RA'AD;2023/05/13
27;NASR Esports;1;0;FATE Esports;2023/05/09
28;NASR Esports;1;0;Onyx Ravens;2023/05/08
29;NASR Esports;1;0;Gamax Esports;2023/05/07
30;NASR Esports;1;0;Geekay Esports;2023/05/06
31;NASR Esports;0;1;Team RA'AD;2023/05/02
32;NASR Esports;1;0;Team Occupy;2023/05/01
33;NASR Esports;1;0;GnG Esports;2023/04/30
34;NASR Esports;1;0;FATE Esports;2023/04/29
35;NASR Esports;0;1;Onyx Ravens;2023/04/18
36;NASR Esports;1;0;Gamax Esports;2023/04/17
37;NASR Esports;0;1;Geekay Esports;2023/04/16
38;NASR Esports;1;0;Team RA'AD;2023/04/15
39;NASR Esports;1;0;Team Occupy;2023/04/11
40;NASR Esports;0;1;GnG Esports;2023/04/10
41;NASR Esports;0;2;ArchNemesis eSports;2023/04/03
42;NASR Esports;1;2;Team RA'AD;2023/03/10
43;NASR Esports;1;2;Geekay Esports;2023/03/07
44;NASR Esports;2;0;Onyx Ravens;2023/03/05
45;NASR Esports;2;0;Bravado Gaming;2023/02/28
46;NASR Esports;2;1;Team RA'AD;2023/02/27
47;NASR Esports;2;1;Geekay Esports;2023/02/26
48;NASR Esports;2;0;GnG Esports;2023/02/25
49;NASR Esports;2;0;Team Majesty;2023/02/21
50;NASR Esports;2;0;FATE Esports;2023/02/20
51;NASR Esports;2;0;Onyx Ravens;2023/02/19
52;NASR Esports;2;0;Bravado Gaming;2023/02/12
53;NASR Esports;1;2;Team RA'AD;2023/02/11
54;NASR Esports;1;2;Geekay Esports;2023/02/05
55;NASR Esports;2;0;GnG Esports;2023/02/04
56;NASR Esports;2;0;Team Majesty;2023/01/31
57;NASR Esports;2;0;FATE Esports;2023/01/30
58;NASR Esports;1;3;Onyx Ravens;2023/01/14
59;NASR Esports;2;0;Onyx Ravens;2023/01/12
60;NASR Esports;2;1;Frogless;2023/01/06
61;NASR Esports;2;0;FATE Esports;2023/01/05
62;NASR Esports;0;2;Frogless;2022/12/17
63;NASR Esports;2;1;odavrb;2022/12/16
64;NASR Esports;2;1;For Fun;2022/12/13
65;NASR Esports;1;2;Frogless;2022/12/12
66;NASR Esports;0;1;YaLLa Esports;2022/10/19
67;NASR Esports;0;1;Geekay Esports;2022/10/19
68;NASR Esports;0;1;Team Falcons;2022/10/18
69;NASR Esports;1;0;Team RA'AD;2022/10/17
70;NASR Esports;0;1;Piercer Esports;2022/10/17
71;NASR Esports;0;1;Acend;2022/10/16
72;NASR Esports;0;1;FNATIC;2022/10/16
73;NASR Esports;3;2;MLC Esports;2022/08/13
74;NASR Esports;2;0;Onyx Ravens;2022/08/07
75;NASR Esports;0;2;MLC Esports;2022/08/07
76;NASR Esports;2;0;Krakens Esports;2022/08/06
77;NASR Esports;2;0;Patrowave;2022/08/05
78;NASR Esports;2;1;Team RA'AD;2022/06/05
79;NASR Esports;0;2;Geekay Esports;2022/06/01
80;NASR Esports;0;2;Geekay Esports;2022/05/31
81;NASR Esports;0;2;XPLDZ;2022/05/30
82;NASR Esports;2;1;Bravado Gaming;2022/05/26
83;NASR Esports;2;0;Whitelist;2022/05/25
84;NASR Esports;2;0;BlackJack Esports;2022/05/24
85;NASR Esports;2;1;Team RA'AD;2022/05/23
86;NASR Esports;2;1;Team Majesty;2022/05/19
87;NASR Esports;1;2;Geekay Esports;2022/05/18
88;NASR Esports;1;2;XPLDZ;2022/05/17
89;NASR Esports;2;0;Bravado Gaming;2022/05/16
90;NASR Esports;2;0;Whitelist;2022/05/12
91;NASR Esports;2;0;BlackJack Esports;2022/05/11
92;NASR Esports;1;2;Team RA'AD;2022/05/10
93;NASR Esports;0;2;Team Majesty;2022/05/09
94;NASR Esports;2;0;GT3 RS;2022/03/08
95;NASR Esports;2;1;XPLDZ;2022/03/07
96;NASR Esports;0;2;Team Majesty;2022/03/05
97;NASR Esports;2;1;Geekay Esports;2021/09/23
98;NASR Esports;0;2;Piercer Esports;2021/09/22
99;NASR Esports;1;0;Team Sirius;2021/08/19
100;NASR Esports;1;2;Piercer Esports;2021/08/18
101;NASR Esports;1;0;Fraggerz;2021/08/17
102;NASR Esports;0;1;Smurfs;2021/07/30
103;NASR Esports;0;2;Ha PaccJla6oHe;2021/07/30
104;NASR Esports;2;0;Vengeance;2021/07/29
105;NASR Esports;0;1;Team Singularity;2021/06/06
106;NASR Esports;1;0;Aim.Attack;2021/06/05
107;NASR Esports;1;0;Yakuza;2021/06/05
108;NASR Esports;3;1;Gamax Esports;2021/06/02
109;NASR Esports;2;0;Team Occupy;2021/06/01
110;NASR Esports;2;0;Aztex Esports;2021/05/31
111;NASR Esports;3;0;Anubis Gaming;2021/04/25
112;NASR Esports;2;0;Cairo City G'zzz;2021/04/22
113;NASR Esports;2;0;FreeAgentz;2021/04/16
114;NASR Esports;2;1;Anubis Gaming;2021/04/15
115;NASR Esports;0;1;Full of Tilt;2021/03/18
116;NASR Esports;0;1;Fox Gaming;2021/03/13
117;NASR Esports;1;0;Lusail Esports;2021/03/12
118;NASR Esports;0;1;IMBAPEEK;2021/02/28
119;NASR Esports;1;0;6IX E-sports;2021/02/28
120;NASR Esports;1;2;Winfinity;2021/02/27
121;NASR Esports;1;0;BANGER5;2021/02/27
122;NASR Esports;1;0;S2V Esports;2021/02/27
123;NASR Esports;3;0;Anubis Gaming;2020/12/06
124;NASR Esports;2;0;QLASH Egypt;2020/12/03
125;NASR Esports;0;3;Anubis Gaming;2020/11/24
126;NASR Esports;2;0;QLASH Egypt;2020/11/18
127;NASR Esports;0;2;Anubis Gaming;2020/11/15
128;NASR Esports;2;0;Can't Be Killed;2020/11/09
129;NASR Esports;1;0;Team RA'AD;2020/11/07
