;equipe;placar_casa;placar_visita;time_visita;data
0;Underground Gaming;1;2;Vision Esports;2024/03/07
1;Underground Gaming;2;0;Onyx Ravens;2024/03/07
2;Underground Gaming;0;2;The Ultimates;2024/03/05
3;Underground Gaming;0;2;Twisted Minds Esports;2024/03/04
4;Underground Gaming;2;0;DRAGONS;2024/03/03
5;Underground Gaming;1;2;Team Falcons;2024/03/02
6;Underground Gaming;0;2;Twisted Minds Esports;2024/03/01
7;Underground Gaming;0;2;Team Falcons;2024/02/29
8;Underground Gaming;2;0;Vision Esports;2024/02/28
9;Underground Gaming;2;1;Fraggerz;2024/02/27
10;Underground Gaming;0;1;Triple Esports Club;2023/04/17
11;Underground Gaming;1;0;NOBLES;2023/04/16
12;Underground Gaming;0;1;Team Falcons;2023/04/15
13;Underground Gaming;2;0;The Ultimates;2023/04/14
14;Underground Gaming;2;0;RAGE Esports;2023/04/14
