;equipe;placar_casa;placar_visita;time_visita;data
0;SLT Seongnam;2;0;SUPERFECT Esports;2024/06/20
1;SLT Seongnam;2;0;Nongshim RedForce;2024/06/14
2;SLT Seongnam;0;2;Dplus Esports;2024/06/13
3;SLT Seongnam;2;0;IAM;2024/06/07
4;SLT Seongnam;2;1;FearX;2024/06/05
5;SLT Seongnam;1;3;LFG Portal;2024/04/19
6;SLT Seongnam;3;1;Nongshim RedForce;2024/04/10
7;SLT Seongnam;2;0;Dplus Esports;2024/04/04
8;SLT Seongnam;2;0;IAM;2024/04/03
9;SLT Seongnam;1;2;Dplus Esports;2024/03/27
10;SLT Seongnam;1;2;IAM;2024/03/21
11;SLT Seongnam;2;1;Maru Gaming;2024/03/15
12;SLT Seongnam;2;1;Dplus Esports;2024/03/14
13;SLT Seongnam;2;0;Incheon On Sla2ers;2024/03/08
14;SLT Seongnam;0;2;LFG Portal;2024/03/06
15;SLT Seongnam;1;2;Nongshim RedForce;2024/03/01
16;SLT Seongnam;1;2;SHERPA;2024/02/29
17;SLT Seongnam;1;3;Dplus Esports;2023/06/03
18;SLT Seongnam;3;1;Maru Gaming;2023/05/26
19;SLT Seongnam;2;1;Incheon On Sla2ers;2023/05/25
20;SLT Seongnam;2;1;Nongshim RedForce;2023/05/24
21;SLT Seongnam;0;2;Gwangju Shadow;2023/05/17
22;SLT Seongnam;1;2;Maru Gaming;2023/05/03
23;SLT Seongnam;2;0;CNJ Esports;2023/04/28
24;SLT Seongnam;0;2;Gwangju Shadow;2023/04/26
25;SLT Seongnam;2;0;Incheon On Sla2ers;2023/04/20
26;SLT Seongnam;0;2;Nongshim RedForce;2023/04/18
27;SLT Seongnam;1;2;Team OGS;2023/04/14
28;SLT Seongnam;2;0;Dplus Esports;2023/04/12
29;SLT Seongnam;0;3;Dplus Esports;2023/02/25
30;SLT Seongnam;2;0;Maru Gaming;2023/02/22
31;SLT Seongnam;2;1;Dplus Esports;2023/02/17
32;SLT Seongnam;2;1;CNJ Esports;2023/02/16
33;SLT Seongnam;2;0;Dplus Esports;2023/02/10
34;SLT Seongnam;1;2;Gwangju Shadow;2023/02/08
35;SLT Seongnam;0;2;OP.GG SPORTS;2023/02/04
36;SLT Seongnam;2;0;Nongshim RedForce;2023/02/02
37;SLT Seongnam;2;1;Maru Gaming;2023/01/31
38;SLT Seongnam;2;1;World Game Star;2023/01/29
39;SLT Seongnam;2;0;CNJ Esports;2023/01/27
40;SLT Seongnam;2;0;TEAM INDIGO;2023/01/15
41;SLT Seongnam;2;0;TurningMecard;2023/01/15
42;SLT Seongnam;1;2;TEAM INDIGO;2023/01/15
43;SLT Seongnam;2;0;Blater;2023/01/14
44;SLT Seongnam;2;0;Tartarus;2023/01/14
45;SLT Seongnam;2;0;MangoJuice;2023/01/14
