;equipe;placar_casa;placar_visita;time_visita;data
0;Gen.G;2;1;T1;2024/06/16
1;Gen.G;3;2;Team Heretics;2024/06/09
2;Gen.G;2;0;G2 Esports;2024/06/07
3;Gen.G;2;0;100 Thieves;2024/06/02
4;Gen.G;2;1;FNATIC;2024/05/30
5;Gen.G;2;1;FunPlus Phoenix;2024/05/25
6;Gen.G;2;1;Leviatán;2024/05/24
7;Gen.G;2;3;Paper Rex;2024/05/12
8;Gen.G;3;0;T1;2024/05/11
9;Gen.G;2;1;DRX;2024/05/05
10;Gen.G;1;2;T1;2024/05/04
11;Gen.G;1;2;Rex Regum Qeon;2024/04/29
12;Gen.G;2;0;ZETA DIVISION;2024/04/22
13;Gen.G;1;2;DRX;2024/04/20
14;Gen.G;2;0;DetonatioN FocusMe;2024/04/15
15;Gen.G;1;2;Paper Rex;2024/04/13
16;Gen.G;2;0;Talon Esports;2024/04/09
17;Gen.G;2;3;Sentinels;2024/03/24
18;Gen.G;2;1;Sentinels;2024/03/22
19;Gen.G;2;0;Paper Rex;2024/03/21
20;Gen.G;2;1;EDward Gaming;2024/03/16
21;Gen.G;2;1;LOUD;2024/03/14
22;Gen.G;3;1;Paper Rex;2024/02/25
23;Gen.G;2;0;DRX;2024/02/24
24;Gen.G;2;0;ZETA DIVISION;2024/02/22
25;Gen.G;2;1;Team Secret;2024/02/22
26;Gen.G;2;1;Rex Regum Qeon;2024/02/21
27;Gen.G;1;2;Paper Rex;2024/02/19
28;Gen.G;2;1;Rex Regum Qeon;2024/02/17
29;Gen.G;1;2;FUT Esports;2023/12/16
30;Gen.G;2;1;True Rippers;2023/12/14
31;Gen.G;1;3;Team Secret;2023/07/22
32;Gen.G;2;1;Rex Regum Qeon;2023/07/21
33;Gen.G;0;2;Team Secret;2023/07/20
34;Gen.G;2;1;Talon Esports;2023/07/19
35;Gen.G;0;2;T1;2023/05/22
36;Gen.G;2;1;Team Secret;2023/05/21
37;Gen.G;1;2;T1;2023/05/19
38;Gen.G;1;2;ZETA DIVISION;2023/05/14
39;Gen.G;0;2;Paper Rex;2023/05/12
40;Gen.G;0;2;Talon Esports;2023/05/06
41;Gen.G;0;2;Global Esports;2023/04/30
42;Gen.G;1;2;DRX;2023/04/22
43;Gen.G;2;0;T1;2023/04/16
44;Gen.G;2;0;Team Secret;2023/04/10
45;Gen.G;2;1;DetonatioN FocusMe;2023/04/02
46;Gen.G;2;0;Rex Regum Qeon;2023/03/27
47;Gen.G;0;2;LOUD;2023/02/15
48;Gen.G;0;2;ZETA DIVISION;2022/11/27
49;Gen.G;1;2;DRX;2022/11/26
50;Gen.G;0;3;EDward Gaming;2022/08/14
51;Gen.G;2;1;NORTHEPTION;2022/08/13
52;Gen.G;2;1;KONE eSports Club;2022/08/13
53;Gen.G;2;0;Crazy Raccoon;2022/08/12
54;Gen.G;2;0;Maru Gaming;2022/08/10
55;Gen.G;0;2;EDward Gaming;2022/08/08
56;Gen.G;2;1;DAMWON Gaming;2022/03/18
57;Gen.G;0;2;FaZe Clan;2022/03/16
58;Gen.G;2;0;SoaR;2022/03/16
59;Gen.G;2;1;Nearest Airport;2022/03/15
60;Gen.G;2;0;Run it Down;2022/03/14
61;Gen.G;2;0;IlluZion;2022/03/14
62;Gen.G;0;2;World Game Star;2022/03/13
63;Gen.G;2;1;Team T5;2022/03/11
64;Gen.G;2;0;DRX;2022/03/06
65;Gen.G;2;0;Desperado;2022/03/04
66;Gen.G;2;0;DAMWON Gaming;2022/03/02
67;Gen.G;2;1;HolyMolly;2022/02/26
68;Gen.G;2;1;Maru Gaming;2022/02/24
69;Gen.G;0;2;TSM;2022/02/21
70;Gen.G;1;0;Knights Academy;2022/02/21
71;Gen.G;1;0;UnitedERA;2022/02/21
72;Gen.G;2;0;SPEAR GAMING;2022/02/06
73;Gen.G;0;2;DAMWON Gaming;2022/02/06
74;Gen.G;2;0;Veronica7;2022/02/06
75;Gen.G;1;2;Renegades;2022/02/05
76;Gen.G;2;0;Zero MarksMen Black;2022/02/05
77;Gen.G;2;0;Next eSports;2022/02/05
78;Gen.G;2;0;Amollang;2022/02/05
79;Gen.G;2;0;Synergy;2022/02/04
80;Gen.G;0;2;Built By Gamers;2022/02/04
81;Gen.G;2;0;1TK;2022/02/04
82;Gen.G;2;0;Veni Vidi Vici;2022/02/04
83;Gen.G;2;0;Valkyrie;2022/02/03
84;Gen.G;2;0;Weenie Hut Jr;2022/02/03
85;Gen.G;1;2;Soniqs;2022/01/29
86;Gen.G;2;1;Renegades;2022/01/29
87;Gen.G;0;2;T1;2022/01/28
88;Gen.G;2;1;Bait Academy;2022/01/28
89;Gen.G;2;0;Free Fall;2022/01/27
90;Gen.G;2;0;Zeal;2022/01/27
91;Gen.G;1;2;Cloud9;2021/10/29
92;Gen.G;2;0;Luminosity;2021/10/28
93;Gen.G;1;2;100 Thieves;2021/10/12
94;Gen.G;0;2;Rise;2021/07/30
95;Gen.G;2;1;Version1;2021/07/29
96;Gen.G;1;2;TSM;2021/07/29
97;Gen.G;0;2;Envy;2021/07/09
98;Gen.G;2;1;Rise;2021/07/08
99;Gen.G;1;2;Sentinels;2021/07/08
100;Gen.G;2;1;Andbox;2021/07/04
101;Gen.G;2;1;Knights;2021/07/02
102;Gen.G;2;0;Exotic;2021/07/01
103;Gen.G;2;0;HalfBliss;2021/07/01
104;Gen.G;0;2;TSM;2021/04/18
105;Gen.G;2;1;Complexity;2021/04/16
106;Gen.G;2;1;Slimy Boogermen;2021/04/16
107;Gen.G;2;0;zesty's money crew;2021/04/15
108;Gen.G;2;0;Chilling in Space;2021/04/15
109;Gen.G;0;2;Cloud9;2021/04/04
110;Gen.G;2;0;Complexity;2021/04/02
111;Gen.G;2;0;OOKERS;2021/04/01
112;Gen.G;2;0;ExPandable;2021/04/01
113;Gen.G;0;2;FaZe Clan;2021/03/20
114;Gen.G;2;1;Envy;2021/03/20
115;Gen.G;2;0;100 Thieves;2021/03/19
116;Gen.G;2;0;XSET;2021/03/13
117;Gen.G;1;2;Envy;2021/03/11
118;Gen.G;1;2;100 Thieves;2021/03/06
119;Gen.G;2;0;NRG Esports;2021/03/05
120;Gen.G;2;0;Kooky Koalas;2021/03/04
121;Gen.G;0;2;TSM;2021/03/04
122;Gen.G;0;2;100 Thieves;2021/02/20
123;Gen.G;0;2;Immortals;2021/02/20
124;Gen.G;2;1;TSM;2021/02/14
125;Gen.G;2;1;Cloud9;2021/02/12
126;Gen.G;2;0;down bad;2021/02/12
127;Gen.G;2;0;VIRTUOSO;2021/02/11
128;Gen.G;2;0;TAMU Maroon;2021/02/11
129;Gen.G;1;2;Sentinels;2021/02/05
130;Gen.G;0;2;Immortals;2021/02/05
131;Gen.G;2;0;NRG Esports;2021/02/04
132;Gen.G;0;2;NRG Esports;2021/01/29
133;Gen.G;2;0;Renegades;2021/01/28
134;Gen.G;2;0;Knights;2021/01/28
135;Gen.G;2;0;Fluid Gaming;2021/01/27
136;Gen.G;2;0;Deadlife;2021/01/27
137;Gen.G;2;1;Dignitas;2020/12/20
138;Gen.G;2;1;XSET;2020/12/20
139;Gen.G;2;0;Team Front;2020/11/11
140;Gen.G;2;0;KDA;2020/11/11
141;Gen.G;0;2;T1;2020/11/06
142;Gen.G;0;2;Complexity;2020/11/06
143;Gen.G;2;1;Equinox Esports;2020/11/04
144;Gen.G;1;2;TSM;2020/10/30
145;Gen.G;0;2;Envy;2020/10/29
146;Gen.G;2;0;Sentinels;2020/10/28
147;Gen.G;2;0;XSET;2020/10/27
148;Gen.G;2;0;Serenity;2020/10/27
149;Gen.G;2;0;Dog Team Needs Club Org;2020/10/26
150;Gen.G;2;0;Fortplayers/1Cs;2020/10/26
151;Gen.G;0;2;Moon Raccoons;2020/10/18
152;Gen.G;2;1;Immortals;2020/10/17
153;Gen.G;1;0;beastcoast;2020/10/17
154;Gen.G;0;2;TSM;2020/08/27
155;Gen.G;1;2;Cloud9;2020/08/26
156;Gen.G;1;2;TSM;2020/08/16
157;Gen.G;1;0;TSM;2020/08/16
158;Gen.G;1;0;Homeless;2020/08/16
159;Gen.G;1;0;Complexity;2020/08/16
160;Gen.G;1;0;Shiba;2020/08/16
161;Gen.G;1;0;Renegades;2020/08/16
162;Gen.G;1;0;T1;2020/08/16
163;Gen.G;0;2;Immortals;2020/08/09
164;Gen.G;2;0;Envy;2020/08/08
165;Gen.G;2;0;T1;2020/08/07
166;Gen.G;1;2;Immortals;2020/08/07
167;Gen.G;2;1;Lemonade Stand;2020/08/06
168;Gen.G;1;2;Sentinels;2020/08/06
169;Gen.G;2;0;Built By Gamers;2020/08/06
170;Gen.G;0;2;TSM;2020/08/02
171;Gen.G;2;0;Immortals;2020/08/02
172;Gen.G;1;0;Complexity;2020/08/02
173;Gen.G;0;2;TSM;2020/08/01
174;Gen.G;2;1;T1 Academy;2020/08/01
175;Gen.G;1;0;Spot Up;2020/08/01
176;Gen.G;1;0;Renegades;2020/08/01
177;Gen.G;1;0;Actually Homeless;2020/08/01
178;Gen.G;1;2;Sentinels;2020/07/24
179;Gen.G;2;0;Team Mang0;2020/07/23
180;Gen.G;0;2;Immortals;2020/07/23
181;Gen.G;2;0;Prospects;2020/07/22
182;Gen.G;2;1;MIXUP;2020/07/22
183;Gen.G;0;2;Cloud9;2020/07/18
184;Gen.G;2;0;Charlotte Phoenix;2020/07/18
185;Gen.G;2;0;Oxygen Supremacy;2020/07/18
186;Gen.G;2;0;Cloud9;2020/07/12
187;Gen.G;2;1;Sentinels;2020/07/12
188;Gen.G;2;0;Charlotte Phoenix;2020/07/11
