;equipe;placar_casa;placar_visita;time_visita;data
0;Diamant Esports;2;1;ESC Gaming;2024/06/11
1;Diamant Esports;2;0;Chipi Chapa's;2024/06/05
2;Diamant Esports;2;0;NOM Esports;2024/06/03
3;Diamant Esports;2;0;Incognito;2024/05/23
4;Diamant Esports;2;1;B8 Esports;2024/05/20
5;Diamant Esports;2;3;Chipi Chapa's;2024/04/08
6;Diamant Esports;0;2;GoNext Esports;2024/04/07
7;Diamant Esports;2;1;Chipi Chapa's;2024/04/06
8;Diamant Esports;2;1;Zero Tenacity;2024/03/06
9;Diamant Esports;2;0;Chipi Chapa's;2024/02/12
10;Diamant Esports;2;0;NOM Esports;2024/02/08
11;Diamant Esports;2;1;B8 Esports;2024/02/07
12;Diamant Esports;2;0;Acend;2024/02/01
13;Diamant Esports;2;0;Enterprise Esports;2024/01/30
14;Diamant Esports;2;1;GoNext Esports;2024/01/24
15;Diamant Esports;2;0;ESC Gaming;2024/01/22
16;Diamant Esports;2;0;Incognito;2024/01/17
17;Diamant Esports;0;2;Szypko;2023/11/06
18;Diamant Esports;1;2;Acend;2023/11/05
19;Diamant Esports;2;0;Entropolo;2023/11/03
20;Diamant Esports;2;0;Origami Team;2023/10/18
21;Diamant Esports;2;0;Incognito;2023/10/16
22;Diamant Esports;2;0;eco chálks;2023/10/10
23;Diamant Esports;1;2;Enterprise Esports;2023/10/05
24;Diamant Esports;2;0;GoNext Esports;2023/09/29
25;Diamant Esports;1;2;Zero Tenacity;2023/09/22
26;Diamant Esports;1;2;Acend;2023/09/16
27;Diamant Esports;2;3;Enterprise Esports;2023/06/10
28;Diamant Esports;1;2;Acend;2023/06/09
29;Diamant Esports;2;0;Anonymo Esports;2023/06/08
30;Diamant Esports;1;2;Anonymo Esports;2023/03/10
31;Diamant Esports;1;2;Acend;2023/03/10
32;Diamant Esports;2;0;Cyber Wolves Esports;2023/03/09
33;Diamant Esports;0;1;Cyber Wolves Esports;2023/03/06
34;Diamant Esports;1;0;B8 Esports;2023/03/05
35;Diamant Esports;0;1;Rapid Ninjas;2023/02/12
36;Diamant Esports;1;0;Anonymo Esports;2023/02/11
37;Diamant Esports;0;1;Enterprise Esports;2023/02/10
38;Diamant Esports;1;0;Anorthosis Famagusta Esports;2023/02/09
39;Diamant Esports;1;0;Zero Tenacity;2023/02/05
40;Diamant Esports;1;0;NOM Esports;2023/02/04
41;Diamant Esports;1;0;Acend;2023/01/29
42;Diamant Esports;1;0;Cyber Wolves Esports;2023/01/28
43;Diamant Esports;1;0;B8 Esports;2023/01/22
44;Diamant Esports;1;0;Enterprise Esports;2023/01/21
45;Diamant Esports;0;1;Rapid Ninjas;2023/01/20
46;Diamant Esports;0;1;Anonymo Esports;2023/01/19
47;Diamant Esports;1;0;Anorthosis Famagusta Esports;2023/01/15
48;Diamant Esports;1;0;Zero Tenacity;2023/01/14
49;Diamant Esports;0;1;NOM Esports;2023/01/13
50;Diamant Esports;0;1;Acend;2023/01/12
51;Diamant Esports;3;0;Anorthosis Famagusta Esports;2022/12/29
52;Diamant Esports;2;0;Anorthosis Famagusta Esports;2022/12/27
53;Diamant Esports;0;1;325;2022/12/23
54;Diamant Esports;1;0;ZINK;2022/12/23
55;Diamant Esports;2;0;Honvéd Esport;2022/10/22
56;Diamant Esports;2;1;MAJTKOMAT;2022/10/22
57;Diamant Esports;2;0;Latin Gaming;2022/10/21
58;Diamant Esports;0;2;TENSTAR;2022/10/19
59;Diamant Esports;2;0;ACE eSports;2022/10/15
60;Diamant Esports;0;1;UCAM Esports Club;2022/10/08
61;Diamant Esports;0;1;Ovation eSports;2022/10/08
62;Diamant Esports;0;1;Fire Flux Esports;2022/10/08
63;Diamant Esports;1;0;EGN Esports;2022/10/08
64;Diamant Esports;0;1;Regnum Carya Esports;2022/10/07
65;Diamant Esports;1;0;Kommando Howl;2022/10/07
66;Diamant Esports;0;1;Cyber Wolves Esports;2022/07/28
67;Diamant Esports;0;1;VX300 Gaming;2022/07/26
68;Diamant Esports;2;3;TENSTAR;2022/07/03
69;Diamant Esports;2;1;NOM Esports;2022/07/02
70;Diamant Esports;0;2;TENSTAR;2022/07/02
71;Diamant Esports;2;0;Anorthosis Famagusta Esports;2022/07/01
72;Diamant Esports;0;1;TENSTAR;2022/06/23
73;Diamant Esports;1;0;Zero Tenacity;2022/06/22
74;Diamant Esports;1;0;Anonymo Esports;2022/06/16
75;Diamant Esports;0;1;NOM Esports;2022/06/15
76;Diamant Esports;1;0;Anorthosis Famagusta Esports;2022/06/09
77;Diamant Esports;1;0;Enterprise Esports;2022/06/08
78;Diamant Esports;1;0;Entropiq;2022/06/02
79;Diamant Esports;1;0;TENSTAR;2022/06/01
80;Diamant Esports;0;1;Anonymo Esports;2022/05/26
81;Diamant Esports;0;1;Enterprise Esports;2022/05/25
82;Diamant Esports;0;1;NOM Esports;2022/05/19
83;Diamant Esports;0;1;Anorthosis Famagusta Esports;2022/05/18
84;Diamant Esports;1;0;Entropiq;2022/05/12
85;Diamant Esports;1;0;Zero Tenacity;2022/05/11
86;Diamant Esports;0;2;Balkan Stars;2022/04/30
87;Diamant Esports;2;0;SHEEESHSQUAD;2022/04/30
88;Diamant Esports;2;0;AIF;2022/04/30
89;Diamant Esports;0;2;ownage;2022/03/27
90;Diamant Esports;0;2;Podnik;2022/03/26
91;Diamant Esports;0;2;iPon Esport;2022/03/23
92;Diamant Esports;1;2;Podnik;2022/03/22
93;Diamant Esports;2;1;iPon Esport;2022/03/21
