;equipe;placar_casa;placar_visita;time_visita;data
0;NRG Esports;0;2;100 Thieves;2024/05/04
1;NRG Esports;1;2;Evil Geniuses;2024/04/28
2;NRG Esports;2;0;MIBR;2024/04/23
3;NRG Esports;0;2;Leviatán;2024/04/21
4;NRG Esports;2;0;FURIA;2024/04/14
5;NRG Esports;2;0;LOUD;2024/04/06
6;NRG Esports;1;2;Sentinels;2024/03/02
7;NRG Esports;2;0;Cloud9;2024/02/23
8;NRG Esports;2;0;FURIA;2024/02/16
9;NRG Esports;0;2;Bilibili Gaming;2023/08/13
10;NRG Esports;2;0;ZETA DIVISION;2023/08/11
11;NRG Esports;0;2;Bilibili Gaming;2023/08/08
12;NRG Esports;1;2;Paper Rex;2023/06/21
13;NRG Esports;2;1;Team Liquid;2023/06/20
14;NRG Esports;2;0;DRX;2023/06/18
15;NRG Esports;0;2;FNATIC;2023/06/17
16;NRG Esports;2;1;T1;2023/06/13
17;NRG Esports;2;1;Natus Vincere;2023/06/12
18;NRG Esports;0;3;LOUD;2023/05/28
19;NRG Esports;3;1;Evil Geniuses;2023/05/27
20;NRG Esports;2;1;Cloud9;2023/05/26
21;NRG Esports;2;0;FURIA;2023/05/25
22;NRG Esports;1;2;Evil Geniuses;2023/05/23
23;NRG Esports;2;0;Evil Geniuses;2023/05/18
24;NRG Esports;2;0;LOUD;2023/05/14
25;NRG Esports;2;1;FURIA;2023/05/08
26;NRG Esports;2;0;100 Thieves;2023/04/29
27;NRG Esports;2;0;KRÜ Esports;2023/04/25
28;NRG Esports;1;2;Cloud9;2023/04/23
29;NRG Esports;1;2;MIBR;2023/04/15
30;NRG Esports;2;0;Sentinels;2023/04/09
31;NRG Esports;0;2;Leviatán;2023/04/03
32;NRG Esports;1;2;LOUD;2023/02/19
33;NRG Esports;2;1;Giants Gaming;2023/02/17
34;NRG Esports;2;0;KOI;2023/02/13
35;NRG Esports;1;3;LOUD;2022/09/18
36;NRG Esports;3;2;DRX;2022/09/17
37;NRG Esports;0;2;LOUD;2022/09/16
38;NRG Esports;2;1;XSET;2022/09/12
39;NRG Esports;2;1;Team Liquid;2022/09/10
40;NRG Esports;2;1;LOUD;2022/09/02
41;NRG Esports;2;1;BOOM Esports;2022/09/01
42;NRG Esports;0;2;Cloud9;2022/08/11
43;NRG Esports;2;0;Evil Geniuses;2022/08/07
44;NRG Esports;1;2;100 Thieves;2022/08/05
45;NRG Esports;1;3;FunPlus Phoenix;2022/07/23
46;NRG Esports;1;2;Paper Rex;2022/07/22
47;NRG Esports;2;1;DRX;2022/07/17
48;NRG Esports;2;0;XSET;2022/07/15
49;NRG Esports;2;0;KRÜ Esports;2022/07/13
50;NRG Esports;2;1;LOUD;2022/07/12
51;NRG Esports;0;2;Guild Esports;2022/07/10
52;NRG Esports;1;3;XSET;2022/06/26
53;NRG Esports;1;2;FaZe Clan;2022/06/24
54;NRG Esports;3;1;XSET;2022/06/24
55;NRG Esports;2;1;Evil Geniuses;2022/06/19
56;NRG Esports;2;0;Evil Geniuses;2022/06/18
57;NRG Esports;2;0;Ghost Gaming;2022/06/17
58;NRG Esports;2;0;Luminosity;2022/06/12
59;NRG Esports;2;1;The Guard;2022/06/11
60;NRG Esports;0;2;100 Thieves;2022/06/05
61;NRG Esports;1;2;Evil Geniuses;2022/06/03
62;NRG Esports;0;2;Ghost Gaming;2022/05/29
63;NRG Esports;2;0;Sentinels;2022/05/28
64;NRG Esports;0;2;XSET;2022/05/22
65;NRG Esports;2;1;Cloud9;2022/05/22
66;NRG Esports;2;0;TSM;2022/05/15
67;NRG Esports;2;0;FaZe Clan;2022/05/14
68;NRG Esports;2;0;Version1;2022/04/30
69;NRG Esports;2;0;Knights;2022/04/30
70;NRG Esports;2;0;Zero MarksMen Black;2022/04/29
71;NRG Esports;2;0;Lenny Time;2022/04/29
72;NRG Esports;3;0;LOUD;2022/04/24
73;NRG Esports;3;0;ZETA DIVISION;2022/04/23
74;NRG Esports;1;2;LOUD;2022/04/22
75;NRG Esports;2;1;DRX;2022/04/17
76;NRG Esports;2;1;The Guard;2022/04/15
77;NRG Esports;2;0;XERXIA Esports;2022/04/13
78;NRG Esports;2;0;KRÜ Esports;2022/04/12
79;NRG Esports;0;2;XERXIA Esports;2022/04/10
80;NRG Esports;2;3;The Guard;2022/03/27
81;NRG Esports;2;0;The Guard;2022/03/25
82;NRG Esports;2;1;Cloud9;2022/03/19
83;NRG Esports;2;1;XSET;2022/03/17
84;NRG Esports;2;0;Knights;2022/03/13
85;NRG Esports;2;0;Rise;2022/03/11
86;NRG Esports;1;2;Version1;2022/03/06
87;NRG Esports;1;2;Knights;2022/03/05
88;NRG Esports;1;2;Version1;2022/02/27
89;NRG Esports;2;1;Sentinels;2022/02/26
90;NRG Esports;0;2;OpTic Gaming;2022/02/20
91;NRG Esports;1;2;Rise;2022/02/13
92;NRG Esports;1;2;Sentinels;2022/02/12
93;NRG Esports;0;2;XSET;2022/02/09
94;NRG Esports;2;1;Pioneers;2022/02/08
95;NRG Esports;1;0;Knights;2022/02/08
96;NRG Esports;2;0;Luminosity;2022/02/07
97;NRG Esports;1;0;Knights Academy;2022/02/07
98;NRG Esports;2;0;Team Rocket;2022/02/01
99;NRG Esports;2;0;Aspyre;2022/02/01
100;NRG Esports;2;0;Hugh Jass Construction;2022/01/31
101;NRG Esports;2;0;UAESA Green;2022/01/31
102;NRG Esports;2;0;Rise;2022/01/30
103;NRG Esports;2;0;Knights;2022/01/30
104;NRG Esports;2;1;Pioneers;2022/01/30
105;NRG Esports;0;2;XSET;2022/01/29
106;NRG Esports;2;0;Andbox;2022/01/28
107;NRG Esports;2;0;Cosmic Divide;2022/01/28
108;NRG Esports;2;0;Eclectiq;2022/01/27
109;NRG Esports;2;0;Rumor 2.0;2022/01/27
110;NRG Esports;1;2;Cloud9;2022/01/23
111;NRG Esports;2;0;Renegades;2022/01/22
112;NRG Esports;2;1;Built By Gamers;2022/01/21
113;NRG Esports;2;0;Radiance;2022/01/21
114;NRG Esports;1;0;DarkZero Esports;2022/01/20
115;NRG Esports;1;0;Stasis;2022/01/20
116;NRG Esports;1;2;X10 Esports;2021/12/07
117;NRG Esports;0;2;Acend;2021/12/06
118;NRG Esports;2;0;X10 Esports;2021/12/03
119;NRG Esports;1;2;XSET;2021/12/01
120;NRG Esports;2;0;ex-FLICKBAITERS;2021/11/30
121;NRG Esports;2;0;Renegades;2021/11/30
122;NRG Esports;2;1;SoaR;2021/11/30
123;NRG Esports;1;0;Elmerz Glue;2021/11/29
124;NRG Esports;1;0;Eclectiq;2021/11/29
125;NRG Esports;1;0;Nemesis;2021/11/29
126;NRG Esports;2;0;T1 Academy;2021/11/21
127;NRG Esports;0;2;Pioneers;2021/11/14
128;NRG Esports;2;0;Ghost Gaming;2021/11/13
129;NRG Esports;2;1;Akrew;2021/11/13
130;NRG Esports;2;0;The Mafia;2021/11/13
131;NRG Esports;2;0;Lenny Time;2021/11/11
132;NRG Esports;2;1;Disciples;2021/11/11
133;NRG Esports;0;3;Gambit Esports;2021/09/19
134;NRG Esports;2;0;100 Thieves;2021/09/18
135;NRG Esports;2;0;Sentinels;2021/09/17
136;NRG Esports;2;0;KRÜ Esports;2021/09/13
137;NRG Esports;2;0;Keyd Stars;2021/09/11
138;NRG Esports;1;3;Cloud9;2021/08/22
139;NRG Esports;2;1;Squirtle Squad;2021/08/21
140;NRG Esports;2;0;Complexity;2021/08/21
141;NRG Esports;2;1;Teal Seam;2021/08/20
142;NRG Esports;2;1;Evil Geniuses;2021/08/19
143;NRG Esports;2;0;YFP Gaming;2021/08/19
144;NRG Esports;2;3;100 Thieves;2021/08/14
145;NRG Esports;2;0;XSET;2021/08/13
146;NRG Esports;2;1;FaZe Clan;2021/08/12
147;NRG Esports;0;2;Sentinels;2021/08/11
148;NRG Esports;2;1;TSM;2021/08/11
149;NRG Esports;2;0;Obey Alliance;2021/08/10
150;NRG Esports;2;0;Good Fellas;2021/08/09
151;NRG Esports;0;2;FaZe Clan;2021/03/14
152;NRG Esports;2;1;Gen.G;2021/03/11
153;NRG Esports;0;2;Gen.G;2021/03/05
154;NRG Esports;1;2;FaZe Clan;2021/03/05
155;NRG Esports;2;1;100 Thieves;2021/03/04
156;NRG Esports;2;0;Demon Time;2021/02/27
157;NRG Esports;2;1;On The Way;2021/02/26
158;NRG Esports;2;0;Time In;2021/02/26
159;NRG Esports;2;0;VZN;2021/02/25
160;NRG Esports;2;0;Sac State Hornets;2021/02/25
161;NRG Esports;3;0;Sentinels;2021/02/23
162;NRG Esports;2;1;Immortals;2021/02/22
163;NRG Esports;2;1;Sentinels;2021/02/21
164;NRG Esports;2;0;XSET;2021/02/20
165;NRG Esports;2;0;Renegades;2021/02/14
166;NRG Esports;2;0;Spacestation Gaming;2021/02/12
167;NRG Esports;0;2;Andbox;2021/02/12
168;NRG Esports;2;0;FUNSNATCHERS;2021/02/12
169;NRG Esports;2;0;beastcoast;2021/02/12
170;NRG Esports;2;0;Archons;2021/02/11
171;NRG Esports;2;0;ANEW Esports;2021/02/11
172;NRG Esports;2;0;Pure;2021/02/11
173;NRG Esports;2;0;Aquatik;2021/02/11
174;NRG Esports;1;2;XSET;2021/02/05
175;NRG Esports;0;2;Luminosity;2021/02/05
176;NRG Esports;0;2;XSET;2021/02/04
177;NRG Esports;2;0;Andbox;2021/02/04
178;NRG Esports;0;2;Gen.G;2021/02/04
179;NRG Esports;1;3;Immortals;2021/01/31
180;NRG Esports;0;2;Envy;2021/01/30
181;NRG Esports;2;0;Luminosity;2021/01/29
182;NRG Esports;2;0;Gen.G;2021/01/29
183;NRG Esports;2;0;Carpe Noctem;2021/01/29
184;NRG Esports;2;0;Equinox Esports;2021/01/29
185;NRG Esports;2;1;Dignitas;2021/01/28
186;NRG Esports;2;0;Roosters;2021/01/28
187;NRG Esports;2;0;BLAHAJ;2021/01/27
188;NRG Esports;2;0;Take Flyte;2021/01/27
189;NRG Esports;2;0;VIRTUOSO;2021/01/27
190;NRG Esports;2;0;Sac State Hornets;2021/01/27
191;NRG Esports;1;2;Luminosity;2021/01/16
192;NRG Esports;1;2;Sentinels;2021/01/16
193;NRG Esports;2;1;XSET;2021/01/15
194;NRG Esports;2;1;Sentinels;2021/01/15
195;NRG Esports;2;0;Team 2D;2021/01/14
196;NRG Esports;2;0;Moon Raccoons;2021/01/13
197;NRG Esports;1;2;Built By Gamers;2021/01/10
198;NRG Esports;2;1;Renegades;2021/01/09
199;NRG Esports;1;0;Prospects;2021/01/09
200;NRG Esports;2;1;Built By Gamers;2020/12/27
