;equipe;placar_casa;placar_visita;time_visita;data
0;BOBO;2;0;EDGE;2024/06/11
1;BOBO;0;2;Arena Internet Cafe;2024/06/10
2;BOBO;2;0;Peace And Love;2024/06/07
3;BOBO;2;0;Xu Gang;2024/06/06
4;BOBO;1;2;JFT;2024/04/30
5;BOBO;2;1;EDGE;2024/04/25
6;BOBO;2;1;iPGN;2024/04/24
7;BOBO;1;2;EDGE;2024/04/11
8;BOBO;2;1;Arena Internet Cafe;2024/03/28
9;BOBO;2;1;Arcade Esports;2024/03/26
10;BOBO;2;0;After Life Esports;2024/03/25
11;BOBO;1;2;FOCUSGG;2024/03/10
12;BOBO;2;1;Arcade Esports;2024/03/06
13;BOBO;2;0;LAZYTOWN;2024/03/05
14;BOBO;2;3;95x Esports;2023/03/12
15;BOBO;2;0;HONEY BADGERS;2023/03/11
16;BOBO;0;2;95x Esports;2023/03/10
17;BOBO;2;0;HONEY BADGERS;2023/03/08
18;BOBO;2;0;Next Gen;2023/03/07
19;BOBO;2;0;Funcrew;2022/07/08
20;BOBO;2;1;REIGN;2022/07/06
21;BOBO;0;3;ORDER;2022/05/22
22;BOBO;2;0;REIGN;2022/05/21
23;BOBO;0;2;ORDER;2022/05/20
24;BOBO;2;1;REIGN;2022/05/15
25;BOBO;2;1;Mindfreak;2022/05/13
26;BOBO;2;3;HONEY BADGERS;2022/05/10
27;BOBO;2;0;REIGN;2022/05/09
28;BOBO;2;0;HONEY BADGERS;2022/05/08
29;BOBO;2;0;KRAKEN ESC;2022/05/03
30;BOBO;2;1;Catgirls;2022/05/01
31;BOBO;2;1;REIGN;2022/04/30
32;BOBO;2;0;Gungahlin Warriors;2022/04/25
33;BOBO;2;0;Funcrew;2022/04/19
