;equipe;placar_casa;placar_visita;time_visita;data
0;Team Falcons Vega;0;3;G2 Gozen;2024/06/17
1;Team Falcons Vega;3;1;GIANTX GC;2024/06/16
2;Team Falcons Vega;2;0;NASR Ignite;2024/06/15
3;Team Falcons Vega;2;0;BBL Queens;2024/06/14
4;Team Falcons Vega;2;0;Odd 1 OUT;2024/06/12
5;Team Falcons Vega;1;2;G2 Gozen;2024/06/10
6;Team Falcons Vega;2;0;GIANTX GC;2024/06/04
7;Team Falcons Vega;2;0;FOKUS Sakura;2024/06/02
8;Team Falcons Vega;0;2;NASR Ignite;2024/05/26
9;Team Falcons Vega;1;2;Karmine Corp GC;2024/05/24
10;Team Falcons Vega;3;0;Twisted Minds Orchid;2024/04/30
11;Team Falcons Vega;2;0;Twisted Minds Orchid;2024/04/29
12;Team Falcons Vega;2;0;The Ultimates Odyssey;2024/04/27
13;Team Falcons Vega;2;0;Gamax Lite;2024/04/20
14;Team Falcons Vega;2;1;The Ultimates Odyssey;2024/04/20
15;Team Falcons Vega;2;0;Twisted Minds Orchid;2024/04/19
16;Team Falcons Vega;2;0;R8 Blue;2024/04/19
17;Team Falcons Vega;2;0;Dragons Esports Women;2024/04/18
18;Team Falcons Vega;2;0;AEX-1 Nova;2023/08/04
19;Team Falcons Vega;2;1;FOKUS Sakura;2023/08/03
20;Team Falcons Vega;2;1;MAD Lions LAURË;2023/08/02
21;Team Falcons Vega;2;0;Frogs on Fire;2023/08/02
22;Team Falcons Vega;2;0;5TAR Eclipse;2023/08/01
23;Team Falcons Vega;2;0;Alien Acht;2023/08/01
24;Team Falcons Vega;1;2;Vengeance;2023/07/31
25;Team Falcons Vega;3;0;NASR Ignite;2023/07/24
26;Team Falcons Vega;2;0;GnG Amazigh White;2023/07/23
27;Team Falcons Vega;3;0;Anexo Supernova;2023/07/14
