;equipe;placar_casa;placar_visita;time_visita;data
0;DarkZero Esports;2;1;YFP Gaming;2024/06/12
1;DarkZero Esports;2;0;Moist x Shopify;2024/06/04
2;DarkZero Esports;2;1;QoR;2024/05/31
3;DarkZero Esports;0;2;Oxygen Esports;2024/05/19
4;DarkZero Esports;2;0;M80;2024/05/18
5;DarkZero Esports;2;1;Blinn;2024/05/17
6;DarkZero Esports;2;1;M80;2024/04/19
7;DarkZero Esports;2;0;TSM;2024/04/10
8;DarkZero Esports;2;1;SaD Esports;2024/04/05
9;DarkZero Esports;0;2;Winthrop University;2024/03/29
10;DarkZero Esports;2;1;Dough Bros;2024/03/21
11;DarkZero Esports;1;2;SaD Esports;2023/12/09
12;DarkZero Esports;2;0;Torch;2023/12/09
13;DarkZero Esports;2;0;glip;2023/11/16
14;DarkZero Esports;2;0;IlluZion;2023/11/16
15;DarkZero Esports;2;1;Let Us Cook;2023/11/15
16;DarkZero Esports;2;0;SaD Purple;2023/11/15
17;DarkZero Esports;2;0;1Millisecond;2023/11/15
18;DarkZero Esports;2;1;special grade;2023/11/14
19;DarkZero Esports;1;2;Oxygen Esports;2023/11/04
20;DarkZero Esports;2;1;Argon Black;2023/10/22
21;DarkZero Esports;2;0;Version1;2023/10/22
22;DarkZero Esports;2;1;Let Us Cook;2023/10/21
23;DarkZero Esports;2;1;goth boy clique;2023/10/21
24;DarkZero Esports;2;0;Torch;2023/10/21
25;DarkZero Esports;2;0;ImPerium Vancuverii;2023/10/20
26;DarkZero Esports;1;2;special grade;2023/10/20
27;DarkZero Esports;2;0;of uh uh;2023/10/20
28;DarkZero Esports;0;2;BackOutsideBoys;2023/10/15
29;DarkZero Esports;2;0;BackOutsideBoys;2023/10/14
30;DarkZero Esports;2;0;Torch;2023/10/13
31;DarkZero Esports;2;0;Feel the Wood;2023/10/12
32;DarkZero Esports;2;1;Moist x Shopify;2023/10/07
33;DarkZero Esports;2;0;Mochi Fanclub;2023/10/07
34;DarkZero Esports;2;0;BTR Fanclub;2023/10/07
35;DarkZero Esports;1;0;Sway eSports;2023/10/03
36;DarkZero Esports;1;0;Pug Squad;2023/10/03
37;DarkZero Esports;1;2;YFP Gaming;2023/09/23
38;DarkZero Esports;2;0;Predator X Gaming;2023/09/23
39;DarkZero Esports;2;0;Tedward Gaming;2023/09/21
40;DarkZero Esports;2;0;RMU Colonials;2023/09/21
41;DarkZero Esports;1;2;Moist x Shopify;2023/08/30
42;DarkZero Esports;2;0;Blinn;2023/08/30
43;DarkZero Esports;2;0;Ambrosia;2023/08/29
44;DarkZero Esports;2;1;Cuddle Gang;2023/08/29
45;DarkZero Esports;2;0;Nearest Airport;2023/08/28
46;DarkZero Esports;2;0;Ottawa Braves;2023/08/28
47;DarkZero Esports;2;0;OREsports;2023/06/04
48;DarkZero Esports;2;0;MAD Lions;2023/06/04
49;DarkZero Esports;0;2;Shopify Rebellion;2023/05/17
50;DarkZero Esports;2;1;TSM;2023/05/10
51;DarkZero Esports;2;1;Disguised;2023/05/03
52;DarkZero Esports;2;1;Oxygen Esports;2023/04/26
53;DarkZero Esports;0;2;M80;2023/04/18
54;DarkZero Esports;1;2;Oxygen Esports;2023/03/17
55;DarkZero Esports;2;0;G2 Esports;2023/03/09
56;DarkZero Esports;2;0;Moist Moguls;2023/02/27
57;DarkZero Esports;1;2;FaZe Clan;2023/02/10
58;DarkZero Esports;0;2;Shopify Rebellion;2023/02/03
59;DarkZero Esports;2;0;OREsports;2023/01/21
60;DarkZero Esports;2;1;The Nation;2023/01/19
61;DarkZero Esports;2;1;YFP Gaming;2023/01/19
62;DarkZero Esports;2;0;Rat Attack;2023/01/18
63;DarkZero Esports;2;1;Team Reckaroo;2023/01/18
64;DarkZero Esports;2;0;skoll;2023/01/18
65;DarkZero Esports;2;0;PFluxuate;2023/01/17
66;DarkZero Esports;2;0;ROSE;2023/01/17
67;DarkZero Esports;2;0;CAT MAID BOYS;2023/01/15
68;DarkZero Esports;2;0;Crownless;2023/01/15
69;DarkZero Esports;2;1;CAT MAID BOYS;2023/01/14
70;DarkZero Esports;2;0;Hyperactive;2023/01/14
71;DarkZero Esports;0;2;The Ganaccis;2023/01/11
72;DarkZero Esports;1;2;Disguised;2023/01/10
73;DarkZero Esports;2;0;VIRTUOSO;2023/01/10
74;DarkZero Esports;2;0;Legion;2023/01/09
75;DarkZero Esports;2;0;Davenport University;2023/01/09
76;DarkZero Esports;2;0;UW Madison Red;2023/01/09
77;DarkZero Esports;2;1;Kitten Shelter;2022/12/21
78;DarkZero Esports;2;1;No future life is over;2022/12/21
79;DarkZero Esports;2;1;Project VII;2022/12/20
80;DarkZero Esports;2;0;Des Moines DMG;2022/12/20
81;DarkZero Esports;2;0;Royal Pekingese;2022/12/19
82;DarkZero Esports;1;0;Realism Esports Black;2022/12/19
83;DarkZero Esports;0;1;Mad Science;2022/12/19
84;DarkZero Esports;1;0;Team Fish Taco;2022/12/19
85;DarkZero Esports;1;2;Nearest Airport;2022/07/20
86;DarkZero Esports;2;1;VIRTUOSO;2022/07/19
87;DarkZero Esports;2;0;H34DHUNT3RZ;2022/07/19
88;DarkZero Esports;2;1;Akrew;2022/07/18
89;DarkZero Esports;1;0;DawN;2022/07/18
90;DarkZero Esports;0;1;Project VII;2022/07/18
91;DarkZero Esports;1;0;Baby Ekko;2022/07/18
92;DarkZero Esports;0;2;Akrew;2022/07/13
93;DarkZero Esports;2;0;Teal Seam;2022/07/12
94;DarkZero Esports;2;0;Solstice Esports;2022/07/12
95;DarkZero Esports;2;0;Avengers;2022/07/11
96;DarkZero Esports;1;0;Team Revenge;2022/07/11
97;DarkZero Esports;1;0;5IQ;2022/07/11
98;DarkZero Esports;2;1;The Guard;2022/07/07
99;DarkZero Esports;0;2;Knights Academy;2022/07/07
100;DarkZero Esports;2;0;Lycus Empire;2022/07/06
101;DarkZero Esports;2;1;Mad Science;2022/07/06
102;DarkZero Esports;2;0;Team Mystic;2022/07/05
103;DarkZero Esports;1;0;Levitate;2022/07/05
104;DarkZero Esports;1;0;Bald Babies;2022/07/05
105;DarkZero Esports;2;1;together we are terrific;2022/06/29
106;DarkZero Esports;2;1;Oxygen Academy;2022/06/29
107;DarkZero Esports;2;1;Version1;2022/06/28
108;DarkZero Esports;2;1;Elysium;2022/06/28
109;DarkZero Esports;1;0;Gen.G;2022/06/27
110;DarkZero Esports;1;0;Mad Science;2022/06/27
111;DarkZero Esports;0;2;Sentinels;2022/05/07
112;DarkZero Esports;0;2;Knights;2022/05/07
113;DarkZero Esports;2;0;VIRTUOSO;2022/05/06
114;DarkZero Esports;2;1;Cloud9 White;2022/05/06
115;DarkZero Esports;0;2;Knights;2022/04/30
116;DarkZero Esports;2;0;VIRTUOSO;2022/04/30
117;DarkZero Esports;2;1;Akrew;2022/04/30
118;DarkZero Esports;2;1;Ghost Gaming;2022/04/29
119;DarkZero Esports;0;2;Evil Geniuses;2022/04/29
120;DarkZero Esports;2;0;DawN;2022/04/28
121;DarkZero Esports;2;0;Ego peekers;2022/04/28
122;DarkZero Esports;0;2;Soniqs;2022/04/20
123;DarkZero Esports;1;0;Able Esports;2022/04/20
124;DarkZero Esports;1;0;IlluZion;2022/04/20
125;DarkZero Esports;1;0;YFP Gaming;2022/04/20
126;DarkZero Esports;0;2;BASILISK;2022/04/11
127;DarkZero Esports;1;0;Lenny Time;2022/04/11
128;DarkZero Esports;1;0;Argon Esports;2022/04/11
129;DarkZero Esports;1;2;Zero MarksMen Black;2022/04/05
130;DarkZero Esports;2;0;Teal Seam;2022/04/05
131;DarkZero Esports;2;0;Lenny Time;2022/04/04
132;DarkZero Esports;2;0;Ahjin;2022/04/04
133;DarkZero Esports;2;0;TideWater Esports;2022/04/04
134;DarkZero Esports;1;2;T1;2022/03/22
135;DarkZero Esports;2;0;Boba Boys;2022/03/22
136;DarkZero Esports;2;1;Run it Down;2022/03/22
137;DarkZero Esports;1;0;Zero MarksMen Silver;2022/03/21
138;DarkZero Esports;1;0;Position A;2022/03/21
139;DarkZero Esports;0;2;FaZe Clan;2022/03/14
140;DarkZero Esports;2;0;Teal Seam;2022/03/10
141;DarkZero Esports;1;2;Nearest Airport;2022/03/09
142;DarkZero Esports;2;1;FaZe Clan;2022/03/09
143;DarkZero Esports;2;1;Thanos Mug Academy;2022/03/08
144;DarkZero Esports;2;0;Aspyre;2022/03/08
145;DarkZero Esports;1;2;Andbox;2022/02/24
146;DarkZero Esports;2;0;Run it Down;2022/02/23
147;DarkZero Esports;1;0;Cosmic Divide;2022/02/23
148;DarkZero Esports;1;0;Exotic;2022/02/23
149;DarkZero Esports;1;2;Team Rocket;2022/02/03
150;DarkZero Esports;2;0;James Madison University;2022/02/03
151;DarkZero Esports;0;2;Version1;2022/02/01
152;DarkZero Esports;2;0;GunsForHire;2022/02/01
153;DarkZero Esports;2;0;Zero MarksMen Silver;2022/02/01
154;DarkZero Esports;1;2;Team Rocket;2022/01/31
155;DarkZero Esports;2;0;SNHU Blue;2022/01/31
156;DarkZero Esports;0;2;BASILISK;2022/01/28
157;DarkZero Esports;1;2;Knights;2022/01/28
158;DarkZero Esports;2;0;RUSH;2022/01/27
159;DarkZero Esports;2;0;Bún bò Huế;2022/01/27
160;DarkZero Esports;0;2;Pioneers;2022/01/21
161;DarkZero Esports;2;0;Knights Academy;2022/01/20
162;DarkZero Esports;0;1;NRG Esports;2022/01/20
163;DarkZero Esports;1;0;Knights Academy;2022/01/20
164;DarkZero Esports;1;2;Third Impact;2022/01/18
165;DarkZero Esports;2;0;Zero MarksMen Black;2022/01/17
166;DarkZero Esports;1;0;SHIKIGAMI;2022/01/17
167;DarkZero Esports;0;1;Team Reckaroo;2022/01/17
168;DarkZero Esports;1;0;SHIKIGAMI;2022/01/17
169;DarkZero Esports;1;2;Evil Geniuses;2021/11/30
170;DarkZero Esports;0;1;Project A;2021/11/29
171;DarkZero Esports;1;0;CLG Red;2021/11/29
172;DarkZero Esports;1;0;ex-Serenity Black;2021/11/29
173;DarkZero Esports;0;2;YFP Gaming;2021/11/22
174;DarkZero Esports;1;0;Spectral Esports Blue;2021/11/22
175;DarkZero Esports;0;1;Elmerz Glue;2021/11/22
176;DarkZero Esports;1;0;One Percent;2021/11/22
177;DarkZero Esports;0;2;Radiance;2021/11/16
178;DarkZero Esports;2;0;BIG BOY'S CLUB;2021/11/16
179;DarkZero Esports;1;0;Team Reckaroo;2021/11/15
180;DarkZero Esports;1;0;Echo Alternative;2021/11/15
181;DarkZero Esports;1;0;Cloud9 White;2021/11/15
182;DarkZero Esports;0;2;Built By Gamers;2021/11/13
183;DarkZero Esports;2;0;Project A;2021/11/13
184;DarkZero Esports;2;1;FLICKBAITERS;2021/11/11
185;DarkZero Esports;2;0;FLu Esports;2021/11/11
186;DarkZero Esports;0;2;Version1;2021/11/09
187;DarkZero Esports;2;1;Evil Geniuses;2021/11/09
188;DarkZero Esports;2;1;The Mafia;2021/11/08
189;DarkZero Esports;1;0;Rock Bottom;2021/11/08
190;DarkZero Esports;1;0;Team Reckaroo;2021/11/08
191;DarkZero Esports;1;0;Knights Academy;2021/11/08
192;DarkZero Esports;0;2;The Mafia;2021/11/02
193;DarkZero Esports;2;1;Immortals;2021/11/02
194;DarkZero Esports;2;0;ex-Serenity Black;2021/11/01
195;DarkZero Esports;1;0;Spectral Purple;2021/11/01
196;DarkZero Esports;1;0;Team Reckaroo;2021/11/01
197;DarkZero Esports;1;0;Time Out;2021/11/01
198;DarkZero Esports;1;2;Immortals;2021/10/09
199;DarkZero Esports;1;0;Elysium;2021/10/09
200;DarkZero Esports;1;0;Ahjin;2021/10/09
201;DarkZero Esports;1;0;Team Volted;2021/10/09
202;DarkZero Esports;1;0;Hyperspace Dark;2021/10/09
203;DarkZero Esports;2;0;Complexity;2021/09/28
204;DarkZero Esports;0;2;TSM Academy;2021/09/28
205;DarkZero Esports;2;1;Squirtle Squad;2021/09/28
206;DarkZero Esports;2;1;DIVIZE;2021/09/27
207;DarkZero Esports;1;0;Serenity Black;2021/09/27
208;DarkZero Esports;1;0;Team Volted;2021/09/27
209;DarkZero Esports;0;2;The Silk Road;2021/09/11
210;DarkZero Esports;1;0;ex-Recon 5;2021/09/11
211;DarkZero Esports;0;1;Soniqs;2021/09/11
212;DarkZero Esports;1;0;Lenny Time;2021/09/11
213;DarkZero Esports;0;1;Andbox;2021/08/28
214;DarkZero Esports;1;0;Last Round Save;2021/08/28
215;DarkZero Esports;0;2;DIVIZE;2021/08/28
216;DarkZero Esports;2;0;All Around Savants;2021/08/28
217;DarkZero Esports;0;2;Ghost Gaming;2021/08/18
218;DarkZero Esports;2;0;Kowareta;2021/08/18
219;DarkZero Esports;0;2;Ghost Gaming;2021/08/18
220;DarkZero Esports;1;2;TSM;2021/07/24
221;DarkZero Esports;2;1;Knights;2021/07/23
222;DarkZero Esports;2;1;Last Round Save;2021/07/23
223;DarkZero Esports;2;0;FIU;2021/07/22
224;DarkZero Esports;2;0;PSISTORM;2021/07/22
225;DarkZero Esports;0;2;NRG Esports;2021/07/12
226;DarkZero Esports;1;0;Last Round Save;2021/07/12
227;DarkZero Esports;0;1;Squirtle Squad;2021/07/12
228;DarkZero Esports;1;0;Team Avalanche;2021/07/12
229;DarkZero Esports;0;2;YFP Gaming;2021/07/06
230;DarkZero Esports;2;0;Cosmic Divide;2021/07/06
231;DarkZero Esports;2;0;Squirtle Squad;2021/07/06
232;DarkZero Esports;2;1;Zero MarksMen;2021/07/05
233;DarkZero Esports;1;0;TradeLikePros;2021/07/05
234;DarkZero Esports;1;0;Reborn;2021/07/05
235;DarkZero Esports;1;2;XSET;2021/07/03
236;DarkZero Esports;2;1;FaZe Clan;2021/07/02
237;DarkZero Esports;2;0;CoT;2021/07/01
238;DarkZero Esports;2;0;Night Raid;2021/07/01
