;equipe;placar_casa;placar_visita;time_visita;data
0;M80;2;1;FLUFFY AIMERS;2024/06/19
1;M80;2;0;QoR;2024/06/14
2;M80;0;2;Blinn;2024/06/05
3;M80;0;2;Oxygen Esports;2024/05/29
4;M80;0;2;Turtle Troop;2024/05/18
5;M80;2;1;TSM;2024/05/17
6;M80;1;2;Turtle Troop;2024/04/19
7;M80;2;0;Winthrop University;2024/04/12
8;M80;2;0;Dough Bros;2024/04/04
9;M80;2;0;SaD Esports;2024/03/27
10;M80;2;0;TSM;2024/03/20
11;M80;1;3;The Guard;2023/07/09
12;M80;2;0;The Union;2023/07/08
13;M80;2;0;9z Team;2023/07/08
14;M80;2;0;00Nation;2023/07/05
15;M80;0;2;The Guard;2023/07/04
16;M80;2;0;9z Team;2023/07/03
17;M80;2;0;FUSION;2023/07/01
18;M80;0;2;The Union;2023/06/30
19;M80;3;1;The Guard;2023/06/10
20;M80;2;0;Moist Moguls;2023/06/08
21;M80;2;0;Oxygen Esports;2023/06/02
22;M80;2;0;Shopify Rebellion;2023/05/31
23;M80;2;1;Oxygen Esports;2023/05/16
24;M80;2;0;Disguised;2023/05/12
25;M80;0;2;Shopify Rebellion;2023/05/04
26;M80;2;1;TSM;2023/04/28
27;M80;2;0;Turtle Troop;2023/04/18
28;M80;3;1;G2 Esports;2023/03/31
29;M80;2;1;The Guard;2023/03/29
30;M80;2;1;Moist Moguls;2023/03/24
31;M80;2;0;Disguised;2023/03/22
32;M80;0;2;The Guard;2023/03/15
33;M80;2;0;Disguised;2023/03/08
34;M80;2;0;MAD Lions;2023/03/01
35;M80;2;0;TSM;2023/02/09
36;M80;2;1;OREsports;2023/02/03
37;M80;2;0;TSM Academy;2022/08/21
38;M80;2;0;NSIC;2022/08/21
39;M80;2;0;VIRTUOSO;2022/08/21
40;M80;2;0;Cosmic Divide;2022/08/20
41;M80;2;1;Teal Seam;2022/08/20
42;M80;2;1;Soniqs;2022/08/19
43;M80;2;0;HighRollers;2022/08/19
44;M80;2;0;Nightblood Gaming;2022/08/18
45;M80;2;0;Team ZA;2022/08/18
46;M80;0;2;NRG Esports;2022/06/17
47;M80;0;2;Evil Geniuses;2022/06/16
48;M80;2;0;100 Thieves;2022/06/11
49;M80;2;0;TSM;2022/06/04
50;M80;2;0;NRG Esports;2022/05/29
51;M80;2;1;The Guard;2022/05/20
52;M80;0;2;XSET;2022/05/14
53;M80;2;0;Knights;2022/05/08
54;M80;2;0;Built By Gamers Academy;2022/05/08
55;M80;2;1;NYFU;2022/05/07
56;M80;2;0;Complexity;2022/05/07
57;M80;2;0;BASILISK;2022/05/07
58;M80;1;2;Evil Geniuses;2022/05/06
59;M80;2;0;Zero MarksMen Black;2022/05/06
60;M80;2;0;IlluZion;2022/05/05
61;M80;2;0;Area of Effect;2022/05/05
62;M80;1;2;DarkZero Esports;2022/04/29
63;M80;0;2;BASILISK;2022/04/29
64;M80;2;0;Nation Gaming;2022/04/28
65;M80;2;0;Team Opulence Black;2022/04/28
66;M80;2;0;TSM;2022/04/21
67;M80;2;0;Knights;2022/04/21
68;M80;2;0;Clanless;2022/04/21
69;M80;2;0;Built By Gamers Academy;2022/04/20
70;M80;1;0;Toms Kittens;2022/04/20
71;M80;1;0;ONi;2022/04/20
72;M80;1;0;Team Reckaroo;2022/04/20
73;M80;2;0;Complexity;2022/03/23
74;M80;2;0;T1;2022/03/23
75;M80;2;0;Lenny Time;2022/03/22
76;M80;2;0;Zero MarksMen Black;2022/03/22
77;M80;2;0;Gen.G;2022/03/22
78;M80;2;0;Glueface;2022/03/21
79;M80;0;1;Moon Raccoons;2022/03/21
80;M80;1;0;Valkyrie;2022/03/21
81;M80;1;2;Pioneers;2022/02/05
82;M80;1;2;Evil Geniuses;2022/02/05
83;M80;2;1;TSM;2022/02/04
84;M80;2;1;FaZe Clan;2022/02/04
85;M80;2;0;CLG Red;2022/02/03
86;M80;2;0;5 of a Kind;2022/02/03
87;M80;1;2;Moon Raccoons;2022/02/01
88;M80;2;0;Shopify Rebellion GC;2022/02/01
89;M80;2;0;Teal Seam;2022/01/31
90;M80;2;0;Akave Esports;2022/01/31
91;M80;1;2;Cosmic Divide;2022/01/28
92;M80;0;2;Andbox;2022/01/28
93;M80;2;0;Green Beans;2022/01/27
94;M80;2;0;Divided Sons;2022/01/27
95;M80;0;2;Cloud9;2022/01/22
96;M80;2;0;Pioneers;2022/01/21
97;M80;2;1;TSM Academy;2022/01/21
98;M80;2;0;BASILISK;2022/01/20
99;M80;0;1;SoaR;2022/01/20
100;M80;1;0;Team Reckaroo;2022/01/20
101;M80;0;2;Knights;2021/11/17
102;M80;2;0;Kowareta;2021/11/16
103;M80;2;0;Soniqs;2021/11/16
104;M80;2;1;SoaR;2021/11/16
105;M80;1;0;Team Ambition Shattered;2021/11/15
106;M80;1;0;Waverunners;2021/11/15
107;M80;0;1;BASILISK;2021/11/15
108;M80;0;2;NRG Esports;2021/11/13
109;M80;2;1;Soniqs;2021/11/13
110;M80;2;0;Time Out;2021/11/13
111;M80;2;0;Actually Homeless;2021/11/11
112;M80;2;0;Peek Performance;2021/11/11
113;M80;0;2;TSM Academy;2021/11/09
114;M80;2;0;Zero MarksMen Black;2021/11/08
115;M80;1;0;Elevate;2021/11/08
116;M80;0;1;Knights;2021/11/08
117;M80;1;0;CLG Red;2021/11/08
118;M80;1;2;Soniqs;2021/10/25
119;M80;1;0;Akrew;2021/10/25
120;M80;1;0;Time Out;2021/10/25
121;M80;1;0;Team Volted;2021/10/25
122;M80;0;2;Complexity;2021/10/18
123;M80;1;0;Dead Silence;2021/10/18
124;M80;1;0;Most Prolific;2021/10/18
125;M80;0;2;The Mafia;2021/10/09
126;M80;1;0;Team Volted;2021/10/09
127;M80;1;0;SUPER SQUAD;2021/10/09
128;M80;1;0;Nascent United;2021/10/09
129;M80;1;0;Rock Bottom;2021/10/09
130;M80;1;2;Knights;2021/08/31
131;M80;2;1;Soniqs;2021/08/30
132;M80;2;0;Zero MarksMen Black;2021/08/30
133;M80;0;1;The Mafia;2021/08/30
134;M80;1;0;Zero MarksMen Black;2021/08/30
135;M80;0;1;DIVIZE;2021/08/29
136;M80;1;0;YFP Gaming;2021/08/29
137;M80;1;0;Kowareta;2021/08/29
138;M80;1;0;Lenny Time;2021/08/28
139;M80;1;0;Obey Alliance;2021/08/28
140;M80;1;0;Time Out;2021/08/28
141;M80;0;2;Kowareta;2021/08/28
142;M80;0;2;Complexity;2021/08/20
143;M80;2;0;DarkZero Esports;2021/08/18
144;M80;0;2;ez5;2021/08/18
145;M80;2;0;DarkZero Esports;2021/08/18
146;M80;2;0;Knights;2021/07/29
147;M80;2;0;DIVIZE;2021/07/29
148;M80;2;0;Ahjin;2021/07/29
149;M80;2;0;Big Baller Brand;2021/07/28
150;M80;1;0;DNADIFF;2021/07/28
151;M80;0;2;FaZe Clan;2021/07/24
152;M80;2;0;Soniqs;2021/07/23
153;M80;2;0;ez5;2021/07/23
154;M80;2;0;Frag Hunters;2021/07/22
155;M80;2;0;White Lotus;2021/07/22
156;M80;0;2;Cosmic Divide;2021/07/20
157;M80;2;1;VIRTUOSO;2021/07/20
158;M80;2;0;Big Frames;2021/07/20
159;M80;2;1;YFP Gaming;2021/07/19
160;M80;1;0;Teal Seam;2021/07/19
161;M80;1;0;the gu krew;2021/07/19
162;M80;0;2;YFP Gaming;2021/07/13
163;M80;2;0;Fenrir;2021/07/13
164;M80;2;0;OOKERS;2021/07/12
165;M80;1;0;Fortnite Fraggers;2021/07/12
166;M80;1;0;Thrifty;2021/07/12
167;M80;1;2;T1;2021/07/02
168;M80;2;0;Zero MarksMen;2021/07/01
169;M80;2;0;God Given;2021/07/01
170;M80;1;2;Renegades;2021/06/15
171;M80;2;0;Sbread Gaming;2021/06/15
172;M80;2;1;FPL-C;2021/06/14
173;M80;1;0;Take Flyte;2021/06/14
174;M80;0;2;Sum 2 Prove;2021/05/11
175;M80;2;1;Renegades;2021/05/10
176;M80;1;0;Take Flyte;2021/05/10
177;M80;1;0;Frontline Esports;2021/05/10
178;M80;0;2;On The Way;2021/04/16
179;M80;2;0;Meant 2 Be;2021/04/15
180;M80;2;0;Neutralize Reborn;2021/04/15
181;M80;1;2;Envy;2021/04/03
182;M80;2;1;Kooky Koalas;2021/04/02
183;M80;2;0;FREELO;2021/04/01
184;M80;2;0;Boosted Immortals;2021/04/01
185;M80;0;2;Cloud9;2021/03/28
186;M80;2;0;Dignitas;2021/03/27
187;M80;2;1;Spacestation Gaming;2021/03/27
188;M80;1;0;shm0ney;2021/03/27
189;M80;1;2;Cloud9;2021/02/26
190;M80;2;1;Spotlight;2021/02/26
191;M80;2;0;Radiant Roombas;2021/02/25
192;M80;2;0;ALL GAS NO BRAKES;2021/02/25
193;M80;0;2;100 Thieves;2021/02/12
194;M80;2;0;Complexity;2021/02/12
195;M80;2;1;Big Backwoods;2021/02/11
196;M80;2;0;THE FIVE EMPERORS;2021/02/11
197;M80;1;2;Cloud9;2021/01/28
198;M80;2;0;Sakura Storm;2021/01/28
199;M80;2;0;ACE;2021/01/27
200;M80;0;2;Cloud9;2021/01/15
201;M80;2;1;eUnited;2021/01/14
202;M80;0;2;Equinox Esports;2021/01/14
