;equipe;placar_casa;placar_visita;time_visita;data
0;9z Team;2;0;OXEN;2024/06/19
1;9z Team;2;1;All Knights;2024/06/18
2;9z Team;0;2;All Knights;2024/06/12
3;9z Team;2;0;Zen eSports;2024/06/04
4;9z Team;2;0;Furious Gaming;2024/05/28
5;9z Team;2;0;XSOUL;2024/05/15
6;9z Team;1;2;OXEN;2024/05/14
7;9z Team;3;2;All Knights;2024/04/03
8;9z Team;2;1;All Knights;2024/03/27
9;9z Team;2;0;Furious Gaming;2024/03/26
10;9z Team;0;2;All Knights;2024/03/12
11;9z Team;2;0;XSOUL;2024/03/05
12;9z Team;1;2;OXEN;2024/02/28
13;9z Team;2;1;Nottingham Miedo;2024/02/27
14;9z Team;2;0;Furious Gaming;2024/02/21
15;9z Team;3;2;OXEN;2023/12/09
16;9z Team;2;0;All Knights;2023/12/07
17;9z Team;2;0;Globant Emerald Team;2023/12/01
18;9z Team;2;1;OXEN;2023/11/29
19;9z Team;2;1;Rebirth Esports;2023/11/28
20;9z Team;2;1;OXEN;2023/11/26
21;9z Team;2;0;Rebirth Esports;2023/11/25
22;9z Team;2;1;SMOOTHIE;2023/11/24
23;9z Team;2;0;All Knights;2023/10/16
24;9z Team;2;0;frequency;2023/10/15
25;9z Team;2;0;Nottingham Miedo;2023/10/14
26;9z Team;0;2;M80;2023/07/08
27;9z Team;2;0;FUSION;2023/07/05
28;9z Team;0;2;M80;2023/07/03
29;9z Team;0;2;The Guard;2023/07/02
30;9z Team;0;2;00Nation;2023/06/30
31;9z Team;3;0;FUSION;2023/06/11
32;9z Team;3;0;All Knights;2023/06/10
33;9z Team;3;1;Furious Gaming;2023/05/30
34;9z Team;1;2;All Knights;2023/05/22
35;9z Team;2;1;All Knights;2023/05/17
36;9z Team;2;0;EBRO Gaming;2023/05/12
37;9z Team;2;0;INFINITY;2023/05/11
38;9z Team;0;2;Optix;2023/05/04
39;9z Team;2;1;Furious Gaming;2023/04/28
40;9z Team;3;0;INFINITY;2023/03/30
41;9z Team;2;0;All Knights;2023/03/23
42;9z Team;2;1;All Knights;2023/03/15
43;9z Team;2;0;Furious Gaming;2023/03/14
44;9z Team;2;1;INFINITY;2023/03/09
45;9z Team;2;0;EBRO Gaming;2023/03/08
46;9z Team;2;0;Optix;2023/02/28
47;9z Team;2;0;INFINITY;2023/02/07
48;9z Team;1;0;EBRO Gaming;2023/02/07
49;9z Team;1;0;Optix;2023/02/06
50;9z Team;1;0;All Knights;2023/02/06
51;9z Team;1;0;SunXet Club;2022/10/23
52;9z Team;2;1;OXEN;2022/10/16
53;9z Team;2;0;Team Lithium;2022/10/16
54;9z Team;2;1;Pharaoh;2022/10/15
55;9z Team;0;2;OXEN;2022/10/14
56;9z Team;2;0;Kabezones;2022/10/14
57;9z Team;0;2;TBK Esports;2022/08/10
58;9z Team;0;2;FURIA;2022/08/08
59;9z Team;2;1;Ninjas In Pyjamas;2022/08/06
60;9z Team;0;2;Leviatán;2022/06/12
61;9z Team;2;0;Optix;2022/06/11
62;9z Team;0;2;Leviatán;2022/06/04
63;9z Team;2;0;PAMPAS;2022/05/28
64;9z Team;0;2;KRÜ Esports;2022/05/22
65;9z Team;2;1;SunXet Club;2022/05/21
66;9z Team;1;2;Optix;2022/05/14
67;9z Team;0;2;KRÜ Esports;2022/03/13
68;9z Team;2;0;Optix;2022/03/12
69;9z Team;0;2;Meta Gaming;2022/03/05
70;9z Team;0;2;KRÜ Esports;2022/02/27
71;9z Team;0;2;Leviatán;2022/02/20
72;9z Team;2;1;Optix;2022/02/13
73;9z Team;2;1;EBRO Gaming;2022/02/12
74;9z Team;2;0;Azules Esports;2022/01/29
75;9z Team;2;0;Grim Reaper;2022/01/28
76;9z Team;2;1;Pharaoh;2022/01/23
77;9z Team;0;2;KRÜ Esports;2021/10/24
78;9z Team;2;0;Leviatán;2021/10/24
79;9z Team;0;2;Australs;2021/08/05
80;9z Team;2;0;Pana.Rabbit;2021/08/04
81;9z Team;1;2;KRÜ Esports;2021/08/03
82;9z Team;2;0;Optix;2021/07/25
83;9z Team;0;2;Kaos Latin Gamers;2021/07/24
84;9z Team;2;1;Cruzados Esports;2021/07/22
85;9z Team;1;0;Optix;2021/07/20
86;9z Team;1;2;Australs;2021/07/04
87;9z Team;0;2;KRÜ Esports;2021/07/03
88;9z Team;2;0;Australs;2021/07/01
89;9z Team;1;0;Furious Gaming;2021/06/29
90;9z Team;2;0;7even Esport;2021/06/24
91;9z Team;1;2;Australs;2021/05/16
92;9z Team;2;0;Optix;2021/05/15
93;9z Team;1;0;Leviatán;2021/05/14
94;9z Team;0;1;Meta Gaming;2021/05/13
95;9z Team;1;3;KRÜ Esports;2021/04/29
96;9z Team;2;0;ATROPELADOS;2021/04/28
97;9z Team;0;2;KRÜ Esports;2021/04/28
98;9z Team;2;1;ATROPELADOS;2021/04/27
99;9z Team;0;2;KRÜ Esports;2021/04/11
100;9z Team;2;1;Kaos Latin Gamers;2021/04/10
101;9z Team;2;0;Wygers Argentina;2021/04/09
102;9z Team;2;0;Malvinas Gaming;2021/04/07
103;9z Team;0;2;KRÜ Esports;2021/04/07
104;9z Team;1;0;Malvinas Gaming;2021/04/06
105;9z Team;0;1;Wygers Argentina;2021/04/03
106;9z Team;2;1;Leviatán;2021/04/01
107;9z Team;1;2;Australs;2021/03/19
108;9z Team;2;0;Optix;2021/03/17
109;9z Team;0;2;KRÜ Esports;2021/03/15
110;9z Team;0;2;Stampede Gaming;2021/02/28
111;9z Team;2;1;Optix;2021/02/26
112;9z Team;2;1;Procyon Team;2021/02/26
113;9z Team;1;0;Rebirth Esports;2020/09/04
114;9z Team;0;1;Furious Gaming;2020/09/04
115;9z Team;1;2;Rebirth Esports;2020/06/28
