;equipe;placar_casa;placar_visita;time_visita;data
0;REJECT;1;2;Murash Gaming;2024/06/21
1;REJECT;2;0;NORTHEPTION;2024/06/14
2;REJECT;1;2;Sengoku Gaming;2024/06/12
3;REJECT;1;2;SCARZ;2024/05/29
4;REJECT;2;0;VARREL;2024/05/22
5;REJECT;1;2;RIDDLE ORDER;2024/05/20
6;REJECT;2;3;FENNEL;2024/03/31
7;REJECT;2;0;FENNEL;2024/03/13
8;REJECT;2;0;FENNEL;2024/03/10
9;REJECT;0;2;VARREL;2024/03/08
10;REJECT;2;0;Sengoku Gaming;2024/03/03
11;REJECT;2;1;Murash Gaming;2024/02/16
12;REJECT;0;2;NORTHEPTION;2024/02/12
13;REJECT;2;1;SCARZ;2024/02/11
14;REJECT;2;0;IGZIST;2024/02/03
15;REJECT;2;0;FAV gaming;2024/01/24
16;REJECT;2;1;FAV gaming;2024/01/23
17;REJECT;2;0;ODD PLAN;2024/01/22
18;REJECT;2;0;Sengoku Gaming;2023/10/22
19;REJECT;1;2;CREST GAMING Zst;2023/10/21
20;REJECT;2;0;AMORIS Vega;2023/10/15
21;REJECT;2;0;ODD PLAN;2023/10/14
22;REJECT;0;2;FENNEL;2023/09/22
23;REJECT;2;0;DetonatioN FocusMe;2022/05/14
24;REJECT;2;0;ENTER FORCE.36;2022/05/12
25;REJECT;2;1;Westception;2022/05/10
26;REJECT;1;2;Crazy Raccoon;2022/03/26
27;REJECT;2;0;CREST GAMING Zst;2022/03/25
28;REJECT;0;2;FAV gaming;2022/03/24
29;REJECT;2;1;IGZIST;2022/02/26
30;REJECT;2;1;BLUE BEES.ESP;2022/02/26
31;REJECT;2;0;iXA;2022/02/19
32;REJECT;2;0;Rebellion Arts;2022/02/17
33;REJECT;0;2;DAMWON Gaming;2021/10/13
34;REJECT;1;2;FULL SENSE;2021/10/12
35;REJECT;1;2;Insomnia;2021/08/13
36;REJECT;0;2;NORTHEPTION;2021/08/12
37;REJECT;2;0;Storks Phalanx;2021/07/23
38;REJECT;2;0;Insomnia;2021/07/23
39;REJECT;2;0;SETOUCHI ENLIFE;2021/07/22
40;REJECT;1;0;FIRST Gaming;2021/07/17
41;REJECT;1;0;GEKO GEKO GAMING;2021/07/17
42;REJECT;1;0;Dandelion;2021/07/17
43;REJECT;1;0;FUKUSHIMA IBUSHIGIN;2021/07/17
44;REJECT;2;0;LAG Gaming;2021/03/06
45;REJECT;2;0;SCARZ;2021/03/05
