;equipe;placar_casa;placar_visita;time_visita;data
0;Arena Internet Cafe;2;0;BOBO;2024/06/10
1;Arena Internet Cafe;2;0;Rub n' Pug;2024/06/07
2;Arena Internet Cafe;2;0;Koopa Troopas;2024/06/06
3;Arena Internet Cafe;1;3;JiJieHao;2024/05/02
4;Arena Internet Cafe;2;0;JFT;2024/05/01
5;Arena Internet Cafe;0;2;JiJieHao;2024/04/30
6;Arena Internet Cafe;2;1;FOCUSGG;2024/04/12
7;Arena Internet Cafe;2;0;JFT;2024/04/10
8;Arena Internet Cafe;2;0;Arcade Esports;2024/03/29
9;Arena Internet Cafe;1;2;Antic Esports;2024/03/28
10;Arena Internet Cafe;2;0;EDGE;2024/03/26
11;Arena Internet Cafe;2;1;Corn Dawgs;2024/03/25
12;Arena Internet Cafe;3;0;Trident Esports;2023/07/21
13;Arena Internet Cafe;2;1;Antic Esports;2023/07/14
14;Arena Internet Cafe;2;0;MCOM Special Forces;2023/07/06
15;Arena Internet Cafe;2;0;Koopa Troopas;2023/06/30
16;Arena Internet Cafe;2;1;Antic Esports;2023/06/23
17;Arena Internet Cafe;2;0;xyz;2023/06/15
18;Arena Internet Cafe;0;3;Bonkers;2023/06/10
19;Arena Internet Cafe;2;0;Bonkers;2023/06/08
20;Arena Internet Cafe;2;0;The Nation;2023/06/06
21;Arena Internet Cafe;2;0;Funcrew;2023/06/03
22;Arena Internet Cafe;2;0;Trident Esports;2023/05/30
23;Arena Internet Cafe;2;0;Mammoth ESC;2023/05/25
24;Arena Internet Cafe;2;0;The Who?;2023/05/17
25;Arena Internet Cafe;2;0;Guangzhou Long Lionz;2023/05/10
26;Arena Internet Cafe;2;0;Koopa Troopas;2023/05/04
27;Arena Internet Cafe;0;1;Trident Esports;2023/04/30
28;Arena Internet Cafe;1;0;95x Esports;2023/04/30
29;Arena Internet Cafe;2;0;PLUG;2023/04/29
30;Arena Internet Cafe;0;1;95x Esports;2023/04/29
31;Arena Internet Cafe;2;0;PLUG;2023/04/28
32;Arena Internet Cafe;1;0;Grass Touchers;2023/04/28
33;Arena Internet Cafe;0;2;95x Esports;2023/04/27
34;Arena Internet Cafe;2;0;Mammoth ESC;2023/04/21
35;Arena Internet Cafe;2;0;xyz;2023/04/06
36;Arena Internet Cafe;3;2;ex-HEHE;2023/03/19
37;Arena Internet Cafe;2;0;The Who?;2023/03/18
38;Arena Internet Cafe;2;1;Guangzhou Long Lionz;2023/03/18
39;Arena Internet Cafe;2;0;Antic Esports Academy;2023/03/17
40;Arena Internet Cafe;2;0;THANK YOU;2023/03/17
41;Arena Internet Cafe;1;2;HONEY BADGERS;2023/03/10
42;Arena Internet Cafe;2;0;Funcrew;2023/03/09
43;Arena Internet Cafe;0;2;BOBO;2023/03/07
44;Arena Internet Cafe;2;0;The Who?;2023/02/26
45;Arena Internet Cafe;2;0;Funcrew;2023/02/24
46;Arena Internet Cafe;2;0;Koopa Troopas;2023/02/17
47;Arena Internet Cafe;1;2;95x Esports;2023/02/04
48;Arena Internet Cafe;0;2;HONEY BADGERS;2023/02/03
49;Arena Internet Cafe;2;0;Mammoth ESC;2023/01/28
50;Arena Internet Cafe;0;2;BOBO;2023/01/22
51;Arena Internet Cafe;0;1;HONEY BADGERS;2023/01/07
52;Arena Internet Cafe;0;1;BOBO;2023/01/06
53;Arena Internet Cafe;1;0;Funcrew;2023/01/06
54;Arena Internet Cafe;1;0;xyz;2023/01/06
55;Arena Internet Cafe;1;0;Finality;2023/01/06
56;Arena Internet Cafe;2;0;XEROX;2022/12/17
57;Arena Internet Cafe;2;0;Out Chasing Booty;2022/12/16
58;Arena Internet Cafe;0;2;BOBO;2022/12/08
59;Arena Internet Cafe;0;2;Funcrew;2022/12/08
60;Arena Internet Cafe;0;1;Bonkers;2022/12/01
61;Arena Internet Cafe;1;2;SOTZ V2;2022/11/12
62;Arena Internet Cafe;0;2;BOBO;2022/11/12
63;Arena Internet Cafe;2;0;East LA;2022/11/10
64;Arena Internet Cafe;1;0;All Out;2022/11/10
65;Arena Internet Cafe;1;0;whiffers;2022/11/10
66;Arena Internet Cafe;0;1;AZN;2022/11/09
67;Arena Internet Cafe;1;0;Household Objects;2022/11/09
68;Arena Internet Cafe;0;1;SOTZ V2;2022/11/08
69;Arena Internet Cafe;1;0;HEHE;2022/11/08
70;Arena Internet Cafe;0;1;BOBO;2022/11/07
71;Arena Internet Cafe;1;0;club penguin;2022/11/07
72;Arena Internet Cafe;2;0;club penguin;2022/10/30
73;Arena Internet Cafe;2;0;SOTZ V2;2022/10/29
