;equipe;placar_casa;placar_visita;time_visita;data
0;Nova Esports;2;1;Dragon Ranger Gaming;2024/06/21
1;Nova Esports;0;2;Dragon Ranger Gaming;2024/05/08
2;Nova Esports;2;0;Titan Esports Club;2024/05/05
3;Nova Esports;1;2;All Gamers;2024/04/28
4;Nova Esports;1;2;TYLOO;2024/04/21
5;Nova Esports;0;2;FunPlus Phoenix;2024/04/19
6;Nova Esports;2;1;JD Gaming;2024/04/12
7;Nova Esports;0;2;Trace Esports;2024/04/07
8;Nova Esports;0;2;Trace Esports;2024/02/26
9;Nova Esports;2;0;TYLOO;2024/02/24
10;Nova Esports;0;2;FunPlus Phoenix;2024/02/22
