;equipe;placar_casa;placar_visita;time_visita;data
0;Onyx Ravens;0;2;Gamax Esports;2024/06/11
1;Onyx Ravens;1;2;Team RA'AD;2024/06/10
2;Onyx Ravens;2;1;NASR Esports;2024/06/09
3;Onyx Ravens;0;2;NASR Esports;2024/03/05
4;Onyx Ravens;2;0;Gamax Esports;2024/03/04
5;Onyx Ravens;1;2;Team RA'AD;2024/03/03
6;Onyx Ravens;0;2;R8 Esports;2024/03/02
7;Onyx Ravens;1;0;Gamax Esports;2023/04/29
8;Onyx Ravens;1;0;NASR Esports;2023/04/18
9;Onyx Ravens;1;0;Geekay Esports;2023/04/17
10;Onyx Ravens;0;1;Team RA'AD;2023/04/16
11;Onyx Ravens;0;1;Team Occupy;2023/04/15
12;Onyx Ravens;1;0;GnG Esports;2023/04/11
13;Onyx Ravens;1;0;FATE Esports;2023/04/10
14;Onyx Ravens;1;2;Team RA'AD;2023/03/06
15;Onyx Ravens;0;2;NASR Esports;2023/03/05
16;Onyx Ravens;2;0;GnG Esports;2023/02/28
17;Onyx Ravens;2;1;Bravado Gaming;2023/02/27
18;Onyx Ravens;0;2;Team Majesty;2023/02/26
19;Onyx Ravens;0;2;Team RA'AD;2023/02/25
20;Onyx Ravens;2;0;FATE Esports;2023/02/21
21;Onyx Ravens;1;2;Geekay Esports;2023/02/20
22;Onyx Ravens;0;2;NASR Esports;2023/02/19
23;Onyx Ravens;0;2;Geekay Esports;2023/02/17
24;Onyx Ravens;2;0;Bravado Gaming;2023/02/17
25;Onyx Ravens;0;2;Geekay Esports;2023/02/16
26;Onyx Ravens;2;1;GnG Esports;2023/02/07
27;Onyx Ravens;2;0;Bravado Gaming;2023/02/06
28;Onyx Ravens;2;0;Team Majesty;2023/02/05
29;Onyx Ravens;0;2;Team RA'AD;2023/02/04
30;Onyx Ravens;0;2;FATE Esports;2023/01/31
31;Onyx Ravens;0;2;Geekay Esports;2023/01/30
32;Onyx Ravens;2;0;3BL Esports;2023/01/25
33;Onyx Ravens;2;0;Team Majesty;2023/01/23
34;Onyx Ravens;3;1;NASR Esports;2023/01/14
35;Onyx Ravens;2;0;FATE Esports;2023/01/12
36;Onyx Ravens;0;2;NASR Esports;2023/01/12
37;Onyx Ravens;2;0;Bravado Gaming;2023/01/06
38;Onyx Ravens;2;0;Krakens Esports;2023/01/05
39;Onyx Ravens;2;1;Team Occupy;2022/12/28
40;Onyx Ravens;2;0;FATE Esports;2022/12/28
41;Onyx Ravens;0;2;Team Occupy;2022/12/27
42;Onyx Ravens;2;0;FATE Esports;2022/12/25
43;Onyx Ravens;1;2;010 Esports;2022/10/20
44;Onyx Ravens;1;3;MLC Academy;2022/10/09
45;Onyx Ravens;2;0;Krakens Esports;2022/09/15
46;Onyx Ravens;1;0;GT3 RS;2022/09/13
47;Onyx Ravens;0;2;NASR Esports;2022/08/07
48;Onyx Ravens;2;1;The Ruffian Goats;2022/08/07
49;Onyx Ravens;2;1;Team Majesty;2022/08/06
50;Onyx Ravens;2;0;Patrowave;2022/08/05
51;Onyx Ravens;0;2;Krakens Esports;2022/08/05
52;Onyx Ravens;0;2;XPLDZ;2022/05/05
53;Onyx Ravens;2;0;Top Gear;2021/09/07
