;equipe;placar_casa;placar_visita;time_visita;data
0;CNJ Esports;0;1;골판지 전사;2024/01/18
1;CNJ Esports;1;0;Beyond Stratos Gaming;2024/01/18
2;CNJ Esports;1;0;Our Name Is;2024/01/17
3;CNJ Esports;1;0;HYDROGEN;2024/01/17
4;CNJ Esports;0;1;Our Name Is;2024/01/17
5;CNJ Esports;1;0;Phantom Gaming;2024/01/17
6;CNJ Esports;0;2;Gwangju Shadow;2023/05/03
7;CNJ Esports;0;2;SLT Seongnam;2023/04/28
8;CNJ Esports;0;2;Maru Gaming;2023/04/26
9;CNJ Esports;2;0;Team OGS;2023/04/21
10;CNJ Esports;0;2;Dplus Esports;2023/04/19
11;CNJ Esports;0;2;Incheon On Sla2ers;2023/04/13
12;CNJ Esports;0;2;Nongshim RedForce;2023/04/11
13;CNJ Esports;0;2;Gwangju Shadow;2023/02/18
14;CNJ Esports;1;2;Rio Company;2023/02/16
15;CNJ Esports;1;2;Nongshim RedForce;2023/02/09
16;CNJ Esports;0;2;Maru Gaming;2023/02/07
17;CNJ Esports;2;0;World Game Star;2023/02/05
18;CNJ Esports;0;2;Dplus Esports;2023/02/03
19;CNJ Esports;1;2;Gwangju Shadow;2023/02/01
20;CNJ Esports;2;0;OP.GG SPORTS;2023/01/29
21;CNJ Esports;0;2;Rio Company;2023/01/27
22;CNJ Esports;0;2;FAV gaming;2022/10/16
23;CNJ Esports;1;2;Team Secret;2022/10/15
24;CNJ Esports;2;1;Maru Gaming;2022/06/13
25;CNJ Esports;0;2;DRX;2022/06/11
26;CNJ Esports;1;2;SPEAR GAMING;2022/06/05
27;CNJ Esports;0;2;Incheon On Sla2ers;2022/05/30
28;CNJ Esports;0;2;DAMWON Gaming;2022/05/28
29;CNJ Esports;1;2;Tartarus;2022/05/24
30;CNJ Esports;1;2;World Game Star;2022/05/22
31;CNJ Esports;2;0;Desperado;2022/05/08
32;CNJ Esports;2;0;Team Rocket;2022/05/08
33;CNJ Esports;2;0;Red Eyes;2022/05/07
34;CNJ Esports;2;0;Early Access;2022/05/07
35;CNJ Esports;0;2;Red Eyes;2022/05/07
36;CNJ Esports;2;0;Incarnations of Victory;2022/05/06
37;CNJ Esports;2;0;MCC;2022/05/06
38;CNJ Esports;2;1;Early Access;2022/05/06
39;CNJ Esports;0;2;HolyMolly;2022/02/06
40;CNJ Esports;2;0;Next eSports;2022/02/06
41;CNJ Esports;0;2;HolyMolly;2022/02/06
42;CNJ Esports;2;0;VPZ;2022/02/05
43;CNJ Esports;2;1;oFby;2022/02/05
44;CNJ Esports;2;1;Amollang;2022/02/04
45;CNJ Esports;2;0;Bottom Fraggers;2022/02/04
