;equipe;placar_casa;placar_visita;time_visita;data
0;ONE Team Esports;2;0;Da Feng Gou;2024/06/20
1;ONE Team Esports;2;1;Five Ace Esports;2024/06/19
2;ONE Team Esports;2;0;ROA Esport;2024/06/13
3;ONE Team Esports;1;2;Team Kobolds;2024/06/12
4;ONE Team Esports;2;0;Hungkuang Falcon;2024/06/06
5;ONE Team Esports;2;1;PAPA ESPORTS;2024/06/05
6;ONE Team Esports;3;0;Oblivion Force;2024/04/04
7;ONE Team Esports;2;0;Oblivion Force;2024/04/02
8;ONE Team Esports;2;1;S2 Esports;2024/03/27
9;ONE Team Esports;2;0;Five Ace Esports;2024/03/26
10;ONE Team Esports;2;1;PEI WAN E-SPORTS;2024/03/13
11;ONE Team Esports;1;2;S2 Esports;2024/03/07
12;ONE Team Esports;2;0;ROA Esport;2024/03/06
13;ONE Team Esports;2;1;Five Ace Esports;2024/02/29
14;ONE Team Esports;1;2;Oblivion Force;2024/02/28
15;ONE Team Esports;2;0;yuanyoyin;2024/02/01
16;ONE Team Esports;2;0;Hungkuang Falcon;2024/01/31
