;equipe;placar_casa;placar_visita;time_visita;data
0;Nongshim RedForce;2;1;IAM;2024/06/20
1;Nongshim RedForce;0;2;SLT Seongnam;2024/06/14
2;Nongshim RedForce;2;0;FearX;2024/06/12
3;Nongshim RedForce;2;0;VEC DAEJEON;2024/06/07
4;Nongshim RedForce;2;0;SUPERFECT Esports;2024/06/06
5;Nongshim RedForce;1;3;SLT Seongnam;2024/04/10
6;Nongshim RedForce;1;2;LFG Portal;2024/04/04
7;Nongshim RedForce;2;0;Dplus Esports;2024/03/28
8;Nongshim RedForce;2;0;Dplus Esports;2024/03/20
9;Nongshim RedForce;1;2;LFG Portal;2024/03/15
10;Nongshim RedForce;1;2;SHERPA;2024/03/13
11;Nongshim RedForce;2;0;IAM;2024/03/08
12;Nongshim RedForce;2;0;Incheon On Sla2ers;2024/03/07
13;Nongshim RedForce;2;1;SLT Seongnam;2024/03/01
14;Nongshim RedForce;2;1;Maru Gaming;2024/02/28
15;Nongshim RedForce;0;2;SHERPA;2024/01/18
16;Nongshim RedForce;2;0;ReliaNcE;2024/01/18
17;Nongshim RedForce;1;0;fOu Clan;2024/01/18
18;Nongshim RedForce;1;0;CNJ Esports;2024/01/18
19;Nongshim RedForce;1;0;oFby;2024/01/18
20;Nongshim RedForce;0;1;ReliaNcE;2024/01/18
21;Nongshim RedForce;1;0;Nuclear;2024/01/17
22;Nongshim RedForce;0;1;fOu Clan;2024/01/17
23;Nongshim RedForce;1;0;Beyond Stratos Gaming;2024/01/17
24;Nongshim RedForce;1;0;Nuclear;2024/01/17
25;Nongshim RedForce;1;0;MS;2024/01/17
26;Nongshim RedForce;1;2;SLT Seongnam;2023/05/24
27;Nongshim RedForce;1;2;Maru Gaming;2023/05/18
28;Nongshim RedForce;2;1;Incheon On Sla2ers;2023/05/17
29;Nongshim RedForce;2;1;Team OGS;2023/05/02
30;Nongshim RedForce;0;2;Dplus Esports;2023/04/27
31;Nongshim RedForce;0;2;Incheon On Sla2ers;2023/04/25
32;Nongshim RedForce;0;2;Gwangju Shadow;2023/04/20
33;Nongshim RedForce;2;0;SLT Seongnam;2023/04/18
34;Nongshim RedForce;1;2;Maru Gaming;2023/04/13
35;Nongshim RedForce;2;0;CNJ Esports;2023/04/11
36;Nongshim RedForce;0;2;Dplus Esports;2023/02/18
37;Nongshim RedForce;1;2;Maru Gaming;2023/02/16
38;Nongshim RedForce;2;1;CNJ Esports;2023/02/09
39;Nongshim RedForce;1;2;World Game Star;2023/02/07
40;Nongshim RedForce;1;2;Maru Gaming;2023/02/04
41;Nongshim RedForce;0;2;Rio Company;2023/02/02
42;Nongshim RedForce;2;0;OP.GG SPORTS;2023/01/31
43;Nongshim RedForce;0;2;Gwangju Shadow;2023/01/28
44;Nongshim RedForce;2;0;Dplus Esports;2023/01/26
45;Nongshim RedForce;0;3;DAMWON Gaming;2022/12/22
