;equipe;placar_casa;placar_visita;time_visita;data
0;FNATIC;2;1;BBL Esports;2024/06/19
1;FNATIC;1;2;FUT Esports;2024/06/01
2;FNATIC;1;2;Gen.G;2024/05/30
3;FNATIC;3;2;Team Heretics;2024/05/12
4;FNATIC;3;1;FUT Esports;2024/05/11
5;FNATIC;0;2;Team Heretics;2024/05/10
6;FNATIC;2;0;Karmine Corp;2024/05/09
7;FNATIC;2;1;Team Liquid;2024/05/08
8;FNATIC;1;2;Natus Vincere;2024/05/02
9;FNATIC;0;2;FUT Esports;2024/04/25
10;FNATIC;2;0;KOI;2024/04/19
11;FNATIC;2;0;Gentle Mates;2024/04/17
12;FNATIC;2;1;GIANTX;2024/04/12
13;FNATIC;0;2;Team Heretics;2024/04/04
14;FNATIC;0;2;Karmine Corp;2024/02/29
15;FNATIC;2;0;Team Vitality;2024/02/23
16;FNATIC;3;2;Cloud9;2023/11/05
17;FNATIC;2;0;DRX;2023/11/05
18;FNATIC;1;0;ZETA DIVISION;2023/11/03
19;FNATIC;1;0;FENNEL;2023/11/03
20;FNATIC;1;2;LOUD;2023/08/24
21;FNATIC;2;1;DRX;2023/08/20
22;FNATIC;2;0;FUT Esports;2023/08/18
23;FNATIC;0;2;LOUD;2023/08/16
24;FNATIC;2;0;Bilibili Gaming;2023/08/09
25;FNATIC;2;0;ZETA DIVISION;2023/08/08
26;FNATIC;3;0;Evil Geniuses;2023/06/25
27;FNATIC;2;1;Evil Geniuses;2023/06/21
28;FNATIC;2;0;Paper Rex;2023/06/19
29;FNATIC;2;0;NRG Esports;2023/06/17
30;FNATIC;1;3;Team Liquid;2023/05/28
31;FNATIC;2;0;Team Liquid;2023/05/26
32;FNATIC;2;1;FUT Esports;2023/05/24
33;FNATIC;2;0;Natus Vincere;2023/05/17
34;FNATIC;2;0;Karmine Corp;2023/05/11
35;FNATIC;2;0;KOI;2023/05/10
36;FNATIC;2;0;Team Vitality;2023/05/03
37;FNATIC;2;0;FUT Esports;2023/04/28
38;FNATIC;2;0;Team Liquid;2023/04/13
39;FNATIC;2;0;Team Heretics;2023/04/06
40;FNATIC;2;1;BBL Esports;2023/03/31
41;FNATIC;2;0;Giants Gaming;2023/03/27
42;FNATIC;3;2;LOUD;2023/03/04
43;FNATIC;3;0;Natus Vincere;2023/03/03
44;FNATIC;2;0;100 Thieves;2023/02/27
45;FNATIC;2;0;FURIA;2023/02/26
46;FNATIC;2;0;Sentinels;2023/02/24
47;FNATIC;1;0;ZETA DIVISION;2022/12/24
48;FNATIC;1;0;DetonatioN FocusMe;2022/12/24
49;FNATIC;2;0;DSYRE Elevate;2022/11/27
50;FNATIC;2;0;Acend;2022/10/22
51;FNATIC;2;0;Geekay Esports;2022/10/22
52;FNATIC;0;1;Acend;2022/10/19
53;FNATIC;1;0;Piercer Esports;2022/10/19
54;FNATIC;1;0;YaLLa Esports;2022/10/18
55;FNATIC;1;0;Team RA'AD;2022/10/18
56;FNATIC;0;1;Geekay Esports;2022/10/17
57;FNATIC;1;0;Team Falcons;2022/10/17
58;FNATIC;1;0;NASR Esports;2022/10/16
59;FNATIC;1;2;DRX;2022/09/13
60;FNATIC;2;0;Team Liquid;2022/09/11
61;FNATIC;0;2;XSET;2022/09/10
62;FNATIC;2;0;100 Thieves;2022/09/08
63;FNATIC;2;1;FURIA;2022/09/05
64;FNATIC;1;2;100 Thieves;2022/09/02
65;FNATIC;1;2;FunPlus Phoenix;2022/07/22
66;FNATIC;2;1;Leviatán;2022/07/18
67;FNATIC;0;2;Paper Rex;2022/07/17
68;FNATIC;2;0;FunPlus Phoenix;2022/07/14
69;FNATIC;3;0;FunPlus Phoenix;2022/06/26
70;FNATIC;2;0;Guild Esports;2022/06/24
71;FNATIC;2;1;FunPlus Phoenix;2022/06/18
72;FNATIC;2;1;G2 Esports;2022/06/12
73;FNATIC;2;0;FOKUS;2022/06/05
74;FNATIC;2;0;Acend;2022/05/28
75;FNATIC;2;0;OG LDN UTD;2022/05/20
76;FNATIC;2;1;FunPlus Phoenix;2022/05/14
77;FNATIC;0;2;ZETA DIVISION;2022/04/12
78;FNATIC;0;2;Ninjas In Pyjamas;2022/04/11
79;FNATIC;0;3;G2 Esports;2022/03/26
80;FNATIC;0;2;FunPlus Phoenix;2022/03/25
81;FNATIC;2;1;M3 Champions;2022/03/23
82;FNATIC;2;1;Guild Esports;2022/03/16
83;FNATIC;2;0;Acend;2022/03/12
84;FNATIC;2;0;Papara SuperMassive;2022/03/11
85;FNATIC;2;0;BBL Esports;2022/02/19
86;FNATIC;2;1;G2 Esports;2022/02/11
87;FNATIC;1;2;KRÜ Esports;2021/12/09
88;FNATIC;2;1;Vision Strikers;2021/12/03
89;FNATIC;2;1;Cloud9;2021/12/01
90;FNATIC;0;2;Team Liquid;2021/11/05
91;FNATIC;0;1;Giants Gaming;2021/11/04
92;FNATIC;1;0;Anubis Gaming;2021/11/04
93;FNATIC;1;0;FunPlus Phoenix;2021/11/04
94;FNATIC;1;2;TENSTAR;2021/09/06
95;FNATIC;2;1;SAW;2021/09/05
96;FNATIC;1;0;Finest;2021/08/31
97;FNATIC;1;0;19esports;2021/08/31
98;FNATIC;2;0;Legendary Donkey Destroyers;2021/08/26
99;FNATIC;2;0;Axolotl;2021/08/26
100;FNATIC;2;3;Team Liquid;2021/07/31
101;FNATIC;2;0;TENSTAR;2021/07/30
102;FNATIC;2;1;Team BDS;2021/07/29
103;FNATIC;1;2;Giants Gaming;2021/07/29
104;FNATIC;2;0;Alliance;2021/07/28
105;FNATIC;0;2;G2 Esports;2021/07/08
106;FNATIC;1;2;Guild Esports;2021/07/08
107;FNATIC;2;1;Team Liquid;2021/07/07
108;FNATIC;2;1;Wave Esports;2021/07/02
109;FNATIC;0;2;G2 Esports;2021/07/01
110;FNATIC;2;0;TENSTAR;2021/06/30
111;FNATIC;0;3;Sentinels;2021/05/30
112;FNATIC;2;1;NUTURN;2021/05/29
113;FNATIC;2;0;Team Liquid;2021/05/29
114;FNATIC;2;0;Version1;2021/05/28
115;FNATIC;2;0;X10 Esports;2021/05/27
116;FNATIC;0;2;Sentinels;2021/05/25
117;FNATIC;2;0;KRÜ Esports;2021/05/24
118;FNATIC;2;3;Team Liquid;2021/05/02
119;FNATIC;2;0;Gambit Esports;2021/05/01
120;FNATIC;2;0;Guild Esports;2021/04/29
121;FNATIC;2;0;Oxygen Esports;2021/04/24
122;FNATIC;3;1;Team Liquid;2021/04/18
123;FNATIC;2;0;Team Vitality;2021/04/17
124;FNATIC;2;0;G2 Esports;2021/04/15
125;FNATIC;1;2;Acend;2021/04/12
126;FNATIC;2;0;SAW;2021/04/12
127;FNATIC;2;0;Ovation eSports;2021/04/11
128;FNATIC;2;0;Honvéd Esport;2021/04/11
129;FNATIC;2;0;NecroRaisers;2021/04/10
130;FNATIC;2;0;Dark Tigers;2021/04/10
131;FNATIC;0;2;Alliance;2021/04/01
132;FNATIC;2;0;HONK;2021/03/31
133;FNATIC;2;0;ATRAVS;2021/03/31
134;FNATIC;2;1;Team Queso;2021/03/30
135;FNATIC;2;0;Out of sight;2021/03/30
136;FNATIC;0;2;Ballista;2021/03/07
137;FNATIC;1;2;FunPlus Phoenix;2021/02/21
138;FNATIC;2;1;Guild Esports;2021/02/19
139;FNATIC;2;0;Edelweiss Esports;2021/02/17
140;FNATIC;2;1;Pit Stop;2021/02/17
141;FNATIC;2;0;Swag Silicone;2021/02/16
142;FNATIC;2;0;99Crooks;2021/02/16
143;FNATIC;1;2;Wave Esports;2021/02/07
144;FNATIC;2;0;Giants Gaming;2021/02/05
145;FNATIC;2;1;MAJSTERSZTYK;2021/02/05
146;FNATIC;1;0;Patchwork;2021/02/04
147;FNATIC;1;0;123TAP;2021/02/04
148;FNATIC;1;0;Tabula Rasa;2021/02/04
