;equipe;placar_casa;placar_visita;time_visita;data
0;EDward Gaming;0;2;Paper Rex;2024/06/01
1;EDward Gaming;0;2;Team Heretics;2024/05/31
2;EDward Gaming;3;1;FunPlus Phoenix;2024/05/12
3;EDward Gaming;3;1;Dragon Ranger Gaming;2024/05/11
4;EDward Gaming;0;2;FunPlus Phoenix;2024/05/10
5;EDward Gaming;2;0;Dragon Ranger Gaming;2024/05/09
6;EDward Gaming;2;0;Trace Esports;2024/05/05
7;EDward Gaming;2;0;All Gamers;2024/05/02
8;EDward Gaming;1;2;FunPlus Phoenix;2024/04/27
9;EDward Gaming;2;0;Titan Esports Club;2024/04/21
10;EDward Gaming;2;0;TYLOO;2024/04/14
11;EDward Gaming;2;1;JD Gaming;2024/04/06
12;EDward Gaming;0;2;LOUD;2024/03/18
13;EDward Gaming;1;2;Gen.G;2024/03/16
14;EDward Gaming;2;1;Paper Rex;2024/03/15
15;EDward Gaming;3;1;FunPlus Phoenix;2024/03/02
16;EDward Gaming;2;0;Trace Esports;2024/03/01
17;EDward Gaming;2;1;Wolves Esports;2024/02/25
18;EDward Gaming;0;2;Team Liquid;2023/12/08
19;EDward Gaming;2;1;Fancy United Esports;2023/12/08
20;EDward Gaming;0;2;T1;2023/12/06
21;EDward Gaming;3;0;Rare Atom;2023/11/26
22;EDward Gaming;3;1;FunPlus Phoenix;2023/11/25
23;EDward Gaming;0;2;Rare Atom;2023/11/24
24;EDward Gaming;2;1;Attacking Soul Esports;2023/11/21
25;EDward Gaming;2;0;TOP Esports;2023/11/18
26;EDward Gaming;3;0;Trace Esports;2023/10/29
27;EDward Gaming;3;1;Rare Atom;2023/10/28
28;EDward Gaming;0;2;Trace Esports;2023/10/27
29;EDward Gaming;2;0;Rare Atom;2023/10/26
30;EDward Gaming;2;0;Bilibili Gaming;2023/10/22
31;EDward Gaming;2;0;Royal Never Give Up;2023/10/20
32;EDward Gaming;1;2;DRX;2023/10/08
33;EDward Gaming;0;1;Cloud9;2023/10/07
34;EDward Gaming;1;0;T1;2023/10/07
35;EDward Gaming;1;0;DRX;2023/10/07
36;EDward Gaming;3;1;Rare Atom;2023/10/01
37;EDward Gaming;2;0;FunPlus Phoenix;2023/09/28
38;EDward Gaming;2;0;Attacking Soul Esports;2023/09/26
39;EDward Gaming;2;0;Trace Esports;2023/09/23
40;EDward Gaming;1;2;LOUD;2023/08/20
41;EDward Gaming;2;1;Bilibili Gaming;2023/08/18
42;EDward Gaming;1;2;Evil Geniuses;2023/08/17
43;EDward Gaming;2;0;Giants Gaming;2023/08/13
44;EDward Gaming;0;2;Paper Rex;2023/08/10
45;EDward Gaming;2;1;Giants Gaming;2023/08/09
46;EDward Gaming;3;1;Bilibili Gaming;2023/07/16
47;EDward Gaming;3;0;Bilibili Gaming;2023/07/13
48;EDward Gaming;3;0;TYLOO;2023/07/09
49;EDward Gaming;2;0;Weibo Gaming;2023/07/06
50;EDward Gaming;1;2;Paper Rex;2023/06/20
51;EDward Gaming;2;0;LOUD;2023/06/18
52;EDward Gaming;1;2;Team Liquid;2023/06/16
53;EDward Gaming;2;0;T1;2023/06/14
54;EDward Gaming;2;0;Natus Vincere;2023/06/13
55;EDward Gaming;1;2;T1;2023/06/11
56;EDward Gaming;3;0;Bilibili Gaming;2023/05/21
57;EDward Gaming;3;0;Attacking Soul Esports;2023/05/20
58;EDward Gaming;2;0;FunPlus Phoenix;2023/05/19
59;EDward Gaming;0;2;Attacking Soul Esports;2023/05/18
60;EDward Gaming;2;0;Dragon Ranger Gaming;2023/05/16
61;EDward Gaming;2;0;Monarch Effect;2023/05/11
62;EDward Gaming;2;0;Four Angry Men;2023/05/04
63;EDward Gaming;2;3;Attacking Soul Esports;2023/04/16
64;EDward Gaming;2;0;KONE eSports Club;2023/04/14
65;EDward Gaming;2;1;FunPlus Phoenix;2023/04/12
66;EDward Gaming;2;0;Shenzhen NTER;2023/04/01
67;EDward Gaming;2;1;Dragon Ranger Gaming;2023/03/31
68;EDward Gaming;2;0;TYLOO;2023/03/29
69;EDward Gaming;2;0;Bilibili Gaming;2023/03/24
70;EDward Gaming;2;0;Totoro Gaming;2023/03/23
71;EDward Gaming;1;2;100 Thieves;2023/02/23
72;EDward Gaming;1;3;FunPlus Phoenix ZHUQUE;2022/12/25
73;EDward Gaming;3;0;FunPlus Phoenix ZHUQUE;2022/12/23
74;EDward Gaming;2;0;Shenzhen NTER;2022/12/22
75;EDward Gaming;2;0;Monarch Effect;2022/12/20
76;EDward Gaming;1;2;Tales of Eastern;2022/12/19
77;EDward Gaming;2;1;Attacking Soul Esports;2022/12/15
78;EDward Gaming;2;0;Shenzhen NTER;2022/12/10
79;EDward Gaming;2;1;FunPlus Phoenix ZHUQUE;2022/12/08
80;EDward Gaming;1;2;Shenzhen NTER;2022/11/20
81;EDward Gaming;2;0;Tales of Eastern;2022/11/20
82;EDward Gaming;0;2;Shenzhen NTER;2022/11/19
83;EDward Gaming;2;0;Tales of Eastern;2022/11/17
84;EDward Gaming;2;0;Night Wings Gaming;2022/11/16
85;EDward Gaming;0;2;Team Liquid;2022/09/04
86;EDward Gaming;1;2;Paper Rex;2022/08/31
87;EDward Gaming;3;0;Incheon On Sla2ers;2022/08/14
88;EDward Gaming;2;0;NORTHEPTION;2022/08/12
89;EDward Gaming;2;0;REJECT;2022/08/11
90;EDward Gaming;2;0;Incheon On Sla2ers;2022/08/08
91;EDward Gaming;3;1;KONE eSports Club;2022/07/09
92;EDward Gaming;2;0;KONE eSports Club;2022/07/07
93;EDward Gaming;2;0;Tales of Eastern;2022/07/06
94;EDward Gaming;2;1;Shenzhen NTER;2022/07/05
95;EDward Gaming;2;0;Night Wings Gaming;2022/07/04
96;EDward Gaming;2;0;Weibo Gaming;2022/07/02
97;EDward Gaming;1;2;FunPlus Phoenix ZHUQUE;2022/07/01
98;EDward Gaming;2;0;TYLOO;2022/06/28
99;EDward Gaming;3;2;KONE eSports Club;2022/06/10
100;EDward Gaming;3;1;Shenzhen NTER;2022/06/09
101;EDward Gaming;2;0;Night Wings Gaming;2022/06/08
102;EDward Gaming;2;0;Number One Player;2022/06/07
103;EDward Gaming;0;2;Shenzhen NTER;2022/06/06
104;EDward Gaming;2;1;Night Wings Gaming;2022/06/05
105;EDward Gaming;0;2;FunPlus Phoenix ZHUQUE;2022/06/02
106;EDward Gaming;2;0;Number One Player;2022/05/27
107;EDward Gaming;2;0;TYLOO;2022/05/26
108;EDward Gaming;2;0;Attacking Soul Esports;2022/05/21
109;EDward Gaming;3;0;Weibo Gaming;2022/04/08
110;EDward Gaming;2;1;KONE eSports Club;2022/04/06
111;EDward Gaming;2;0;Tales of Eastern;2022/04/04
112;EDward Gaming;2;0;TYLOO;2022/04/02
113;EDward Gaming;2;1;FunPlus Phoenix ZHUQUE;2022/03/31
114;EDward Gaming;2;0;Night Wings Gaming;2022/03/30
115;EDward Gaming;2;0;Attacking Soul Esports;2022/03/28
116;EDward Gaming;2;0;O2 Gaming;2022/03/26
117;EDward Gaming;1;3;Weibo Gaming;2022/03/09
118;EDward Gaming;3;2;FunPlus Phoenix ZHUQUE;2022/03/08
119;EDward Gaming;0;2;Weibo Gaming;2022/03/07
120;EDward Gaming;2;0;Tales of Eastern;2022/03/05
121;EDward Gaming;2;0;TYLOO;2022/03/02
122;EDward Gaming;2;1;KONE eSports Club;2022/02/28
123;EDward Gaming;2;0;Night Wings Gaming;2022/02/26
124;EDward Gaming;2;1;Attacking Soul Esports;2022/02/25
125;EDward Gaming;2;0;Number One Player;2022/02/24
126;EDward Gaming;1;3;Tales of Eastern;2021/09/06
127;EDward Gaming;2;0;Tales of Eastern;2021/09/05
128;EDward Gaming;2;1;Totoro Gaming;2021/09/04
129;EDward Gaming;2;1;Attacking Soul Esports;2021/09/03
130;EDward Gaming;2;1;Totoro Gaming;2021/08/27
131;EDward Gaming;2;1;Qing Jiu Club;2021/08/22
132;EDward Gaming;2;0;Invictus Gaming;2021/08/20
133;EDward Gaming;1;2;LIZHI;2021/08/13
134;EDward Gaming;0;2;KONE eSports Club;2021/08/12
135;EDward Gaming;2;0;All Gamers;2021/08/08
136;EDward Gaming;2;0;Night Wings Gaming;2021/08/02
137;EDward Gaming;2;1;Totoro Gaming;2021/07/29
138;EDward Gaming;0;2;Tales of Eastern;2021/07/13
139;EDward Gaming;2;1;Attacking Soul Esports;2021/07/10
140;EDward Gaming;1;2;LIZHI;2021/07/08
141;EDward Gaming;2;3;Suning Gaming;2021/06/16
142;EDward Gaming;2;1;KaiXin Esports;2021/06/14
143;EDward Gaming;2;0;Weibo Gaming;2021/06/12
144;EDward Gaming;2;0;Number One Player;2021/06/11
145;EDward Gaming;1;0;MAX Esports;2021/06/10
146;EDward Gaming;1;0;Shenzhen NTER;2021/06/10
147;EDward Gaming;1;0;Tales of Eastern;2021/06/10
148;EDward Gaming;1;0;CBT Gaming;2021/06/10
149;EDward Gaming;2;0;Underdog;2021/04/16
150;EDward Gaming;2;0;Oh My God;2021/04/16
151;EDward Gaming;0;2;CBT Gaming;2021/04/15
152;EDward Gaming;1;2;Totoro Gaming;2021/04/15
