;equipe;placar_casa;placar_visita;time_visita;data
0;Shopify Rebellion;3;2;FlyQuest RED;2024/06/16
1;Shopify Rebellion;2;1;Passion Project;2024/06/14
2;Shopify Rebellion;2;0;Reformed GC;2024/06/11
3;Shopify Rebellion;2;0;floppers;2024/06/10
4;Shopify Rebellion;2;1;FlyQuest RED;2024/04/27
5;Shopify Rebellion;2;1;Paw Pals;2024/04/27
6;Shopify Rebellion;2;0;mesos millionaires;2024/04/26
7;Shopify Rebellion;2;0;Awaken RED;2024/04/26
8;Shopify Rebellion;2;0;Silly Squad;2024/04/23
9;Shopify Rebellion;1;3;G2 Gozen;2024/04/21
10;Shopify Rebellion;2;0;GIANTX GC;2024/04/20
11;Shopify Rebellion;2;0;Karmine Corp GC;2024/04/20
12;Shopify Rebellion;3;0;FlyQuest RED;2024/03/10
13;Shopify Rebellion;2;1;FlyQuest RED;2024/03/08
14;Shopify Rebellion;2;0;Paw Pals;2024/03/06
15;Shopify Rebellion;2;0;Supernova Galaxy;2024/03/05
16;Shopify Rebellion;1;2;Ions Day Care;2024/02/13
17;Shopify Rebellion;1;2;Mochi Fanclub;2024/02/13
18;Shopify Rebellion;2;0;Berzerkers Night;2023/09/30
19;Shopify Rebellion;2;0;:3;2023/09/28
20;Shopify Rebellion;2;0;Husky Phantom X;2023/09/28
21;Shopify Rebellion;0;2;Ambrosia;2023/08/28
22;Shopify Rebellion;2;0;Exotic;2023/08/28
23;Shopify Rebellion;0;1;Instinct;2023/08/06
24;Shopify Rebellion;0;2;QoR;2023/08/05
25;Shopify Rebellion;0;2;Moist x Shopify;2023/08/05
26;Shopify Rebellion;3;0;Complexity GX3;2023/07/30
27;Shopify Rebellion;2;0;Disguised GC;2023/07/28
28;Shopify Rebellion;2;0;Complexity GX3;2023/07/26
29;Shopify Rebellion;2;0;Overkill Black;2023/07/26
30;Shopify Rebellion;2;0;FaZe Clan GC;2023/07/20
31;Shopify Rebellion;2;0;Overkill Black;2023/07/20
32;Shopify Rebellion;2;0;Infinity X;2023/07/14
33;Shopify Rebellion;0;2;Final Form Entertainment;2023/06/06
34;Shopify Rebellion;1;0;WTP;2023/06/06
35;Shopify Rebellion;1;0;Mango Munchers;2023/06/06
36;Shopify Rebellion;1;2;Anima Squad Only;2023/06/05
37;Shopify Rebellion;2;1;Spooky Ghosts;2023/06/05
38;Shopify Rebellion;2;0;Scan City;2023/06/04
39;Shopify Rebellion;1;0;Chicago Empyre Red;2023/06/04
40;Shopify Rebellion;1;0;Euphoria;2023/06/04
41;Shopify Rebellion;0;1;Team Revenge;2023/05/30
42;Shopify Rebellion;1;0;Chicago Empyre Red;2023/05/30
43;Shopify Rebellion;1;2;Arial Arise;2023/05/29
44;Shopify Rebellion;2;1;Cosmic Divide;2023/05/28
45;Shopify Rebellion;1;0;New Genes;2023/05/28
46;Shopify Rebellion;0;1;QoR;2023/05/28
47;Shopify Rebellion;1;0;Sovereign Esports;2023/05/28
48;Shopify Rebellion;0;2;Full House;2023/05/20
49;Shopify Rebellion;1;0;Team Resilience;2023/05/20
50;Shopify Rebellion;1;0;Diplomax Gaming;2023/05/20
51;Shopify Rebellion;2;0;Team Mystic;2023/05/16
52;Shopify Rebellion;0;2;The Silk Road;2023/05/16
53;Shopify Rebellion;2;0;Arial Arise;2023/05/15
54;Shopify Rebellion;2;0;Goth Girl Sanctuary;2023/05/15
55;Shopify Rebellion;2;1;Let Us Cook;2023/05/14
56;Shopify Rebellion;1;0;Wombo Combo;2023/05/14
57;Shopify Rebellion;1;0;Spooky Ghosts;2023/05/14
58;Shopify Rebellion;3;0;Shopify Rebellion GC;2023/04/14
59;Shopify Rebellion;2;0;Shopify Rebellion GC;2023/04/13
60;Shopify Rebellion;2;0;Complexity GX3;2023/04/11
61;Shopify Rebellion;2;0;FaZe Clan GC;2023/04/11
62;Shopify Rebellion;2;0;Misfits Black;2023/04/06
63;Shopify Rebellion;2;0;having fun;2023/04/06
64;Shopify Rebellion;2;0;REVIVAL;2023/04/04
65;Shopify Rebellion;2;0;Wingman Warriors;2023/04/04
66;Shopify Rebellion;0;2;NSIC;2023/03/18
67;Shopify Rebellion;2;0;call it Luck;2023/03/18
68;Shopify Rebellion;1;0;Team Reckaroo;2023/03/18
69;Shopify Rebellion;1;0;Clicken Chickens;2023/03/18
70;Shopify Rebellion;2;0;Complexity GX3;2023/03/12
71;Shopify Rebellion;2;0;Evil Geniuses GC;2023/03/11
72;Shopify Rebellion;0;1;noot noot;2023/03/11
73;Shopify Rebellion;1;0;Misfits Black;2023/03/11
74;Shopify Rebellion;1;0;No Brain No Aim;2023/03/11
75;Shopify Rebellion;2;0;milenut hannie;2023/01/22
76;Shopify Rebellion;2;0;Sanri-O's;2023/01/22
77;Shopify Rebellion;2;0;BABYSHARKZAZAS;2023/01/21
78;Shopify Rebellion;2;0;Hamboigas;2023/01/21
79;Shopify Rebellion;1;0;New Moon White;2023/01/20
80;Shopify Rebellion;1;0;Bald Ladies;2023/01/20
81;Shopify Rebellion;1;0;BHOP Celestial;2023/01/20
82;Shopify Rebellion;0;2;Team 4D;2023/01/18
83;Shopify Rebellion;2;0;TAMU White;2023/01/17
84;Shopify Rebellion;2;0;CPP White;2023/01/17
85;Shopify Rebellion;1;2;Rat Attack;2023/01/10
86;Shopify Rebellion;0;2;NSIC;2023/01/10
87;Shopify Rebellion;2;1;riribunobsumi;2023/01/10
88;Shopify Rebellion;2;0;Ugly Hamsters;2023/01/09
89;Shopify Rebellion;2;0;BHOP Esports;2023/01/09
90;Shopify Rebellion;0;2;Team Revenge;2022/12/20
91;Shopify Rebellion;2;1;Roblox Rejects;2022/12/19
92;Shopify Rebellion;1;0;Hyperactive;2022/12/19
93;Shopify Rebellion;0;1;No future life is over;2022/12/19
94;Shopify Rebellion;1;0;Hyperactive;2022/12/19
