;equipe;placar_casa;placar_visita;time_visita;data
0;The Ultimates;2;0;Unity Esports;2024/06/12
1;The Ultimates;2;0;DRAGONS;2024/06/11
2;The Ultimates;2;1;Underground Gaming;2024/06/10
3;The Ultimates;0;3;Team Falcons;2024/06/08
4;The Ultimates;3;1;The Vicious;2024/06/07
5;The Ultimates;2;0;Onyx Ravens;2024/06/06
6;The Ultimates;0;2;Team Falcons;2024/06/05
7;The Ultimates;0;2;Team Falcons;2024/06/03
8;The Ultimates;2;0;Vision Esports;2024/06/02
9;The Ultimates;1;2;Twisted Minds Esports;2024/06/01
10;The Ultimates;2;1;Twisted Minds Esports;2024/05/31
11;The Ultimates;2;0;KR Esports;2024/05/30
12;The Ultimates;1;2;Underground Gaming;2024/05/29
13;The Ultimates;2;0;Fraggerz;2024/05/28
14;The Ultimates;2;1;DRAGONS;2024/05/27
15;The Ultimates;2;1;Underground Gaming;2024/05/26
16;The Ultimates;0;2;Unity Esports;2024/05/25
17;The Ultimates;2;0;The Vicious;2024/05/24
18;The Ultimates;2;0;Vision Esports;2024/05/23
19;The Ultimates;1;2;Onyx Ravens;2024/05/22
20;The Ultimates;0;2;Team Falcons;2024/05/21
21;The Ultimates;2;0;Vision Esports;2024/05/20
22;The Ultimates;1;2;Twisted Minds Esports;2024/05/19
23;The Ultimates;2;0;Fraggerz;2024/05/18
24;The Ultimates;2;0;G3 Esports;2024/05/17
25;The Ultimates;0;2;Team Falcons;2024/05/16
26;The Ultimates;2;0;KR Esports;2024/05/15
27;The Ultimates;2;1;Twisted Minds Esports;2024/02/28
28;The Ultimates;2;0;DRAGONS;2024/02/27
29;The Ultimates;2;1;Vision Esports;2024/02/26
30;The Ultimates;2;1;XO Esports;2024/02/25
31;The Ultimates;0;2;Team Falcons;2024/02/24
32;The Ultimates;0;2;Team Falcons;2024/02/23
33;The Ultimates;2;0;Twisted Minds Esports;2024/02/22
34;The Ultimates;2;0;Underground Gaming;2024/02/21
35;The Ultimates;2;0;Underground Gaming;2024/02/19
36;The Ultimates;0;2;Fraggerz;2024/02/18
37;The Ultimates;1;2;Unity Esports;2024/02/17
38;The Ultimates;1;2;Twisted Minds Esports;2023/10/27
39;The Ultimates;0;2;Triple Esports Club;2023/10/25
40;The Ultimates;0;2;Team Falcons;2023/10/23
41;The Ultimates;1;3;Team Falcons;2023/10/21
42;The Ultimates;3;2;Team Falcons;2023/10/19
43;The Ultimates;2;1;Geekay Esports;2023/10/13
44;The Ultimates;2;0;Triple Esports Club;2023/10/07
45;The Ultimates;2;0;The Vicious;2023/10/06
46;The Ultimates;2;1;Twisted Minds Esports;2023/10/05
47;The Ultimates;1;2;Underground Gaming;2023/09/28
48;The Ultimates;1;0;Fraggerz;2023/09/09
49;The Ultimates;2;1;Triple Esports Club;2023/04/14
50;The Ultimates;2;0;NASR Academy;2023/04/14
51;The Ultimates;1;0;Underground Gaming;2023/04/11
52;The Ultimates;1;0;Twisted Minds Esports;2023/04/10
53;The Ultimates;3;0;Twisted Minds Esports;2023/04/05
54;The Ultimates;2;1;Team Falcons;2023/04/04
55;The Ultimates;2;0;PlayNation Esports;2023/04/03
56;The Ultimates;1;2;Unity Esports;2023/03/05
