;equipe;placar_casa;placar_visita;time_visita;data
0;MIBR;0;2;Cloud9;2024/05/05
1;MIBR;0;2;G2 Esports;2024/04/27
2;MIBR;0;2;NRG Esports;2024/04/23
3;MIBR;0;2;Sentinels;2024/04/20
4;MIBR;0;2;KRÜ Esports;2024/04/14
5;MIBR;2;1;G2 Esports;2024/02/26
6;MIBR;0;2;Sentinels;2024/02/26
7;MIBR;2;0;Cloud9;2024/02/25
8;MIBR;2;0;FURIA;2024/02/19
9;MIBR;1;2;Cloud9;2024/02/16
10;MIBR;0;2;XIT;2023/10/22
11;MIBR;2;0;RED Canids;2023/10/21
12;MIBR;2;0;MIXX;2023/10/20
13;MIBR;2;1;Arca do Marlow;2023/10/18
14;MIBR;2;1;Libertados;2023/10/17
15;MIBR;0;2;XIT;2023/10/16
16;MIBR;2;0;NOITE PAULISTA;2023/10/16
17;MIBR;0;2;KRÜ Esports;2023/07/15
18;MIBR;2;1;100 Thieves;2023/05/20
19;MIBR;0;2;Evil Geniuses;2023/05/13
20;MIBR;0;2;Cloud9;2023/05/06
21;MIBR;0;2;FURIA;2023/04/29
22;MIBR;0;2;Sentinels;2023/04/23
23;MIBR;0;2;Leviatán;2023/04/21
24;MIBR;2;1;NRG Esports;2023/04/15
25;MIBR;2;1;KRÜ Esports;2023/04/09
26;MIBR;1;2;LOUD;2023/04/02
27;MIBR;0;2;Talon Esports;2023/02/15
28;MIBR;1;3;Leviatán;2022/12/04
29;MIBR;2;0;Keyd Stars;2022/12/04
30;MIBR;1;2;Leviatán;2022/12/03
31;MIBR;2;1;Keyd Stars;2022/12/02
32;MIBR;1;3;Stars Horizon;2022/08/28
33;MIBR;2;0;The Union;2022/08/27
34;MIBR;2;0;Team Brave Soldiers;2022/08/26
35;MIBR;1;2;TBK Esports;2022/08/13
36;MIBR;2;1;Ninjas In Pyjamas;2022/08/10
37;MIBR;0;2;KRÜ Esports;2022/08/08
38;MIBR;2;0;E-Xolos LAZER;2022/08/07
39;MIBR;1;0;REiGN;2022/08/03
40;MIBR;1;0;DELIRA;2022/08/02
41;MIBR;1;0;Team Liquid Brazil;2022/08/01
42;MIBR;2;3;Ninjas In Pyjamas;2022/06/25
43;MIBR;2;0;Los Grandes;2022/06/23
44;MIBR;2;0;MIBR;2022/06/23
45;MIBR;0;2;Ninjas In Pyjamas;2022/06/22
46;MIBR;2;1;FURIA;2022/06/21
47;MIBR;1;2;Los Grandes;2022/06/21
48;MIBR;1;2;Ninjas In Pyjamas;2022/06/12
49;MIBR;2;0;TBK Esports;2022/06/04
50;MIBR;2;1;Liberty;2022/06/04
51;MIBR;2;1;Liberty;2022/05/29
52;MIBR;2;1;TBK Esports;2022/05/21
53;MIBR;1;2;Ninjas In Pyjamas;2022/05/21
54;MIBR;2;1;Keyd Stars;2022/05/15
55;MIBR;2;0;Galaxy Carrots;2022/04/08
56;MIBR;2;0;Team Vikings;2022/04/06
57;MIBR;1;2;INGAMING Esports;2022/04/05
58;MIBR;2;0;Bomb Crypto;2022/03/30
59;MIBR;2;0;SG e-Sports;2022/03/29
60;MIBR;0;2;Tropinha do TIKTOK 2.0;2022/03/28
61;MIBR;2;3;Ninjas In Pyjamas;2022/03/26
62;MIBR;2;0;FURIA;2022/03/24
63;MIBR;2;0;TBK Esports;2022/03/24
64;MIBR;0;2;LOUD;2022/03/23
65;MIBR;2;0;Gamelanders Blue;2022/03/22
66;MIBR;2;1;FURIA;2022/03/13
67;MIBR;2;0;Tuzzy E-Sports;2022/03/11
68;MIBR;2;1;INGAMING Esports;2022/03/05
69;MIBR;1;2;Ninjas In Pyjamas;2022/02/27
70;MIBR;1;2;ODDIK;2022/02/24
71;MIBR;1;0;B4 Esports;2022/02/17
72;MIBR;1;0;Renegados;2022/02/17
73;MIBR;2;1;Sharks Esports;2022/02/13
74;MIBR;0;2;TBK Esports;2022/01/24
75;MIBR;2;1;Los Grandes;2022/01/24
76;MIBR;1;2;Pancada e Amigos;2022/01/17
77;MIBR;2;0;INGAMING Esports;2022/01/17
78;MIBR;0;2;X10 Esports;2021/12/06
79;MIBR;1;2;Acend;2021/12/05
