;equipe;placar_casa;placar_visita;time_visita;data
0;Fire Flux Esports;2;1;S2G Esports;2024/06/10
1;Fire Flux Esports;2;0;Galatasaray Esports;2024/06/04
2;Fire Flux Esports;2;0;İstanbul Wildcats;2024/05/29
3;Fire Flux Esports;2;0;PCIFIC Espor;2024/05/21
4;Fire Flux Esports;3;0;Galakticos;2024/04/14
5;Fire Flux Esports;2;0;Galatasaray Esports;2024/04/06
6;Fire Flux Esports;2;0;Papara SuperMassive;2024/03/30
7;Fire Flux Esports;2;1;Fenerbahçe Esports;2024/03/11
8;Fire Flux Esports;2;1;İstanbul Wildcats;2024/03/10
9;Fire Flux Esports;2;1;Papara SuperMassive;2024/03/03
10;Fire Flux Esports;1;2;HOWL Esports;2024/02/18
11;Fire Flux Esports;2;0;S2G Esports;2024/02/11
12;Fire Flux Esports;2;0;Galatasaray Esports;2024/02/05
13;Fire Flux Esports;2;1;Digital Athletics;2024/02/03
14;Fire Flux Esports;1;2;Galakticos;2024/01/28
15;Fire Flux Esports;2;0;Regnum Carya Esports;2024/01/20
16;Fire Flux Esports;3;0;Fenerbahçe Esports;2023/12/30
17;Fire Flux Esports;1;2;PCIFIC Espor;2023/12/24
18;Fire Flux Esports;2;1;İstanbul Wildcats;2023/12/23
19;Fire Flux Esports;2;0;Digital Athletics;2023/12/21
20;Fire Flux Esports;2;0;Fenerbahçe Esports;2023/12/17
21;Fire Flux Esports;2;0;Galakticos;2023/12/16
22;Fire Flux Esports;2;1;PCIFIC Espor;2023/12/16
23;Fire Flux Esports;1;0;sutlu yumurta;2023/12/16
24;Fire Flux Esports;2;1;Digital Athletics;2023/02/18
25;Fire Flux Esports;2;1;Fenerbahçe Esports;2023/02/04
26;Fire Flux Esports;2;0;Galatasaray Esports;2023/01/30
27;Fire Flux Esports;2;1;Papara SuperMassive;2023/01/29
28;Fire Flux Esports;1;2;Thunderbolts Gaming;2023/01/28
29;Fire Flux Esports;2;1;Galatasaray Esports;2023/01/23
30;Fire Flux Esports;2;0;S2G Esports;2023/01/22
31;Fire Flux Esports;2;0;Digital Athletics;2023/01/16
32;Fire Flux Esports;0;2;Fire Flux Esports;2023/01/14
33;Fire Flux Esports;3;2;Papara SuperMassive;2022/12/04
34;Fire Flux Esports;2;3;Natus Vincere;2022/11/27
35;Fire Flux Esports;2;1;Giants Gaming;2022/11/26
36;Fire Flux Esports;1;2;Natus Vincere;2022/11/26
37;Fire Flux Esports;2;0;Team Divinity;2022/11/26
38;Fire Flux Esports;2;0;bonk;2022/11/25
39;Fire Flux Esports;2;0;Team hz;2022/11/25
40;Fire Flux Esports;2;1;FUT Esports;2022/11/24
41;Fire Flux Esports;1;2;Papara SuperMassive;2022/11/24
42;Fire Flux Esports;0;2;FUT Esports;2022/11/23
43;Fire Flux Esports;1;0;Galatasaray Esports;2022/11/23
44;Fire Flux Esports;0;2;Papara SuperMassive;2022/11/22
45;Fire Flux Esports;2;0;FUT Esports;2022/11/22
46;Fire Flux Esports;2;0;Regnum Carya Esports;2022/11/21
47;Fire Flux Esports;1;0;Galatasaray Esports;2022/11/13
48;Fire Flux Esports;1;0;Digital Athletics;2022/11/13
49;Fire Flux Esports;1;0;S2G Esports;2022/11/13
50;Fire Flux Esports;1;0;Galatasaray Esports;2022/11/13
51;Fire Flux Esports;0;1;Parla Esports;2022/11/11
52;Fire Flux Esports;1;0;Digital Athletics;2022/11/11
53;Fire Flux Esports;0;1;S2G Esports;2022/11/11
54;Fire Flux Esports;1;2;bonk;2022/10/30
55;Fire Flux Esports;0;2;bonk;2022/10/30
56;Fire Flux Esports;2;1;Team hz;2022/10/30
57;Fire Flux Esports;2;0;LANPACAN;2022/10/29
58;Fire Flux Esports;2;0;TENSTAR;2022/10/29
59;Fire Flux Esports;2;0;OnlyPain;2022/10/28
60;Fire Flux Esports;2;0;Boost Esport;2022/10/21
61;Fire Flux Esports;1;2;Regnum Carya Esports;2022/10/21
62;Fire Flux Esports;2;0;Fire Flux Young;2022/10/21
63;Fire Flux Esports;2;0;AimSnow;2022/10/20
64;Fire Flux Esports;2;0;eJutsu Gaming;2022/10/20
65;Fire Flux Esports;3;0;Galatasaray Esports;2022/10/09
66;Fire Flux Esports;1;0;OV2;2022/10/08
67;Fire Flux Esports;0;1;Enterprise Esports;2022/10/08
68;Fire Flux Esports;1;0;Diamant Esports;2022/10/08
69;Fire Flux Esports;0;1;LANPACAN;2022/10/08
70;Fire Flux Esports;1;0;SunnyBeach;2022/10/07
71;Fire Flux Esports;1;0;Thunderbolts Gaming;2022/10/04
72;Fire Flux Esports;0;1;Thunderbolts Gaming;2022/08/26
73;Fire Flux Esports;0;1;Dark Passage;2022/08/25
74;Fire Flux Esports;0;1;FUT Esports;2022/08/25
75;Fire Flux Esports;2;3;FUT Esports;2022/07/02
76;Fire Flux Esports;3;2;Fenerbahçe Esports;2022/06/30
77;Fire Flux Esports;2;1;Thunderbolts Gaming;2022/06/20
78;Fire Flux Esports;2;0;Fenerbahçe Esports;2022/06/14
79;Fire Flux Esports;1;2;Papara SuperMassive;2022/06/07
80;Fire Flux Esports;1;2;Galakticos;2022/05/30
81;Fire Flux Esports;2;1;FUT Esports;2022/05/24
82;Fire Flux Esports;2;0;Galatasaray Esports;2022/05/16
83;Fire Flux Esports;2;0;Team Lixa;2022/05/09
84;Fire Flux Esports;1;3;Surreal Esports;2022/03/19
85;Fire Flux Esports;3;0;Team Lixa;2022/03/17
86;Fire Flux Esports;2;0;Galatasaray Esports;2022/03/08
87;Fire Flux Esports;2;0;Fenerbahçe Esports;2022/03/02
88;Fire Flux Esports;2;1;Thunderbolts Gaming;2022/03/01
89;Fire Flux Esports;2;0;FUT Esports;2022/02/23
90;Fire Flux Esports;2;0;Galakticos;2022/02/21
91;Fire Flux Esports;1;2;Surreal Esports;2022/02/16
92;Fire Flux Esports;2;0;Team Lixa;2022/02/15
93;Fire Flux Esports;2;0;Beşiktaş Esports;2022/01/28
94;Fire Flux Esports;2;0;Galakticos;2022/01/27
95;Fire Flux Esports;0;2;BBL Esports;2022/01/22
96;Fire Flux Esports;1;2;FUT Esports;2022/01/21
97;Fire Flux Esports;2;0;Surreal Esports;2022/01/21
98;Fire Flux Esports;2;0;Team Aurora;2022/01/20
99;Fire Flux Esports;1;3;Papara SuperMassive;2022/01/16
100;Fire Flux Esports;2;0;BBL Esports;2022/01/15
101;Fire Flux Esports;0;2;Papara SuperMassive;2022/01/14
102;Fire Flux Esports;2;1;FUT Esports;2022/01/14
103;Fire Flux Esports;2;0;Fenerbahçe Esports;2022/01/13
104;Fire Flux Esports;3;0;Regnum Carya Esports;2021/11/30
105;Fire Flux Esports;2;1;FUT Esports;2021/11/28
106;Fire Flux Esports;2;1;Regnum Carya Esports;2021/11/26
107;Fire Flux Esports;2;0;Beşiktaş Esports;2021/11/24
108;Fire Flux Esports;0;1;SMARACIS eSports;2021/11/06
109;Fire Flux Esports;1;0;Team Queso;2021/11/05
110;Fire Flux Esports;1;0;LUNARISs;2021/11/05
111;Fire Flux Esports;0;2;Ninjas in Pyjamas;2021/10/20
112;Fire Flux Esports;1;0;Fire Flux Young;2021/10/20
113;Fire Flux Esports;0;2;FUT Esports;2021/09/02
114;Fire Flux Esports;1;3;BBL Esports;2021/09/01
115;Fire Flux Esports;2;1;Digital Athletics;2021/08/30
116;Fire Flux Esports;3;1;Digital Athletics;2021/07/31
117;Fire Flux Esports;3;1;Thunderbolts Gaming;2021/07/30
118;Fire Flux Esports;2;0;Beşiktaş Esports;2021/07/29
119;Fire Flux Esports;2;0;RARE Esports;2021/07/28
120;Fire Flux Esports;2;1;BBL Esports;2021/07/27
121;Fire Flux Esports;1;2;Digital Athletics;2021/07/27
122;Fire Flux Esports;1;2;Papara SuperMassive;2021/07/08
123;Fire Flux Esports;2;1;BBL Esports;2021/07/07
124;Fire Flux Esports;2;1;Zero Zone;2021/07/06
125;Fire Flux Esports;0;2;Oxygen Esports;2021/07/06
126;Fire Flux Esports;2;0;İstanbul Wildcats;2021/07/02
127;Fire Flux Esports;2;0;Orgless5;2021/07/01
128;Fire Flux Esports;1;2;BBL Esports;2021/06/30
129;Fire Flux Esports;2;0;Surreal Esports;2021/06/30
130;Fire Flux Esports;2;0;Schat'z;2021/06/29
131;Fire Flux Esports;2;0;C SITE E-SPORTS;2021/06/29
132;Fire Flux Esports;0;2;One Breath Gaming;2021/06/18
133;Fire Flux Esports;2;0;KASTIRALIS;2021/06/17
134;Fire Flux Esports;1;0;Aim.Attack;2021/06/11
135;Fire Flux Esports;1;0;Team Singularity;2021/06/11
136;Fire Flux Esports;2;1;RARE Esports;2021/06/05
137;Fire Flux Esports;1;0;BLXST;2021/06/05
