;equipe;placar_casa;placar_visita;time_visita;data
0;FAV gaming;1;2;CREST GAMING Zst;2024/05/05
1;FAV gaming;2;1;CREST GAMING Zst;2024/05/04
2;FAV gaming;2;0;AXELERATE;2024/05/03
3;FAV gaming;2;0;STRIDERZ;2024/05/03
4;FAV gaming;0;2;REJECT;2024/01/24
5;FAV gaming;2;1;AMORIS Vega;2024/01/24
6;FAV gaming;1;2;REJECT;2024/01/23
7;FAV gaming;2;0;STRIDERZ;2024/01/22
8;FAV gaming;2;0;AMORIS Vega;2024/01/22
9;FAV gaming;0;2;Team Secret;2024/01/14
10;FAV gaming;1;0;BOOM Esports;2024/01/13
11;FAV gaming;1;0;Antic Esports;2024/01/11
12;FAV gaming;1;0;Nuclear GC;2024/01/11
13;FAV gaming;1;0;Oasis Gaming;2024/01/11
14;FAV gaming;3;2;CREST GAMING Zst;2023/10/22
15;FAV gaming;2;0;Sengoku Gaming;2023/10/21
16;FAV gaming;2;1;REIGNITE;2023/10/15
17;FAV gaming;2;0;NouvelleVauga;2023/10/14
18;FAV gaming;2;3;FENNEL;2023/09/24
19;FAV gaming;2;1;Les Sixz;2023/09/23
20;FAV gaming;2;1;Murash Gaming;2023/09/21
21;FAV gaming;2;0;DOPENESS;2023/09/14
22;FAV gaming;0;2;CREST GAMING Zst;2023/03/31
23;FAV gaming;2;0;BLUE BEES.ESP;2023/03/29
24;FAV gaming;1;2;SCARZ;2023/03/27
25;FAV gaming;2;0;ENTER FORCE.36;2023/03/23
26;FAV gaming;2;0;ENTER FORCE.36;2023/03/22
27;FAV gaming;2;0;DELTA esports;2023/03/21
28;FAV gaming;2;0;Taikai Motto Huete;2023/03/21
29;FAV gaming;0;2;Crazy Raccoon;2023/01/15
30;FAV gaming;2;0;FIRST Gaming;2023/01/15
31;FAV gaming;1;2;Crazy Raccoon;2023/01/14
32;FAV gaming;2;0;AMORIS Vega;2023/01/13
33;FAV gaming;2;0;Radical Pop Gaming;2023/01/13
34;FAV gaming;2;0;NORTHEPTION;2022/12/11
35;FAV gaming;2;0;CNJ Esports;2022/10/16
36;FAV gaming;0;2;DRX;2022/10/15
37;FAV gaming;0;2;REJECT;2022/06/12
38;FAV gaming;0;2;ZETA DIVISION;2022/06/11
39;FAV gaming;2;0;Sengoku Gaming;2022/06/10
40;FAV gaming;0;2;NORTHEPTION;2022/05/21
41;FAV gaming;2;0;Jadeite;2022/05/21
42;FAV gaming;2;0;BLUE BEES.ESP;2022/05/13
43;FAV gaming;2;0;Epitaph;2022/05/12
44;FAV gaming;2;0;Eldritch;2022/05/10
45;FAV gaming;0;2;Crazy Raccoon;2022/03/26
46;FAV gaming;2;0;NORTHEPTION;2022/03/26
47;FAV gaming;1;2;IGZIST;2022/03/25
48;FAV gaming;2;0;REJECT;2022/03/24
49;FAV gaming;0;2;NORTHEPTION;2022/03/12
50;FAV gaming;2;0;BLUE BEES.ESP;2022/03/12
51;FAV gaming;2;0;Storks Phalanx;2022/03/05
52;FAV gaming;2;0;No Country;2022/03/03
53;FAV gaming;0;2;NORTHEPTION;2022/02/19
54;FAV gaming;2;0;AWS;2022/02/17
55;FAV gaming;1;2;BLUE BEES.ESP;2021/10/20
56;FAV gaming;2;0;Storks Phalanx;2021/10/19
57;FAV gaming;0;1;FENNEL;2021/07/17
58;FAV gaming;1;0;New Team;2021/07/17
59;FAV gaming;1;0;Rebellion Arts;2021/07/17
60;FAV gaming;1;0;SchwarzerLand;2021/07/17
61;FAV gaming;1;0;AKIHABARA ENCOUNT;2021/07/17
62;FAV gaming;0;1;Crazy Raccoon;2021/07/04
63;FAV gaming;2;0;BlackBird Ignis;2021/02/13
64;FAV gaming;1;2;Crazy Raccoon;2021/02/12
65;FAV gaming;2;0;Novagis Gaming;2021/02/11
66;FAV gaming;0;2;Absolute JUPITER;2020/12/20
67;FAV gaming;2;1;SCARZ;2020/12/20
