;equipe;placar_casa;placar_visita;time_visita;data
0;R8 Esports;2;0;top gz;2024/06/11
1;R8 Esports;2;0;Team Occupy;2024/06/10
2;R8 Esports;2;1;Gamax Esports;2024/06/04
3;R8 Esports;2;0;Team RA'AD;2024/06/03
4;R8 Esports;2;0;Onyx Ravens;2024/06/02
5;R8 Esports;0;2;NASR Esports;2024/06/01
6;R8 Esports;2;0;Skulls Esports;2024/05/28
7;R8 Esports;2;0;top gz;2024/05/27
8;R8 Esports;2;0;Team Occupy;2024/05/26
9;R8 Esports;2;0;Gamax Esports;2024/05/25
10;R8 Esports;1;2;Team RA'AD;2024/05/21
11;R8 Esports;1;2;Onyx Ravens;2024/05/20
12;R8 Esports;2;0;NASR Esports;2024/05/19
13;R8 Esports;2;0;Skulls Esports;2024/05/18
14;R8 Esports;3;0;NASR Esports;2024/04/01
15;R8 Esports;2;0;Onyx Ravens;2024/03/27
16;R8 Esports;0;2;NASR Esports;2024/03/25
17;R8 Esports;2;0;Onyx Ravens;2024/03/12
18;R8 Esports;2;0;Skulls Esports;2024/03/11
19;R8 Esports;0;2;NASR Esports;2024/03/10
20;R8 Esports;2;0;Team RA'AD;2024/03/09
21;R8 Esports;2;0;Team Occupy;2024/03/05
22;R8 Esports;2;1;Contractless;2024/03/04
23;R8 Esports;2;0;Gamax Esports;2024/03/03
24;R8 Esports;2;0;Onyx Ravens;2024/03/02
25;R8 Esports;2;0;Skulls Esports;2024/02/28
26;R8 Esports;2;0;NASR Esports;2024/02/27
27;R8 Esports;2;0;Team RA'AD;2024/02/23
28;R8 Esports;1;2;Team Occupy;2024/02/19
29;R8 Esports;2;0;Contractless;2024/02/18
30;R8 Esports;2;0;Gamax Esports;2024/02/17
