;equipe;placar_casa;placar_visita;time_visita;data
0;SJSU Blue;0;2;Blinn;2024/05/25
1;SJSU Blue;0;2;UST Esports;2024/05/19
2;SJSU Blue;2;1;Ball State;2024/05/18
3;SJSU Blue;2;1;St. Clair Saints;2024/05/12
4;SJSU Blue;2;0;West Virginia University;2024/05/11
5;SJSU Blue;1;2;Winthrop University;2024/05/04
6;SJSU Blue;1;2;CSUF Orange;2024/04/14
7;SJSU Blue;2;0;UBC Black;2024/04/13
8;SJSU Blue;2;3;SFU Pink;2024/03/03
9;SJSU Blue;3;1;SFU Pink;2024/02/24
10;SJSU Blue;2;1;Demigods @ UCSD;2024/02/18
11;SJSU Blue;2;0;Boise State University;2024/02/17
12;SJSU Blue;2;0;IVC Blue;2024/02/11
13;SJSU Blue;2;0;UW Esports;2024/02/10
14;SJSU Blue;0;2;Fisher Navy;2023/12/17
15;SJSU Blue;2;0;Blinn;2023/12/17
16;SJSU Blue;0;2;Fisher Navy;2023/12/16
17;SJSU Blue;2;1;Northwood University;2023/12/15
18;SJSU Blue;2;0;Fisher White;2023/12/15
19;SJSU Blue;0;3;SFU Pink;2023/12/10
20;SJSU Blue;3;1;IVC Blue;2023/12/02
21;SJSU Blue;0;2;MBU Spartans;2023/11/25
22;SJSU Blue;2;0;SDSU Black;2023/11/19
23;SJSU Blue;2;0;Esports at UCD Blue;2023/11/18
24;SJSU Blue;1;2;St. Clair Saints;2023/11/13
25;SJSU Blue;2;0;UW Esports;2023/11/12
26;SJSU Blue;2;0;DAC Gold;2023/11/11
27;SJSU Blue;2;0;Ball State;2023/10/01
28;SJSU Blue;2;0;Oklahoma;2023/10/01
29;SJSU Blue;0;2;Fisher White;2023/09/24
30;SJSU Blue;2;0;Carleton Ravens;2023/09/24
31;SJSU Blue;1;2;SNHU Blue;2023/05/06
32;SJSU Blue;1;2;GCU Esports;2023/04/20
33;SJSU Blue;0;1;OSU Varsity;2023/04/05
34;SJSU Blue;0;2;SFU Pink;2023/04/02
35;SJSU Blue;2;0;CSUF Blue;2023/04/01
36;SJSU Blue;1;2;UO Green;2023/02/11
37;SJSU Blue;1;2;FIU Varsity;2023/01/04
38;SJSU Blue;1;0;Northeastern Black;2023/01/04
39;SJSU Blue;0;1;Carleton Ravens;2023/01/04
40;SJSU Blue;1;0;GVSU Blue;2023/01/04
41;SJSU Blue;3;0;UBC Esports;2022/12/11
42;SJSU Blue;3;1;UAESA Green;2022/12/04
43;SJSU Blue;0;2;Waveridahs UH;2022/11/29
44;SJSU Blue;0;1;St. Clair Saints;2022/11/26
45;SJSU Blue;0;1;UST Esports;2022/11/25
46;SJSU Blue;2;0;UCR Blue;2022/11/20
47;SJSU Blue;0;1;UST Esports;2022/11/20
48;SJSU Blue;1;0;Wichita State Esports;2022/11/20
49;SJSU Blue;2;0;Esports at UCD Gold;2022/11/20
50;SJSU Blue;2;0;USC Cardinal;2022/11/15
51;SJSU Blue;2;0;UC Irvine;2022/11/13
52;SJSU Blue;2;0;Boise State University;2022/11/12
