;equipe;placar_casa;placar_visita;time_visita;data
0;MOUZ;2;1;DIVIZON;2024/06/16
1;MOUZ;2;0;Xperion NXT;2024/06/14
2;MOUZ;2;1;FOKUS;2024/06/10
3;MOUZ;2;0;Permitta Unicorns;2024/06/04
4;MOUZ;1;2;SK Gaming;2024/05/27
5;MOUZ;0;2;CGN Esports;2024/05/21
6;MOUZ;2;0;Ovation eSports;2024/05/19
7;MOUZ;1;2;CGN Esports;2024/05/04
8;MOUZ;2;1;CGN Esports;2024/04/20
9;MOUZ;2;0;Unicorns of Love;2024/04/07
10;MOUZ;2;0;DIVIZON;2024/03/30
11;MOUZ;2;1;Ovation eSports;2024/03/29
12;MOUZ;2;0;FOKUS;2024/03/10
13;MOUZ;2;0;RIZON;2024/03/02
14;MOUZ;2;0;ALTERNATE aTTaX;2024/02/27
15;MOUZ;2;1;CGN Esports;2024/02/17
16;MOUZ;2;0;SK Gaming;2024/02/16
17;MOUZ;2;1;Eintracht Frankfurt;2024/02/11
18;MOUZ;0;3;Ovation eSports;2023/11/26
19;MOUZ;3;1;CGN Esports;2023/11/18
20;MOUZ;3;1;ALTERNATE aTTaX;2023/11/12
21;MOUZ;2;0;Reveal Multigaming;2023/11/07
22;MOUZ;2;1;FOKUS & Friends;2023/11/04
23;MOUZ;2;1;VCL Rejects;2023/11/04
24;MOUZ;2;0;Ovation eSports;2023/10/28
25;MOUZ;2;0;GEEKZ ENERGY eSPORTS;2023/10/26
26;MOUZ;2;1;DIVIZON;2023/10/25
27;MOUZ;2;0;UCAN ESPORTS;2023/10/18
28;MOUZ;2;0;ALTERNATE aTTaX;2023/04/09
29;MOUZ;2;0;Ovation eSports;2023/04/03
30;MOUZ;2;0;Unicorns of Love;2023/04/02
31;MOUZ;1;2;Angry Titans;2023/02/26
32;MOUZ;0;2;CGN Esports;2023/02/25
33;MOUZ;2;0;Unicorns of Love;2023/02/04
