;equipe;placar_casa;placar_visita;time_visita;data
0;E-Xolos LAZER;2;0;ILLICIT;2024/06/20
1;E-Xolos LAZER;2;1;ILLICIT;2024/06/14
2;E-Xolos LAZER;0;2;RETA Esports;2024/06/13
3;E-Xolos LAZER;2;1;TP REVEN;2024/06/05
4;E-Xolos LAZER;2;0;FUSION;2024/05/17
5;E-Xolos LAZER;2;1;Six Karma;2024/05/16
6;E-Xolos LAZER;2;3;Six Karma;2024/04/04
7;E-Xolos LAZER;0;2;RETA Esports;2024/03/29
8;E-Xolos LAZER;2;1;Six Karma;2024/03/28
9;E-Xolos LAZER;2;0;19esports;2024/03/13
10;E-Xolos LAZER;2;1;Mookah Rabbits;2024/03/07
11;E-Xolos LAZER;2;0;FUSION;2024/03/01
12;E-Xolos LAZER;1;2;RETA Esports;2024/02/22
13;E-Xolos LAZER;2;0;Six Karma;2024/02/21
14;E-Xolos LAZER;2;0;Gaming Up;2023/11/19
15;E-Xolos LAZER;2;0;19esports;2023/11/17
16;E-Xolos LAZER;2;0;ILLICIT;2023/11/14
17;E-Xolos LAZER;2;1;Gaming Up;2023/11/13
18;E-Xolos LAZER;2;1;Chivas Esports;2023/10/28
19;E-Xolos LAZER;2;0;Six Karma;2023/10/21
20;E-Xolos LAZER;2;0;FiRePOWER;2023/10/20
21;E-Xolos LAZER;0;2;Skull Cracker;2023/05/16
22;E-Xolos LAZER;1;2;Six Karma;2023/05/10
23;E-Xolos LAZER;1;2;RETA Esports;2023/05/09
24;E-Xolos LAZER;0;2;FUSION;2023/05/02
25;E-Xolos LAZER;0;2;19esports;2023/04/26
26;E-Xolos LAZER;1;3;Six Karma;2023/03/26
27;E-Xolos LAZER;2;0;Skull Cracker;2023/03/25
28;E-Xolos LAZER;2;1;Six Karma;2023/03/19
29;E-Xolos LAZER;0;2;19esports;2023/03/18
30;E-Xolos LAZER;0;2;FUSION;2023/03/14
31;E-Xolos LAZER;0;2;Skull Cracker;2023/03/12
32;E-Xolos LAZER;2;0;RETA Esports;2023/03/01
33;E-Xolos LAZER;0;1;19esports;2023/02/08
34;E-Xolos LAZER;0;1;Skull Cracker;2023/02/08
35;E-Xolos LAZER;1;2;TBK Esports;2022/08/09
36;E-Xolos LAZER;0;2;Keyd Stars;2022/08/07
37;E-Xolos LAZER;0;2;Leviatán;2022/06/24
38;E-Xolos LAZER;0;2;KRÜ Esports;2022/06/23
39;E-Xolos LAZER;2;0;Team Cruelty;2022/06/10
40;E-Xolos LAZER;0;2;FUSION;2022/06/09
41;E-Xolos LAZER;2;1;FUSION;2022/06/03
42;E-Xolos LAZER;2;0;Border Monsters;2022/05/27
43;E-Xolos LAZER;2;1;Six Karma;2022/05/20
44;E-Xolos LAZER;2;0;INFINITY;2022/05/19
45;E-Xolos LAZER;2;1;Team Cruelty;2022/05/12
46;E-Xolos LAZER;0;2;KRÜ Esports;2022/03/27
47;E-Xolos LAZER;1;2;Leviatán;2022/03/26
48;E-Xolos LAZER;2;0;KRÜ Esports;2022/03/24
49;E-Xolos LAZER;2;1;FUSION;2022/03/10
50;E-Xolos LAZER;2;0;Border Monsters;2022/03/03
51;E-Xolos LAZER;2;0;FUSION;2022/02/24
52;E-Xolos LAZER;2;1;INFINITY;2022/02/23
53;E-Xolos LAZER;2;0;Ryze Gaming;2022/02/18
54;E-Xolos LAZER;2;1;Six Karma;2022/02/17
55;E-Xolos LAZER;2;0;Border Monsters;2022/01/26
56;E-Xolos LAZER;2;1;Vi4 Esports;2022/01/25
57;E-Xolos LAZER;2;0;Butterfly Effect;2022/01/23
58;E-Xolos LAZER;0;2;FURIA;2021/10/13
59;E-Xolos LAZER;0;2;Sharks Esports;2021/10/11
60;E-Xolos LAZER;0;2;Six Karma;2021/08/08
61;E-Xolos LAZER;0;2;INFINITY;2021/08/07
62;E-Xolos LAZER;2;0;Six Karma;2021/08/06
63;E-Xolos LAZER;2;1;Granjeros;2021/08/01
64;E-Xolos LAZER;2;1;Ryze Gaming;2021/07/31
65;E-Xolos LAZER;2;0;En corto gamers;2021/07/30
66;E-Xolos LAZER;2;0;Akave Esports;2021/07/28
67;E-Xolos LAZER;0;1;En corto gamers;2021/07/27
68;E-Xolos LAZER;0;2;INFINITY;2021/07/11
69;E-Xolos LAZER;2;0;Ryze Gaming;2021/07/10
70;E-Xolos LAZER;2;0;Akave Esports;2021/07/09
71;E-Xolos LAZER;2;1;Border Monsters;2021/07/07
72;E-Xolos LAZER;0;1;INFINITY;2021/07/06
73;E-Xolos LAZER;2;1;Granjeros;2021/06/25
74;E-Xolos LAZER;0;2;INFINITY;2021/05/01
75;E-Xolos LAZER;0;2;Six Karma;2021/05/01
76;E-Xolos LAZER;2;0;Border Monsters;2021/04/30
77;E-Xolos LAZER;0;2;INFINITY;2021/04/11
78;E-Xolos LAZER;2;1;Funkboings;2021/04/10
79;E-Xolos LAZER;2;0;Pro Hub Gaming;2021/04/09
80;E-Xolos LAZER;2;0;Reven Esports;2021/04/07
81;E-Xolos LAZER;1;0;Janus Esports;2021/01/23
82;E-Xolos LAZER;2;0;Pichon Bellaco;2021/01/22
