;equipe;placar_casa;placar_visita;time_visita;data
0;TBK Esports;2;1;Hero Base;2024/06/13
1;TBK Esports;2;1;Galorys;2024/06/11
2;TBK Esports;0;2;2Game Esports;2024/06/04
3;TBK Esports;2;1;SAGAZ;2024/05/31
4;TBK Esports;0;2;Legacy;2024/05/28
5;TBK Esports;2;0;Stellae Gaming;2024/05/22
6;TBK Esports;2;3;Legacy;2024/04/11
7;TBK Esports;1;2;Stellae Gaming;2024/04/10
8;TBK Esports;2;0;Legacy;2024/04/09
9;TBK Esports;2;1;RED Canids;2024/04/03
10;TBK Esports;0;2;OLIMPO;2024/03/28
11;TBK Esports;0;2;XLD Gaming;2024/03/19
12;TBK Esports;2;1;2Game Esports;2024/03/12
13;TBK Esports;1;2;Hero Base;2024/03/08
14;TBK Esports;1;2;Stellae Gaming;2024/03/05
15;TBK Esports;0;2;Legacy;2024/02/29
16;TBK Esports;2;0;CO-OP.gg;2024/02/21
17;TBK Esports;2;0;Galorys;2024/02/15
18;TBK Esports;0;2;Arca do Marlow;2023/10/17
19;TBK Esports;2;1;timberknick;2023/10/17
20;TBK Esports;1;2;RED Canids;2023/10/16
21;TBK Esports;0;2;Liberty;2023/07/29
22;TBK Esports;2;1;XIT;2023/07/27
23;TBK Esports;0;2;Smoke Troop;2023/06/18
24;TBK Esports;1;2;Peito Infinity;2023/06/17
25;TBK Esports;0;2;TropiCaos;2023/06/16
26;TBK Esports;1;0;MEGAZORD;2023/06/15
27;TBK Esports;1;0;TotalePRO;2023/06/14
28;TBK Esports;1;2;MIXX;2023/06/10
29;TBK Esports;1;2;NEV;2023/06/09
30;TBK Esports;2;0;MIXX;2023/06/08
31;TBK Esports;1;2;Keyd Stars;2023/06/01
32;TBK Esports;0;2;ODDIK;2023/05/30
33;TBK Esports;2;1;ODDIK;2023/05/16
34;TBK Esports;0;2;The Union;2023/05/11
35;TBK Esports;2;0;RED Canids;2023/05/04
36;TBK Esports;2;1;Liberty;2023/04/26
37;TBK Esports;1;2;Keyd Stars;2023/04/19
38;TBK Esports;2;1;TropiCaos;2023/04/12
39;TBK Esports;0;2;00Nation;2023/04/06
40;TBK Esports;0;2;TropiCaos;2023/03/16
41;TBK Esports;0;2;Keyd Stars;2023/03/14
42;TBK Esports;2;1;00Nation;2023/03/08
43;TBK Esports;2;0;Keyd Stars;2023/03/01
44;TBK Esports;0;2;Liberty;2023/02/21
45;TBK Esports;2;1;The Union;2023/02/08
46;TBK Esports;0;2;RED Canids;2023/02/01
47;TBK Esports;1;2;ODDIK;2023/01/25
48;TBK Esports;2;1;TropiCaos;2023/01/19
49;TBK Esports;0;2;ODDIK;2022/12/04
50;TBK Esports;1;2;Sealed;2022/11/20
51;TBK Esports;2;0;TOROS GANG;2022/11/17
52;TBK Esports;2;1;DELIRA;2022/11/16
53;TBK Esports;1;2;Los Grandes;2022/11/08
54;TBK Esports;2;0;bb.w7m;2022/11/05
55;TBK Esports;0;3;FURIA;2022/08/14
56;TBK Esports;2;1;Keyd Stars;2022/08/13
57;TBK Esports;2;0;9z Team;2022/08/10
58;TBK Esports;2;1;E-Xolos LAZER;2022/08/09
59;TBK Esports;1;2;KRÜ Esports;2022/08/07
60;TBK Esports;2;1;Liberty;2022/06/12
61;TBK Esports;0;2;Keyd Stars;2022/06/04
62;TBK Esports;1;2;Ninjas In Pyjamas;2022/05/29
63;TBK Esports;1;2;MIBR;2022/05/21
64;TBK Esports;0;2;Keyd Stars;2022/03/24
65;TBK Esports;0;2;FURIA;2022/03/22
66;TBK Esports;2;0;Liberty;2022/03/12
67;TBK Esports;2;0;Team Vikings;2022/03/06
68;TBK Esports;0;2;LOUD;2022/02/26
69;TBK Esports;2;1;Gamelanders Blue;2022/02/20
70;TBK Esports;2;0;MIBR;2022/01/24
71;TBK Esports;2;0;B4 Esports;2022/01/24
72;TBK Esports;0;2;Botafogo eSports;2022/01/17
73;TBK Esports;0;2;Stars Horizon;2021/11/28
74;TBK Esports;2;0;Real Esports;2021/11/19
75;TBK Esports;1;2;Portuguesa Esports;2021/11/17
76;TBK Esports;2;1;HIGHPOWER;2021/11/16
77;TBK Esports;0;1;ODDIK;2021/10/03
78;TBK Esports;0;1;Carecância;2021/10/02
79;TBK Esports;1;0;SG e-Sports;2021/10/02
80;TBK Esports;0;2;INGAMING Esports;2021/08/01
81;TBK Esports;0;1;Keyd Stars;2021/07/31
82;TBK Esports;0;2;Team Vikings;2021/07/25
83;TBK Esports;0;2;Stars Horizon;2021/07/24
84;TBK Esports;1;0;FURIA;2021/07/17
85;TBK Esports;2;1;HIGHPOWER;2021/07/13
86;TBK Esports;2;0;Jujutsu;2021/07/13
87;TBK Esports;1;2;Sharks Esports;2021/07/11
88;TBK Esports;2;1;Liberty;2021/07/04
89;TBK Esports;0;1;Sharks Esports;2021/07/03
90;TBK Esports;2;0;Extenzy Gaming;2021/06/30
91;TBK Esports;2;0;FavelaW;2021/06/30
92;TBK Esports;1;2;Predestinados;2021/06/24
93;TBK Esports;2;1;ODDIK;2021/06/22
94;TBK Esports;0;1;RevoadaVLR;2021/06/16
95;TBK Esports;1;0;3P eSports;2021/06/15
96;TBK Esports;1;0;DELIRAWOW;2021/06/03
97;TBK Esports;0;1;Desempregados;2021/06/03
98;TBK Esports;0;3;TERROR.NET;2021/05/10
99;TBK Esports;2;1;Rise Gaming;2021/05/07
100;TBK Esports;2;1;Keyd Stars;2021/05/06
101;TBK Esports;2;0;INTZ Angels;2021/05/06
102;TBK Esports;0;2;Rise Gaming;2021/05/04
103;TBK Esports;1;2;INGAMING Esports;2021/05/02
104;TBK Esports;0;2;FURIA;2021/05/01
105;TBK Esports;2;0;Black Dragons;2021/04/26
106;TBK Esports;0;2;SLICK;2021/04/25
107;TBK Esports;1;0;Folouers Esports;2021/04/23
108;TBK Esports;2;0;Imperial Esports;2021/04/16
109;TBK Esports;2;1;Stars Horizon;2021/04/13
110;TBK Esports;2;1;Memelanders;2021/04/13
111;TBK Esports;0;2;Team Vikings;2021/03/20
112;TBK Esports;2;1;Vorax;2021/03/14
113;TBK Esports;2;0;Rise Gaming;2021/03/07
114;TBK Esports;2;0;FREEAGENTS;2021/02/28
115;TBK Esports;0;1;Rise Gaming;2021/02/27
116;TBK Esports;2;1;DRAGON BALL;2021/02/23
117;TBK Esports;2;0;Liga Uncharted;2021/02/23
118;TBK Esports;0;1;SLICK;2021/02/11
119;TBK Esports;0;1;Liberty;2021/02/11
120;TBK Esports;0;2;Team Vikings;2021/01/26
121;TBK Esports;2;0;Agentes Livres;2021/01/26
122;TBK Esports;1;3;Gamelanders Blue;2020/12/06
123;TBK Esports;2;0;Liberty;2020/12/05
124;TBK Esports;2;1;Imperial Esports;2020/12/04
125;TBK Esports;1;2;Imperial Esports;2020/11/26
126;TBK Esports;2;0;INTZ Angels;2020/11/20
127;TBK Esports;2;0;Black Dragons;2020/11/15
128;TBK Esports;2;0;dogz;2020/11/13
129;TBK Esports;2;0;1tap;2020/11/01
130;TBK Esports;1;0;Furnace e-sports;2020/10/31
131;TBK Esports;1;2;Mix;2020/10/27
132;TBK Esports;1;0;OSKARAVELHO;2020/10/26
133;TBK Esports;1;0;1tap;2020/10/24
134;TBK Esports;1;2;B4 Esports;2020/10/24
135;TBK Esports;0;1;RED Canids;2020/10/17
136;TBK Esports;2;3;Gamelanders Blue;2020/10/06
137;TBK Esports;1;0;Gamelanders Blue;2020/10/05
138;TBK Esports;1;0;VIMDOLOL;2020/10/05
139;TBK Esports;1;0;Team oNe;2020/10/04
140;TBK Esports;2;1;Fusion Fraggers;2020/09/27
141;TBK Esports;2;1;VIMDOLOL;2020/09/27
142;TBK Esports;2;0;B4 Esports;2020/09/26
143;TBK Esports;2;0;FAKEZIN;2020/09/26
144;TBK Esports;0;1;B4 Esports;2020/09/26
145;TBK Esports;2;0;Falkol eSports;2020/09/21
146;TBK Esports;2;1;1tap;2020/09/21
147;TBK Esports;1;2;FULLCS;2020/07/15
