;equipe;placar_casa;placar_visita;time_visita;data
0;Sengoku Gaming;2;1;VARREL;2024/06/20
1;Sengoku Gaming;2;0;FENNEL;2024/06/13
2;Sengoku Gaming;2;1;REJECT;2024/06/12
3;Sengoku Gaming;0;2;RIDDLE ORDER;2024/05/29
4;Sengoku Gaming;1;2;Murash Gaming;2024/05/21
5;Sengoku Gaming;2;0;SCARZ;2024/05/20
6;Sengoku Gaming;2;3;FENNEL;2024/03/30
7;Sengoku Gaming;2;0;NORTHEPTION;2024/03/13
8;Sengoku Gaming;2;0;VARREL;2024/03/12
9;Sengoku Gaming;2;1;Murash Gaming;2024/03/10
10;Sengoku Gaming;2;0;IGZIST;2024/03/09
11;Sengoku Gaming;0;2;REJECT;2024/03/03
12;Sengoku Gaming;0;2;FENNEL;2024/02/16
13;Sengoku Gaming;2;1;SCARZ;2024/02/12
14;Sengoku Gaming;2;0;NORTHEPTION;2024/02/10
15;Sengoku Gaming;0;2;VARREL;2024/02/04
16;Sengoku Gaming;2;0;esports team αD;2024/01/24
17;Sengoku Gaming;2;0;DELTA esports;2024/01/23
18;Sengoku Gaming;2;0;Vision Harutoman;2024/01/22
19;Sengoku Gaming;0;2;REJECT;2023/10/22
20;Sengoku Gaming;0;2;FAV gaming;2023/10/21
21;Sengoku Gaming;2;0;Les Sixz;2023/10/15
22;Sengoku Gaming;2;0;NVV_Drops;2023/10/14
23;Sengoku Gaming;0;2;FENNEL;2023/09/23
24;Sengoku Gaming;2;0;REIGNITE;2023/09/22
25;Sengoku Gaming;2;0;Xenesis e-sports;2023/09/14
26;Sengoku Gaming;0;2;IGZIST;2023/05/05
27;Sengoku Gaming;0;2;Jadeite;2023/05/03
28;Sengoku Gaming;0;2;NORTHEPTION;2023/05/03
29;Sengoku Gaming;0;2;CREST GAMING Zst;2023/04/27
30;Sengoku Gaming;2;1;FENNEL;2023/04/21
31;Sengoku Gaming;1;2;Crazy Raccoon;2023/04/19
32;Sengoku Gaming;0;2;SCARZ;2023/04/14
33;Sengoku Gaming;2;0;Next Esports;2023/03/31
34;Sengoku Gaming;2;0;SYSTEM e-Sports;2023/03/29
35;Sengoku Gaming;0;2;Jadeite;2023/03/28
36;Sengoku Gaming;2;3;FENNEL;2023/02/20
37;Sengoku Gaming;3;1;IGZIST;2023/02/19
38;Sengoku Gaming;0;2;Crazy Raccoon;2023/02/10
39;Sengoku Gaming;2;0;CREST GAMING Zst;2023/02/05
40;Sengoku Gaming;1;2;NORTHEPTION;2023/02/04
41;Sengoku Gaming;1;2;SCARZ;2023/02/02
42;Sengoku Gaming;2;1;FENNEL;2023/02/01
43;Sengoku Gaming;2;0;IGZIST;2023/01/28
44;Sengoku Gaming;2;0;REJECT;2023/01/27
45;Sengoku Gaming;2;0;ENTER FORCE.36;2023/01/15
46;Sengoku Gaming;2;0;ENTER FORCE.36;2023/01/14
47;Sengoku Gaming;2;0;thirst for victory;2023/01/13
48;Sengoku Gaming;2;0;CERULEAN.EXE;2023/01/13
49;Sengoku Gaming;2;1;IGZIST;2022/12/10
50;Sengoku Gaming;0;2;BLUE BEES.ESP;2022/06/11
51;Sengoku Gaming;0;2;FAV gaming;2022/06/10
52;Sengoku Gaming;2;0;Jadeite;2022/06/04
53;Sengoku Gaming;2;1;REIGNITE;2022/06/04
54;Sengoku Gaming;2;1;DeToNator;2022/05/28
55;Sengoku Gaming;2;0;ShikouKouketsu;2022/05/26
56;Sengoku Gaming;2;0;Ark5;2022/05/26
57;Sengoku Gaming;0;2;CREST GAMING Zst;2022/05/15
58;Sengoku Gaming;2;0;iXA;2022/05/12
59;Sengoku Gaming;2;0;AriaSheeP;2022/05/10
60;Sengoku Gaming;1;2;CREST GAMING Zst;2022/03/13
61;Sengoku Gaming;0;2;Crazy Raccoon;2022/02/27
62;Sengoku Gaming;2;1;Hexad;2022/02/19
63;Sengoku Gaming;2;0;GyoGun;2022/02/17
64;Sengoku Gaming;0;2;ZETA DIVISION;2021/08/14
65;Sengoku Gaming;2;0;BlackBird Ignis;2021/08/13
66;Sengoku Gaming;0;2;Crazy Raccoon;2021/08/12
67;Sengoku Gaming;0;2;FENNEL;2021/07/22
68;Sengoku Gaming;2;0;Gaming Team SELECTOR;2021/07/22
69;Sengoku Gaming;2;0;Icicle Conflict;2021/07/21
70;Sengoku Gaming;1;0;SCARZ;2021/07/17
71;Sengoku Gaming;1;0;Shimada Family;2021/07/17
72;Sengoku Gaming;1;0;THE SHABLES;2021/07/17
73;Sengoku Gaming;1;0;no name;2021/07/17
74;Sengoku Gaming;1;0;NeoAimer;2021/07/17
75;Sengoku Gaming;1;0;Vicious Flawless;2021/07/04
76;Sengoku Gaming;1;0;Celsus;2021/07/04
77;Sengoku Gaming;0;1;Storks Phalanx;2021/07/04
78;Sengoku Gaming;1;0;Ace1;2021/07/04
79;Sengoku Gaming;1;0;REJECT;2021/07/04
80;Sengoku Gaming;1;0;Lv10;2021/07/04
81;Sengoku Gaming;2;0;ShikouKouketsu;2021/04/24
82;Sengoku Gaming;0;2;FENNEL;2021/04/24
83;Sengoku Gaming;0;2;REJECT;2021/04/23
84;Sengoku Gaming;1;0;No Country;2021/04/17
85;Sengoku Gaming;0;1;FENNEL;2021/04/17
86;Sengoku Gaming;1;0;No Country;2021/04/17
87;Sengoku Gaming;1;0;FUKUSHIMA IBUSHIGIN;2021/04/17
88;Sengoku Gaming;0;1;Free Agents;2021/04/17
89;Sengoku Gaming;1;0;Nenkoujoretsu;2021/04/17
90;Sengoku Gaming;1;0;Atlas Gaming;2021/04/17
91;Sengoku Gaming;0;2;Crazy Raccoon;2021/04/11
92;Sengoku Gaming;0;2;Absolute JUPITER;2021/04/11
93;Sengoku Gaming;0;1;BlackBird Ignis;2021/04/03
94;Sengoku Gaming;0;1;Absolute JUPITER;2020/09/10
95;Sengoku Gaming;2;0;AVALON Gaming;2020/09/07
96;Sengoku Gaming;0;1;SunSister Rapid;2020/09/03
97;Sengoku Gaming;0;1;FAV gaming;2020/08/27
98;Sengoku Gaming;1;0;Connect Gaming;2020/08/20
99;Sengoku Gaming;0;1;LAG Gaming;2020/08/02
100;Sengoku Gaming;0;1;BAKEMON;2020/06/20
101;Sengoku Gaming;1;0;AKIHABARA ENCOUNT;2020/06/20
