;equipe;placar_casa;placar_visita;time_visita;data
0;Titan Esports Club;0;2;JD Gaming;2024/06/15
1;Titan Esports Club;0;2;Nova Esports;2024/05/05
2;Titan Esports Club;2;1;Bilibili Gaming;2024/04/26
3;Titan Esports Club;0;2;EDward Gaming;2024/04/21
4;Titan Esports Club;1;2;Dragon Ranger Gaming;2024/04/14
5;Titan Esports Club;2;1;Wolves Esports;2024/04/05
6;Titan Esports Club;0;2;Bilibili Gaming;2024/02/27
7;Titan Esports Club;1;2;Trace Esports;2024/02/27
8;Titan Esports Club;2;1;JD Gaming;2024/02/26
9;Titan Esports Club;1;2;Dragon Ranger Gaming;2024/02/25
10;Titan Esports Club;2;0;JD Gaming;2024/02/23
11;Titan Esports Club;0;2;Trace Esports;2023/11/23
12;Titan Esports Club;2;0;TOP Esports;2023/11/22
13;Titan Esports Club;2;0;Bilibili Gaming;2023/11/21
14;Titan Esports Club;0;2;Dragon Ranger Gaming;2023/11/16
15;Titan Esports Club;2;1;Regans Gaming;2023/11/09
16;Titan Esports Club;1;2;TOP Esports;2023/11/07
17;Titan Esports Club;2;0;Regans Gaming;2023/11/05
