;equipe;placar_casa;placar_visita;time_visita;data
0;THE 7;2;0;Galorys;2024/06/13
1;THE 7;0;2;2Game Esports;2024/06/12
2;THE 7;2;0;SAGAZ;2024/06/05
3;THE 7;2;0;XLD Gaming;2024/05/30
4;THE 7;0;2;RED Canids;2024/05/29
5;THE 7;2;0;Legacy;2024/05/21
6;THE 7;2;1;CO-OP.gg;2024/05/06
7;THE 7;2;1;SAGAZ;2024/05/05
8;THE 7;2;1;2Game Esports;2024/04/04
9;THE 7;2;0;TBK Esports;2024/03/28
10;THE 7;1;2;Stellae Gaming;2024/03/19
11;THE 7;2;0;Legacy;2024/03/13
12;THE 7;1;2;CO-OP.gg;2024/03/08
13;THE 7;0;2;Galorys;2024/03/05
14;THE 7;0;2;RED Canids;2024/02/28
15;THE 7;0;2;Hero Base;2024/02/21
16;THE 7;0;2;XLD Gaming;2024/02/14
17;THE 7;1;2;MIBR;2023/10/18
18;THE 7;2;0;TBK Esports;2023/10/17
19;THE 7;1;2;The Union;2023/10/16
20;THE 7;2;0;Legacy GC;2023/10/16
21;THE 7;1;2;ODDIK;2023/06/02
22;THE 7;2;1;TBK Esports;2023/06/01
23;THE 7;0;2;00Nation;2023/05/31
24;THE 7;2;0;TropiCaos;2023/05/17
25;THE 7;2;0;00Nation;2023/05/11
26;THE 7;0;2;Liberty;2023/05/04
27;THE 7;0;2;RED Canids;2023/04/26
28;THE 7;2;1;TBK Esports;2023/04/19
29;THE 7;2;0;ODDIK;2023/04/12
30;THE 7;1;2;The Union;2023/04/05
31;THE 7;1;3;The Union;2023/03/19
32;THE 7;2;0;RED Canids;2023/03/18
33;THE 7;2;0;TropiCaos;2023/03/17
34;THE 7;2;0;ODDIK;2023/03/16
35;THE 7;1;2;The Union;2023/03/15
36;THE 7;2;0;TBK Esports;2023/03/14
37;THE 7;2;0;Liberty;2023/03/09
38;THE 7;0;2;TBK Esports;2023/03/01
39;THE 7;2;1;00Nation;2023/02/20
40;THE 7;0;2;ODDIK;2023/02/09
41;THE 7;2;0;TropiCaos;2023/02/01
42;THE 7;1;2;The Union;2023/01/26
43;THE 7;2;0;RED Canids;2023/01/18
44;THE 7;0;2;MIBR;2022/12/04
45;THE 7;2;0;Optix;2022/12/03
46;THE 7;1;2;MIBR;2022/12/02
