;equipe;placar_casa;placar_visita;time_visita;data
0;Oxygen Esports;2;0;Winthrop University;2024/06/19
1;Oxygen Esports;2;0;Dough Bros;2024/06/14
2;Oxygen Esports;2;0;TSM;2024/06/06
3;Oxygen Esports;2;0;M80;2024/05/29
4;Oxygen Esports;2;0;Turtle Troop;2024/05/19
5;Oxygen Esports;2;1;Moist x Shopify;2024/05/18
6;Oxygen Esports;2;0;QoR;2024/05/16
7;Oxygen Esports;1;2;QoR;2024/04/17
8;Oxygen Esports;2;0;YFP Gaming;2024/04/11
9;Oxygen Esports;2;0;Together We Are Terrific;2024/04/05
10;Oxygen Esports;2;0;Thinking Men;2024/03/28
11;Oxygen Esports;1;2;Moist x Shopify;2024/03/19
12;Oxygen Esports;2;1;Moist x Shopify;2024/01/14
13;Oxygen Esports;2;0;Cloud9;2024/01/14
14;Oxygen Esports;1;2;Moist x Shopify;2024/01/13
15;Oxygen Esports;2;0;100 Thieves;2024/01/13
16;Oxygen Esports;2;1;Moist x Shopify;2023/12/10
17;Oxygen Esports;2;0;OREsports;2023/12/10
18;Oxygen Esports;2;0;QoR;2023/12/09
19;Oxygen Esports;2;0;We Overcooked;2023/12/09
20;Oxygen Esports;2;1;Moist x Shopify;2023/11/04
21;Oxygen Esports;2;1;Turtle Troop;2023/11/04
22;Oxygen Esports;0;2;Sentinels;2023/11/03
23;Oxygen Esports;2;0;G2 Esports;2023/11/03
24;Oxygen Esports;2;1;Moist x Shopify;2023/11/03
25;Oxygen Esports;1;2;Sentinels;2023/11/02
26;Oxygen Esports;2;1;G2 Esports;2023/11/01
27;Oxygen Esports;2;0;Blinn;2023/10/01
28;Oxygen Esports;2;0;Zero MarksMen Black;2023/10/01
29;Oxygen Esports;2;0;QoR;2023/10/01
30;Oxygen Esports;1;2;Torch;2023/09/30
31;Oxygen Esports;2;0;Zero MarksMen Black;2023/09/30
32;Oxygen Esports;2;1;QoR;2023/09/24
33;Oxygen Esports;2;0;MBU Spartans;2023/09/24
34;Oxygen Esports;2;0;Mercury;2023/09/23
35;Oxygen Esports;2;0;Clinically Insane;2023/09/22
36;Oxygen Esports;2;0;STG Gaming;2023/09/22
37;Oxygen Esports;0;2;The Guard;2023/06/08
38;Oxygen Esports;2;0;FaZe Clan;2023/06/07
39;Oxygen Esports;0;2;M80;2023/06/02
40;Oxygen Esports;2;0;G2 Esports;2023/05/31
41;Oxygen Esports;1;2;M80;2023/05/16
42;Oxygen Esports;2;0;Shopify Rebellion;2023/05/11
43;Oxygen Esports;2;0;TSM;2023/05/05
44;Oxygen Esports;1;2;Turtle Troop;2023/04/26
45;Oxygen Esports;2;0;Disguised;2023/04/20
46;Oxygen Esports;1;2;G2 Esports;2023/03/30
47;Oxygen Esports;2;1;TSM;2023/03/29
48;Oxygen Esports;1;2;The Guard;2023/03/24
49;Oxygen Esports;2;1;G2 Esports;2023/03/23
50;Oxygen Esports;2;1;Turtle Troop;2023/03/17
51;Oxygen Esports;2;0;FaZe Clan;2023/03/10
52;Oxygen Esports;0;2;G2 Esports;2023/02/28
53;Oxygen Esports;2;1;Shopify Rebellion;2023/02/08
54;Oxygen Esports;0;2;BreakThru;2023/02/02
55;Oxygen Esports;2;0;The Silk Road;2023/01/13
56;Oxygen Esports;0;2;Disguised;2023/01/12
57;Oxygen Esports;2;1;Nearest Airport;2023/01/11
58;Oxygen Esports;2;0;Mochi Fanclub;2023/01/10
59;Oxygen Esports;2;1;99 Strength;2023/01/10
60;Oxygen Esports;2;0;skoll;2023/01/10
61;Oxygen Esports;2;0;Donoobs;2023/01/09
62;Oxygen Esports;2;0;Full Sail Armada;2023/01/09
63;Oxygen Esports;1;2;Shopify Rebellion;2022/12/17
64;Oxygen Esports;2;1;VIRTUOSO;2022/12/17
65;Oxygen Esports;2;0;Team Mystic Black;2022/12/16
66;Oxygen Esports;2;0;Chicago Empyre;2022/12/16
67;Oxygen Esports;2;0;Royalty Forgotten;2022/12/16
68;Oxygen Esports;1;2;STEALING LUNCH MONEY;2022/11/30
69;Oxygen Esports;2;0;BreakThru;2022/11/30
70;Oxygen Esports;2;1;Project VII;2022/11/29
71;Oxygen Esports;2;0;Levitate;2022/11/29
72;Oxygen Esports;2;0;OTF;2022/11/29
73;Oxygen Esports;2;0;Division 0;2022/11/28
74;Oxygen Esports;1;0;Forever Vibing;2022/11/28
