;equipe;placar_casa;placar_visita;time_visita;data
0;Unity Esports;0;2;The Ultimates;2024/06/12
1;Unity Esports;2;1;Twisted Minds Esports;2024/06/11
2;Unity Esports;2;0;Fraggerz;2024/06/10
3;Unity Esports;2;1;Underground Gaming;2024/06/03
4;Unity Esports;2;1;DRAGONS;2024/06/02
5;Unity Esports;1;2;Team Falcons;2024/06/01
6;Unity Esports;2;0;Vision Esports;2024/05/28
7;Unity Esports;2;1;Twisted Minds Esports;2024/05/27
8;Unity Esports;2;0;Fraggerz;2024/05/26
9;Unity Esports;2;0;The Ultimates;2024/05/25
10;Unity Esports;2;0;Underground Gaming;2024/05/21
11;Unity Esports;2;0;DRAGONS;2024/05/20
12;Unity Esports;1;2;Team Falcons;2024/05/19
13;Unity Esports;2;0;Vision Esports;2024/05/18
14;Unity Esports;1;3;Team Falcons;2024/03/31
15;Unity Esports;2;0;Underground Gaming;2024/03/27
16;Unity Esports;1;2;Team Falcons;2024/03/25
17;Unity Esports;2;1;Twisted Minds Esports;2024/03/12
18;Unity Esports;2;0;DRAGONS;2024/03/11
19;Unity Esports;0;2;Team Falcons;2024/03/10
20;Unity Esports;2;1;Underground Gaming;2024/03/09
21;Unity Esports;2;1;Fraggerz;2024/03/06
22;Unity Esports;2;1;Vision Esports;2024/03/04
23;Unity Esports;2;0;The Ultimates;2024/03/03
24;Unity Esports;2;0;Twisted Minds Esports;2024/03/02
25;Unity Esports;2;0;DRAGONS;2024/02/28
26;Unity Esports;1;2;Team Falcons;2024/02/27
27;Unity Esports;2;1;Underground Gaming;2024/02/23
28;Unity Esports;2;0;Fraggerz;2024/02/19
29;Unity Esports;2;0;BeQuiet;2024/02/18
30;Unity Esports;2;1;The Ultimates;2024/02/17
31;Unity Esports;0;1;Fraggerz;2023/09/03
32;Unity Esports;0;1;Fraggerz;2023/08/17
33;Unity Esports;1;0;Fraggerz;2023/08/17
34;Unity Esports;0;1;Team Falcons;2023/08/16
35;Unity Esports;0;1;Team Falcons;2023/08/16
36;Unity Esports;1;0;AL MOORYAAT ESPORTS CLUB;2023/08/05
37;Unity Esports;1;0;AL MOORYAAT ESPORTS CLUB;2023/08/05
38;Unity Esports;2;0;The Ultimates;2023/07/24
39;Unity Esports;2;0;STK.;2023/07/24
40;Unity Esports;1;0;Xenon Esports;2023/07/24
41;Unity Esports;1;0;Fraggerz;2023/05/09
42;Unity Esports;0;1;Twisted Minds Esports;2023/05/09
43;Unity Esports;1;0;NOBLES;2023/05/08
44;Unity Esports;1;0;Fraggerz;2023/05/08
45;Unity Esports;0;1;The Ultimates;2023/05/07
46;Unity Esports;0;1;Triple Esports Club;2023/05/07
47;Unity Esports;1;0;Twisted Minds Esports;2023/05/06
48;Unity Esports;1;0;NOBLES;2023/05/06
49;Unity Esports;1;0;Team Falcons;2023/05/02
50;Unity Esports;1;0;Triple Esports Club;2023/05/02
51;Unity Esports;0;1;Team Falcons;2023/05/01
52;Unity Esports;1;0;The Ultimates;2023/05/01
53;Unity Esports;1;0;Underground Gaming;2023/04/30
54;Unity Esports;0;1;Fraggerz;2023/04/29
55;Unity Esports;2;0;Xenon Esports;2023/04/26
56;Unity Esports;2;0;XLR8 Esports;2023/04/25
57;Unity Esports;2;0;AL MOORYAAT ESPORTS CLUB;2023/04/20
58;Unity Esports;1;0;NOBLES;2023/04/18
59;Unity Esports;0;1;Fraggerz;2023/04/18
60;Unity Esports;0;1;Triple Esports Club;2023/04/17
61;Unity Esports;0;1;The Ultimates;2023/04/17
62;Unity Esports;1;0;Twisted Minds Esports;2023/04/16
63;Unity Esports;1;0;NOBLES;2023/04/16
64;Unity Esports;0;1;Triple Esports Club;2023/04/15
65;Unity Esports;0;1;Team Falcons;2023/04/15
66;Unity Esports;2;0;The Ultimates;2023/04/14
67;Unity Esports;2;0;RAGE Esports;2023/04/14
68;Unity Esports;0;1;Team Falcons;2023/04/11
69;Unity Esports;0;1;The Ultimates;2023/04/11
70;Unity Esports;0;1;Unity Esports;2023/04/10
71;Unity Esports;0;2;Fraggerz;2023/04/04
72;Unity Esports;2;1;Fraggerz;2023/04/02
73;Unity Esports;2;0;Valiant;2023/04/01
74;Unity Esports;0;2;Fraggerz;2023/03/28
75;Unity Esports;2;1;Nescafe;2023/03/27
76;Unity Esports;1;0;Five'Aces;2023/03/23
77;Unity Esports;3;1;Team Falcons;2023/03/11
78;Unity Esports;2;1;Triple Esports Club;2023/03/10
79;Unity Esports;1;2;Team Falcons;2023/03/07
80;Unity Esports;2;1;The Ultimates;2023/03/05
81;Unity Esports;2;0;Triple Esports Club;2023/03/02
82;Unity Esports;2;1;Twisted Minds Esports;2023/02/28
83;Unity Esports;2;1;Valiant;2023/02/27
84;Unity Esports;2;0;Ashur Esports;2023/02/25
85;Unity Esports;1;2;Team Falcons;2023/02/21
86;Unity Esports;2;0;Dice 10;2023/02/20
87;Unity Esports;2;1;The Ultimates;2023/02/19
88;Unity Esports;2;1;Twisted Minds Esports;2023/02/07
89;Unity Esports;2;0;Valiant;2023/02/06
90;Unity Esports;0;2;Triple Esports Club;2023/02/05
91;Unity Esports;1;2;Team RA'AD;2022/05/30
92;Unity Esports;2;0;BlackJack Esports;2022/05/26
93;Unity Esports;0;2;NASR Esports;2022/05/25
94;Unity Esports;0;2;Team Majesty;2022/05/24
95;Unity Esports;1;2;Geekay Esports;2022/05/23
96;Unity Esports;0;2;XPLDZ;2022/05/19
97;Unity Esports;1;2;Bravado Gaming;2022/05/18
98;Unity Esports;0;2;Team RA'AD;2022/05/17
99;Unity Esports;2;1;BlackJack Esports;2022/05/16
100;Unity Esports;0;2;NASR Esports;2022/05/12
101;Unity Esports;2;1;Team Majesty;2022/05/11
102;Unity Esports;0;2;Geekay Esports;2022/05/10
103;Unity Esports;0;2;XPLDZ;2022/05/09
104;Unity Esports;2;1;Bravado Gaming;2022/05/01
105;Unity Esports;2;1;Eternal Esports;2022/04/30
106;Unity Esports;2;0;Barbarians;2022/04/29
107;Unity Esports;1;2;Piercer Esports;2021/12/10
108;Unity Esports;2;0;Twareg Esports;2021/12/03
109;Unity Esports;0;2;SCYTES;2021/11/27
110;Unity Esports;0;2;La7zag Esports;2021/09/07
111;Unity Esports;2;1;Team WaVii;2021/09/05
112;Unity Esports;0;2;Anubis Gaming;2021/09/04
113;Unity Esports;2;0;RTG eSports;2021/09/03
114;Unity Esports;2;0;Elementals;2021/09/02
115;Unity Esports;1;1;Alterfox Esports;2021/09/01
116;Unity Esports;0;2;La7zag Esports;2021/08/19
117;Unity Esports;2;0;Cairo City G'zzz;2021/08/18
118;Unity Esports;2;0;Team Lightning;2021/08/17
119;Unity Esports;0;2;Anubis Gaming;2021/08/17
120;Unity Esports;0;2;Anubis Gaming;2021/08/16
121;Unity Esports;0;2;La7zag Esports;2021/08/14
122;Unity Esports;2;1;Stoicism;2021/08/13
123;Unity Esports;2;0;Team Occupy;2021/08/12
124;Unity Esports;2;0;Cairo City G'zzz;2021/08/11
125;Unity Esports;2;0;Team Lightning;2021/08/10
