;equipe;placar_casa;placar_visita;time_visita;data
0;KRÜ BLAZE;3;0;9z Team GC;2024/06/15
1;KRÜ BLAZE;3;0;FiRePOWER;2024/05/31
2;KRÜ BLAZE;2;0;Cruzados Esports Fem;2024/05/19
3;KRÜ BLAZE;2;0;Leviatán GC;2024/05/13
4;KRÜ BLAZE;2;0;9z Team GC;2024/04/30
5;KRÜ BLAZE;2;0;University War GC;2024/04/18
6;KRÜ BLAZE;2;0;FiRePOWER;2024/04/10
7;KRÜ BLAZE;2;0;9z Team GC;2024/03/10
8;KRÜ BLAZE;2;0;University War GC;2024/03/06
9;KRÜ BLAZE;1;2;9z Team GC;2024/03/04
10;KRÜ BLAZE;2;0;NEKOMA TEAM;2024/03/03
11;KRÜ BLAZE;2;0;TITANIC;2024/03/02
12;KRÜ BLAZE;2;0;Bellakitas;2024/03/02
13;KRÜ BLAZE;0;2;Team SMG GC;2023/12/01
14;KRÜ BLAZE;2;0;Chao Hui EDward Gaming;2023/11/30
15;KRÜ BLAZE;0;2;BBL Queens;2023/11/29
16;KRÜ BLAZE;3;0;FiRePOWER;2023/10/15
17;KRÜ BLAZE;3;0;9z Team GC;2023/09/23
18;KRÜ BLAZE;0;2;Cleiteam;2023/09/12
19;KRÜ BLAZE;3;1;Globant Emerald Team;2023/09/02
20;KRÜ BLAZE;2;1;SunXet Club Fem;2023/07/27
21;KRÜ BLAZE;2;0;Cruzados Esports Fem;2023/07/13
22;KRÜ BLAZE;2;0;9z Team GC;2023/06/27
23;KRÜ BLAZE;2;1;Globant Emerald Team;2023/06/06
24;KRÜ BLAZE;2;0;Optix Fem;2023/05/31
25;KRÜ BLAZE;2;0;SunXet Club Fem;2023/04/13
26;KRÜ BLAZE;2;0;Undead Gaming Fem;2023/04/06
27;KRÜ BLAZE;2;0;9z Team GC;2023/03/27
28;KRÜ BLAZE;2;0;Globant Emerald Team;2023/03/20
29;KRÜ BLAZE;2;0;Optix Fem;2023/03/05
30;KRÜ BLAZE;1;2;REYN LEON;2023/01/22
31;KRÜ BLAZE;1;0;Subite Al Carrito;2023/01/21
32;KRÜ BLAZE;1;2;X10 Sapphire;2022/11/17
33;KRÜ BLAZE;0;2;Cloud9 White;2022/11/15
34;KRÜ BLAZE;3;0;FiRePOWER;2022/10/22
35;KRÜ BLAZE;3;1;9z Team GC;2022/08/21
36;KRÜ BLAZE;2;1;NOORG;2022/08/19
37;KRÜ BLAZE;2;0;9z Team GC;2022/08/03
38;KRÜ BLAZE;2;0;CUY Gaming Fem;2022/08/02
39;KRÜ BLAZE;0;2;EBEA2 Gaming;2022/07/28
40;KRÜ BLAZE;2;0;Undead Gaming Fem;2022/07/03
41;KRÜ BLAZE;2;0;Undead Gaming Fem;2022/07/01
42;KRÜ BLAZE;2;0;9z Team GC;2022/06/18
43;KRÜ BLAZE;2;0;CUY Gaming Fem;2022/06/17
44;KRÜ BLAZE;3;0;Meta Gaming Fem;2022/05/29
45;KRÜ BLAZE;2;0;Optix Fem;2022/05/28
46;KRÜ BLAZE;2;0;AKA Team;2022/05/22
47;KRÜ BLAZE;2;0;Undead Gaming Fem;2022/03/19
48;KRÜ BLAZE;2;0;Optix Fem;2022/03/17
49;KRÜ BLAZE;2;0;Meta Gaming Fem;2022/03/12
50;KRÜ BLAZE;2;0;Goat Crew Girls;2022/03/11
51;KRÜ BLAZE;2;0;Undead Gaming Fem;2022/01/23
52;KRÜ BLAZE;2;1;FEMSANE;2022/01/21
53;KRÜ BLAZE;2;0;Undead Gaming Fem;2022/01/19
54;KRÜ BLAZE;2;0;Clowns Killer;2022/01/18
