;equipe;placar_casa;placar_visita;time_visita;data
0;Team RA'AD;1;2;NASR Esports;2023/05/13
1;Team RA'AD;1;0;Team Occupy;2023/05/09
2;Team RA'AD;1;0;GnG Esports;2023/05/08
3;Team RA'AD;1;0;FATE Esports;2023/05/07
4;Team RA'AD;1;0;Onyx Ravens;2023/05/06
5;Team RA'AD;1;0;NASR Esports;2023/05/02
6;Team RA'AD;1;0;Geekay Esports;2023/05/01
7;Team RA'AD;0;1;Gamax Esports;2023/04/30
8;Team RA'AD;1;0;Team Occupy;2023/04/29
9;Team RA'AD;1;0;GnG Esports;2023/04/18
10;Team RA'AD;1;0;FATE Esports;2023/04/17
11;Team RA'AD;1;0;Onyx Ravens;2023/04/16
12;Team RA'AD;0;1;NASR Esports;2023/04/15
13;Team RA'AD;0;1;Geekay Esports;2023/04/11
14;Team RA'AD;1;0;Gamax Esports;2023/04/10
15;Team RA'AD;3;0;Geekay Esports;2023/03/12
16;Team RA'AD;2;1;NASR Esports;2023/03/10
17;Team RA'AD;2;1;Onyx Ravens;2023/03/06
18;Team RA'AD;2;0;Team Majesty;2023/03/05
19;Team RA'AD;2;0;FATE Esports;2023/02/28
20;Team RA'AD;1;2;NASR Esports;2023/02/27
21;Team RA'AD;2;0;Bravado Gaming;2023/02/26
22;Team RA'AD;2;0;Onyx Ravens;2023/02/25
23;Team RA'AD;2;0;Geekay Esports;2023/02/21
24;Team RA'AD;2;0;GnG Esports;2023/02/20
25;Team RA'AD;2;0;Team Majesty;2023/02/19
26;Team RA'AD;0;3;Geekay Esports;2023/02/18
27;Team RA'AD;2;1;Geekay Esports;2023/02/17
28;Team RA'AD;2;1;Bravado Gaming;2023/02/16
29;Team RA'AD;2;1;NASR Esports;2023/02/11
30;Team RA'AD;2;0;FATE Esports;2023/02/07
31;Team RA'AD;2;1;Bravado Gaming;2023/02/05
32;Team RA'AD;2;0;Onyx Ravens;2023/02/04
33;Team RA'AD;0;2;Geekay Esports;2023/01/31
34;Team RA'AD;2;1;GnG Esports;2023/01/30
35;Team RA'AD;2;1;Team Occupy;2023/01/26
36;Team RA'AD;0;2;Geekay Esports;2023/01/25
37;Team RA'AD;2;0;Bravado Gaming;2023/01/25
38;Team RA'AD;3;0;Team Falcons;2022/11/27
39;Team RA'AD;0;2;Geekay Esports;2022/10/20
40;Team RA'AD;1;0;Team Falcons;2022/10/19
41;Team RA'AD;1;0;Acend;2022/10/18
42;Team RA'AD;0;1;FNATIC;2022/10/18
43;Team RA'AD;0;1;NASR Esports;2022/10/17
44;Team RA'AD;1;0;YaLLa Esports;2022/10/17
45;Team RA'AD;1;0;Piercer Esports;2022/10/16
46;Team RA'AD;0;1;Geekay Esports;2022/10/16
47;Team RA'AD;1;2;NASR Esports;2022/06/05
48;Team RA'AD;1;2;XPLDZ;2022/06/01
49;Team RA'AD;2;1;Team Majesty;2022/05/31
50;Team RA'AD;2;1;Whitelist;2022/05/30
51;Team RA'AD;2;1;Geekay Esports;2022/05/26
52;Team RA'AD;2;0;BlackJack Esports;2022/05/25
53;Team RA'AD;1;2;XPLDZ;2022/05/24
54;Team RA'AD;1;2;NASR Esports;2022/05/23
55;Team RA'AD;2;0;Bravado Gaming;2022/05/19
56;Team RA'AD;1;2;Team Majesty;2022/05/18
57;Team RA'AD;2;0;Whitelist;2022/05/17
58;Team RA'AD;0;2;Geekay Esports;2022/05/16
59;Team RA'AD;2;0;BlackJack Esports;2022/05/12
60;Team RA'AD;2;0;XPLDZ;2022/05/11
61;Team RA'AD;2;1;NASR Esports;2022/05/10
62;Team RA'AD;2;0;Bravado Gaming;2022/05/09
63;Team RA'AD;3;2;XPLDZ;2022/05/08
64;Team RA'AD;2;0;Team Occupy;2022/05/07
65;Team RA'AD;2;0;QLASH Egypt;2022/05/06
66;Team RA'AD;1;2;Team Occupy;2022/05/05
67;Team RA'AD;3;1;XPLDZ;2022/04/28
68;Team RA'AD;2;0;Team Occupy;2022/04/27
69;Team RA'AD;2;0;NSG;2022/04/27
70;Team RA'AD;1;2;XPLDZ;2022/04/26
71;Team RA'AD;1;3;Team Falcons;2022/03/25
72;Team RA'AD;2;0;Geekay Esports;2022/03/10
73;Team RA'AD;2;0;Team Majesty;2022/03/09
74;Team RA'AD;3;1;Team Majesty;2021/12/16
75;Team RA'AD;2;0;RTG eSports;2021/12/12
76;Team RA'AD;2;0;Eternity Esports;2021/12/09
77;Team RA'AD;2;0;Fox Gaming Academy;2021/12/01
78;Team RA'AD;2;0;MLC Esports;2021/11/25
79;Team RA'AD;2;0;COPIUM;2021/10/23
80;Team RA'AD;2;0;3BL Esports;2021/10/22
81;Team RA'AD;3;0;Team Occupy;2021/10/21
82;Team RA'AD;2;0;Team Occupy;2021/10/20
83;Team RA'AD;0;3;Anubis Gaming;2020/12/16
84;Team RA'AD;2;1;Cairo City G'zzz;2020/12/15
85;Team RA'AD;0;2;Anubis Gaming;2020/12/14
86;Team RA'AD;2;1;Cairo City G'zzz;2020/12/12
87;Team RA'AD;1;0;NOT SNP;2020/12/10
88;Team RA'AD;0;1;NASR Esports;2020/11/07
