;equipe;placar_casa;placar_visita;time_visita;data
0;Funcrew;1;0;xyz;2022/11/09
1;Funcrew;0;2;SOTZ V2;2022/11/08
2;Funcrew;0;2;Bonkers;2022/11/08
3;Funcrew;1;0;IDK;2022/11/07
4;Funcrew;1;0;trung n co;2022/11/07
5;Funcrew;0;2;Generation of Miracles;2022/10/30
6;Funcrew;2;0;East LA;2022/10/29
7;Funcrew;0;3;REIGN;2022/09/13
8;Funcrew;2;1;HEHE;2022/09/12
9;Funcrew;2;1;East LA;2022/09/06
10;Funcrew;2;1;Koopa Troopas;2022/08/29
11;Funcrew;2;0;95x Esports;2022/08/23
12;Funcrew;0;2;ORDER;2022/07/09
13;Funcrew;0;2;BOBO;2022/07/08
14;Funcrew;2;1;ORDER;2022/07/06
15;Funcrew;0;2;REIGN;2022/05/25
16;Funcrew;1;2;REIGN;2022/05/19
17;Funcrew;2;0;SamPhamFanClub;2022/05/18
18;Funcrew;2;1;HONEY BADGERS;2022/05/14
19;Funcrew;0;2;Catgirls;2022/05/12
20;Funcrew;0;2;HONEY BADGERS;2022/05/09
21;Funcrew;1;2;Bonkers;2022/05/07
22;Funcrew;2;0;Mindfreak;2022/05/06
23;Funcrew;2;0;Gungahlin Warriors;2022/05/02
24;Funcrew;1;2;ORDER;2022/04/29
25;Funcrew;2;0;KRAKEN ESC;2022/04/26
26;Funcrew;0;2;BOBO;2022/04/19
27;Funcrew;2;0;WithYouWithMe;2022/04/17
28;Funcrew;0;2;Iconic;2022/04/16
29;Funcrew;1;2;BOBO;2022/04/15
30;Funcrew;2;0;KRAKEN ESC;2022/04/14
31;Funcrew;0;2;Bonkers;2022/02/18
32;Funcrew;2;1;Mindfreak;2022/02/17
33;Funcrew;1;2;Iconic;2022/02/13
34;Funcrew;2;0;Crima's Disciples;2022/02/11
35;Funcrew;0;2;Bonkers;2022/02/05
36;Funcrew;0;2;Clarity ESC;2022/02/04
37;Funcrew;0;2;ORDER;2022/01/28
38;Funcrew;0;2;Iconic;2022/01/16
39;Funcrew;2;0;ex-Wildcard Gaming;2022/01/15
40;Funcrew;1;2;Bonkers;2022/01/14
41;Funcrew;2;0;Taiyo eSports;2022/01/13
42;Funcrew;0;2;Legacy Esports;2021/12/07
43;Funcrew;2;1;HERO Esports;2021/11/30
44;Funcrew;0;2;Nerdnecks;2021/11/25
45;Funcrew;2;0;SamPhamFanClub;2021/11/24
46;Funcrew;2;0;Kraken ESC White;2021/11/22
47;Funcrew;2;1;Elvin and the Hoodmunks;2021/11/18
48;Funcrew;0;2;Nerdnecks;2021/11/17
49;Funcrew;2;0;VERTEX;2021/11/15
50;Funcrew;1;2;SamPhamFanClub;2021/11/10
51;Funcrew;0;2;Nebula;2021/11/08
52;Funcrew;2;1;Legacy Esports;2021/11/02
53;Funcrew;1;2;VERTEX;2021/10/27
54;Funcrew;1;2;Trident Esports;2021/10/26
55;Funcrew;2;0;Dire Wolves;2021/10/20
56;Funcrew;2;1;Nation Fan Club;2021/10/19
57;Funcrew;2;0;Elvin and the Hoodmunks;2021/10/13
58;Funcrew;1;2;PEACE;2021/09/11
59;Funcrew;0;2;ORDER;2021/09/11
60;Funcrew;2;1;Wildcard Gaming;2021/09/09
61;Funcrew;2;1;Mindfreak;2021/09/08
62;Funcrew;0;2;Mindfreak;2021/08/13
63;Funcrew;2;0;VERTEX;2021/08/12
64;Funcrew;1;2;PEACE;2021/08/11
65;Funcrew;3;1;Nebula;2021/07/12
66;Funcrew;2;1;Mindfreak;2021/07/11
67;Funcrew;0;2;Straight Outta The Zoo;2021/07/10
68;Funcrew;1;0;Villains Esports;2021/07/08
69;Funcrew;2;0;Shadownet;2021/07/05
70;Funcrew;2;0;Mindfreak;2021/07/01
71;Funcrew;2;0;Nebula;2021/06/28
72;Funcrew;0;2;ORDER;2021/06/27
73;Funcrew;2;1;PEACE;2021/06/25
74;Funcrew;2;1;Shadownet;2021/06/25
75;Funcrew;2;1;McTeam;2021/06/22
76;Funcrew;2;0;Pigeons Esports;2021/06/14
77;Funcrew;1;2;McBTSMac;2021/06/12
78;Funcrew;2;1;Eshays;2021/06/08
79;Funcrew;0;2;Nebula;2021/06/04
80;Funcrew;0;2;Wildcard Gaming;2021/06/03
81;Funcrew;2;0;Dire Wolves;2021/06/02
82;Funcrew;2;1;Shadownet;2021/06/01
83;Funcrew;0;2;Wildcard Gaming;2021/05/30
84;Funcrew;2;0;Dire Wolves;2021/05/30
85;Funcrew;2;1;Tyrant Esports;2021/05/25
86;Funcrew;2;0;Tilted;2021/05/17
87;Funcrew;2;1;Wildcard Gaming;2021/05/09
88;Funcrew;2;0;Dire Wolves;2021/05/08
89;Funcrew;2;0;DGenZ;2021/05/08
90;Funcrew;0;3;ORDER;2021/04/25
91;Funcrew;2;1;Wildcard Gaming;2021/04/24
92;Funcrew;2;1;Straight Outta The Zoo;2021/04/24
93;Funcrew;2;0;Paradox Esports;2021/04/23
94;Funcrew;0;2;ORDER;2021/04/23
95;Funcrew;1;0;Straight Outta The Zoo;2021/04/22
96;Funcrew;3;0;Kanga Esports;2021/04/19
97;Funcrew;1;2;Mindfreak;2021/04/17
98;Funcrew;0;2;ORDER;2021/04/16
99;Funcrew;1;0;Straight Outta The Zoo;2021/04/14
100;Funcrew;0;1;Mindfreak;2021/04/14
101;Funcrew;0;1;Dire Wolves;2021/04/14
102;Funcrew;2;0;Kanga Esports;2021/04/11
103;Funcrew;2;0;Paradox Esports;2021/04/11
104;Funcrew;0;2;Wildcard Gaming;2021/04/09
105;Funcrew;2;0;Bandit ESC;2021/04/08
106;Funcrew;2;0;Tilted;2021/04/06
107;Funcrew;2;1;McTeam;2021/04/01
108;Funcrew;2;0;AFTERMIND;2021/03/27
109;Funcrew;1;0;Shadownet;2021/03/27
110;Funcrew;2;0;Kanga Esports;2021/03/22
111;Funcrew;1;2;Straight Outta The Zoo;2021/03/20
112;Funcrew;0;2;ORDER;2021/03/19
113;Funcrew;2;1;Kanga Esports;2021/03/18
114;Funcrew;2;0;OverPalaStrike;2021/03/15
115;Funcrew;1;2;Mindfreak;2021/03/09
116;Funcrew;1;2;ex-EXO Clan;2021/03/07
117;Funcrew;2;1;Kanga Esports;2021/03/05
118;Funcrew;2;0;OverPalaStrike;2021/03/04
119;Funcrew;2;1;Paradox Esports;2021/03/02
120;Funcrew;0;2;ex-EXO Clan;2021/02/28
121;Funcrew;2;0;Shidiots;2021/02/27
122;Funcrew;2;0;AFTERMIND;2021/02/26
123;Funcrew;2;0;Sanguine;2021/02/25
124;Funcrew;2;1;AGG;2021/02/23
125;Funcrew;0;2;Wildcard Gaming;2021/02/12
126;Funcrew;1;2;Gravitas;2020/11/29
127;Funcrew;1;2;Avant;2020/11/28
128;Funcrew;2;0;Momentum Based;2020/11/21
129;Funcrew;1;0;ORDER;2020/11/15
130;Funcrew;0;1;Kanga Esports;2020/11/15
131;Funcrew;1;0;Pillow;2020/11/15
132;Funcrew;1;0;Mindfreak;2020/11/14
