;equipe;placar_casa;placar_visita;time_visita;data
0;Geekay Esports;1;0;CrewX;2023/10/31
1;Geekay Esports;0;1;Skulls Esports;2023/10/31
2;Geekay Esports;0;1;NASR Esports;2023/10/31
3;Geekay Esports;0;1;Gamax Esports;2023/10/30
4;Geekay Esports;0;1;Onyx Ravens;2023/10/29
5;Geekay Esports;0;1;3BL Esports;2023/10/29
6;Geekay Esports;1;2;NASR Esports;2023/10/28
7;Geekay Esports;2;0;GnG Esports;2023/10/26
8;Geekay Esports;0;2;Team RA'AD;2023/10/24
9;Geekay Esports;0;3;Team Falcons;2023/10/20
10;Geekay Esports;2;0;Twisted Minds Esports;2023/10/19
11;Geekay Esports;2;1;XO Esports;2023/10/14
12;Geekay Esports;1;2;The Ultimates;2023/10/13
13;Geekay Esports;2;0;Triple Esports Club;2023/10/12
14;Geekay Esports;2;1;Onyx Ravens;2023/10/07
15;Geekay Esports;0;2;Team Falcons;2023/10/06
16;Geekay Esports;2;0;XO Esports;2023/10/06
17;Geekay Esports;3;2;Team RA'AD;2023/08/25
18;Geekay Esports;2;0;GnG Esports;2023/08/22
19;Geekay Esports;1;0;NASR Esports;2023/08/15
20;Geekay Esports;1;0;NASR Esports;2023/08/15
21;Geekay Esports;1;0;FATE Esports;2023/08/13
22;Geekay Esports;0;1;FATE Esports;2023/08/13
23;Geekay Esports;1;0;Onyx Ravens;2023/08/04
24;Geekay Esports;0;1;Onyx Ravens;2023/08/04
25;Geekay Esports;2;3;Twisted Minds Esports;2023/07/05
26;Geekay Esports;3;2;Triple Esports Club;2023/07/04
27;Geekay Esports;2;3;Twisted Minds Esports;2023/07/03
28;Geekay Esports;2;0;Triple Esports Club;2023/06/23
29;Geekay Esports;2;0;The Vicious;2023/06/17
30;Geekay Esports;2;1;Triple Esports Club;2023/06/16
31;Geekay Esports;2;1;Onyx Ravens;2023/06/15
32;Geekay Esports;1;3;NASR Esports;2023/05/17
33;Geekay Esports;1;2;Team RA'AD;2023/05/14
34;Geekay Esports;2;0;GnG Esports;2023/05/13
35;Geekay Esports;0;1;GnG Esports;2023/05/09
36;Geekay Esports;1;0;FATE Esports;2023/05/08
37;Geekay Esports;1;0;Onyx Ravens;2023/05/07
38;Geekay Esports;0;1;NASR Esports;2023/05/06
39;Geekay Esports;1;0;Gamax Esports;2023/05/02
40;Geekay Esports;0;1;Team RA'AD;2023/05/01
41;Geekay Esports;1;0;Team Occupy;2023/04/30
42;Geekay Esports;1;0;GnG Esports;2023/04/29
43;Geekay Esports;0;1;FATE Esports;2023/04/18
44;Geekay Esports;0;1;Onyx Ravens;2023/04/17
45;Geekay Esports;1;0;NASR Esports;2023/04/16
46;Geekay Esports;1;0;Gamax Esports;2023/04/15
47;Geekay Esports;1;0;Team RA'AD;2023/04/11
48;Geekay Esports;1;0;Team Occupy;2023/04/10
49;Geekay Esports;0;3;Team RA'AD;2023/03/12
50;Geekay Esports;2;1;NASR Esports;2023/03/07
51;Geekay Esports;2;1;GnG Esports;2023/03/05
52;Geekay Esports;2;0;Team Majesty;2023/02/28
53;Geekay Esports;2;1;FATE Esports;2023/02/27
54;Geekay Esports;1;2;NASR Esports;2023/02/26
55;Geekay Esports;2;0;Bravado Gaming;2023/02/25
56;Geekay Esports;0;2;Team RA'AD;2023/02/21
57;Geekay Esports;2;1;Onyx Ravens;2023/02/20
58;Geekay Esports;2;1;GnG Esports;2023/02/19
59;Geekay Esports;3;0;Team RA'AD;2023/02/18
60;Geekay Esports;2;0;Onyx Ravens;2023/02/17
61;Geekay Esports;1;2;Team RA'AD;2023/02/17
62;Geekay Esports;2;0;Onyx Ravens;2023/02/16
63;Geekay Esports;2;0;Team Majesty;2023/02/07
64;Geekay Esports;2;0;FATE Esports;2023/02/06
65;Geekay Esports;2;1;NASR Esports;2023/02/05
66;Geekay Esports;2;0;Bravado Gaming;2023/02/04
67;Geekay Esports;2;0;Team RA'AD;2023/01/31
68;Geekay Esports;2;0;Onyx Ravens;2023/01/30
69;Geekay Esports;2;0;Team RA'AD;2023/01/25
70;Geekay Esports;2;1;GnG Esports;2023/01/24
71;Geekay Esports;0;2;Frogless;2022/12/20
72;Geekay Esports;2;0;Team Occupy;2022/12/16
73;Geekay Esports;2;1;Frogless;2022/12/15
74;Geekay Esports;2;0;For Fun;2022/12/12
75;Geekay Esports;2;0;NOBLES;2022/11/22
76;Geekay Esports;0;2;FNATIC;2022/10/22
77;Geekay Esports;0;2;S2G Esports;2022/10/21
78;Geekay Esports;2;0;NOM Junior;2022/10/20
79;Geekay Esports;2;0;Team RA'AD;2022/10/20
80;Geekay Esports;1;0;NASR Esports;2022/10/19
81;Geekay Esports;0;1;Team Falcons;2022/10/19
82;Geekay Esports;0;1;Piercer Esports;2022/10/18
83;Geekay Esports;1;0;FNATIC;2022/10/17
84;Geekay Esports;0;1;Acend;2022/10/17
85;Geekay Esports;1;0;Team RA'AD;2022/10/16
86;Geekay Esports;1;0;YaLLa Esports;2022/10/16
87;Geekay Esports;1;3;Team Falcons;2022/07/07
88;Geekay Esports;2;1;XPLDZ;2022/07/05
89;Geekay Esports;2;0;Team Falcons;2022/07/04
90;Geekay Esports;1;2;XPLDZ;2022/06/06
91;Geekay Esports;2;0;NASR Esports;2022/06/01
92;Geekay Esports;2;0;NASR Esports;2022/05/31
93;Geekay Esports;2;0;Team Majesty;2022/05/17
94;Geekay Esports;2;0;Team RA'AD;2022/05/16
95;Geekay Esports;2;1;XPLDZ;2022/05/12
96;Geekay Esports;2;0;Bravado Gaming;2022/05/11
97;Geekay Esports;2;0;Whitelist;2022/05/10
98;Geekay Esports;2;0;BlackJack Esports;2022/05/09
99;Geekay Esports;0;2;Team RA'AD;2022/03/10
100;Geekay Esports;2;0;XPLDZ;2022/03/09
101;Geekay Esports;1;2;XPLDZ;2022/03/08
102;Geekay Esports;2;0;KPI Gaming;2021/10/09
103;Geekay Esports;2;0;123TAP;2021/10/09
104;Geekay Esports;1;2;One Breath Gaming;2021/10/09
105;Geekay Esports;0;1;EZ KATKA;2021/10/02
106;Geekay Esports;1;2;NASR Esports;2021/09/23
107;Geekay Esports;1;2;Fox Gaming;2021/09/22
108;Geekay Esports;3;1;Piercer Esports;2021/09/16
109;Geekay Esports;2;1;Piercer Esports;2021/09/15
110;Geekay Esports;2;0;Team Alpha Esports;2021/09/14
111;Geekay Esports;2;0;Fraggerz;2021/09/14
112;Geekay Esports;3;0;CGN Esports;2021/09/05
113;Geekay Esports;2;0;New Genesis Esports;2021/08/26
114;Geekay Esports;1;2;Piercer Esports;2021/08/24
115;Geekay Esports;0;1;Gydom Galva;2021/08/21
116;Geekay Esports;1;0;Team Elysion;2021/08/21
117;Geekay Esports;0;1;YaLLa Esports;2021/08/17
118;Geekay Esports;2;1;Ovation eSports;2021/08/15
119;Geekay Esports;2;1;RIZON;2021/08/13
120;Geekay Esports;2;1;CGN Esports;2021/08/08
121;Geekay Esports;0;2;BIG;2021/08/07
122;Geekay Esports;0;1;deathwish;2021/07/30
123;Geekay Esports;1;2;LDN UTD;2021/07/30
124;Geekay Esports;2;1;FAST TAXI;2021/07/29
125;Geekay Esports;0;2;WiLD MultiGaming;2021/07/22
126;Geekay Esports;2;0;AXIBYTE ESPORTS;2021/07/21
127;Geekay Esports;2;0;Ovation eSports;2021/07/21
128;Geekay Esports;2;0;Team Endavant;2021/07/20
129;Geekay Esports;0;1;KASTIRALIS;2021/07/18
130;Geekay Esports;1;0;PointAndClick;2021/07/17
131;Geekay Esports;0;1;Ovation eSports;2021/07/17
132;Geekay Esports;1;0;SMARACIS eSports;2021/07/17
133;Geekay Esports;0;2;TENSTAR;2021/06/30
134;Geekay Esports;2;0;SAW;2021/06/29
135;Geekay Esports;2;0;Masonic;2021/06/29
136;Geekay Esports;2;0;Rave Party;2021/06/28
137;Geekay Esports;2;0;WiLD MultiGaming;2021/06/28
138;Geekay Esports;0;2;GMT Esports;2021/06/16
139;Geekay Esports;0;3;BIG;2021/06/13
140;Geekay Esports;1;0;PURPURE;2021/06/12
141;Geekay Esports;0;1;OtherSide;2021/06/12
142;Geekay Esports;1;0;PURPURE;2021/06/12
143;Geekay Esports;2;1;OutRage;2021/06/06
144;Geekay Esports;1;0;RARE Esports;2021/06/06
145;Geekay Esports;1;0;Party Astronauts;2021/06/06
146;Geekay Esports;1;0;Loser Gang;2021/06/05
147;Geekay Esports;0;1;GMT Esports;2021/06/05
148;Geekay Esports;0;2;Macko Esports;2021/05/09
149;Geekay Esports;2;0;Dreamwalker;2021/05/08
150;Geekay Esports;0;2;BIG;2021/05/07
151;Geekay Esports;2;0;CE Calling;2021/04/24
152;Geekay Esports;3;1;YaLLa Esports;2021/04/24
153;Geekay Esports;0;1;alltheRAGE;2021/04/24
154;Geekay Esports;2;0;Olympus;2021/04/22
155;Geekay Esports;2;0;YaLLa Esports;2021/04/16
156;Geekay Esports;2;0;New Genesis Esports;2021/04/15
157;Geekay Esports;2;0;Digger Esports;2021/03/20
158;Geekay Esports;0;2;YaLLa Esports;2021/03/19
159;Geekay Esports;2;0;CUT Esports;2021/03/18
160;Geekay Esports;1;2;KnockOut Esports;2020/11/20
161;Geekay Esports;1;0;Flamingos;2020/11/19
162;Geekay Esports;1;0;YaLLa Esports;2020/11/18
