;equipe;placar_casa;placar_visita;time_visita;data
0;G2 Gozen;3;0;Team Falcons Vega;2024/06/17
1;G2 Gozen;2;0;GIANTX GC;2024/06/15
2;G2 Gozen;2;0;Karmine Corp GC;2024/06/13
3;G2 Gozen;2;1;Team Falcons Vega;2024/06/10
4;G2 Gozen;2;0;HEROIC Valkyries;2024/06/03
5;G2 Gozen;2;0;VALIANT GC;2024/06/02
6;G2 Gozen;2;0;BBL Queens;2024/05/25
7;G2 Gozen;0;2;Odd 1 OUT;2024/05/24
8;G2 Gozen;1;2;Xperion NXT;2024/05/05
9;G2 Gozen;3;1;Shopify Rebellion;2024/04/21
10;G2 Gozen;2;0;GIANTX GC;2024/04/21
11;G2 Gozen;2;1;Karmine Corp GC;2024/04/20
12;G2 Gozen;1;2;GIANTX GC;2024/04/20
13;G2 Gozen;3;0;Team Falcons Vega;2024/03/11
14;G2 Gozen;2;0;Team Falcons Vega;2024/03/09
15;G2 Gozen;2;0;GIANTX GC;2024/03/07
16;G2 Gozen;2;0;NASR Ignite;2024/03/04
17;G2 Gozen;1;2;Team Falcons Vega;2024/02/27
18;G2 Gozen;2;0;VALIANT GC;2024/02/26
19;G2 Gozen;2;0;FOKUS Sakura;2024/02/17
20;G2 Gozen;2;0;MAD Lions KOI;2024/02/16
21;G2 Gozen;0;2;Team Liquid Brazil;2023/12/02
22;G2 Gozen;1;2;Shopify Rebellion;2023/12/01
23;G2 Gozen;2;1;Team SMG GC;2023/11/29
24;G2 Gozen;2;0;Team Liquid Brazil;2023/11/28
25;G2 Gozen;0;1;FUT Esports;2023/10/14
26;G2 Gozen;0;1;Team Heretics;2023/10/14
27;G2 Gozen;0;1;FOKUS;2023/10/14
28;G2 Gozen;0;2;Acend Rising;2023/10/06
29;G2 Gozen;2;1;NASR Ignite;2023/10/05
30;G2 Gozen;2;0;Alien Anonymo;2023/10/04
31;G2 Gozen;0;2;Odd 1 OUT;2023/09/26
32;G2 Gozen;1;2;BBL Queens;2023/09/25
33;G2 Gozen;1;2;Case Hydra;2023/09/19
34;G2 Gozen;2;0;Natus Vincere Celestials;2023/09/18
35;G2 Gozen;2;0;Guild GC;2023/09/13
36;G2 Gozen;2;0;DSYRE GC;2023/09/12
37;G2 Gozen;2;1;Team Falcons Vega;2023/09/11
38;G2 Gozen;3;1;FUT Female;2023/07/30
39;G2 Gozen;2;1;Acend Rising;2023/07/28
40;G2 Gozen;2;1;BBL Queens;2023/07/26
41;G2 Gozen;2;0;Case Hydra;2023/07/25
42;G2 Gozen;2;0;Karmine Corp GC;2023/07/18
43;G2 Gozen;2;0;Ninjas in Pyjamas Lightning;2023/07/17
44;G2 Gozen;0;2;Alliance Coven;2023/07/11
45;G2 Gozen;1;2;KPI Shine;2023/07/10
46;G2 Gozen;2;1;Natus Vincere Celestials;2023/07/05
47;G2 Gozen;2;1;Odd 1 OUT;2023/07/04
48;G2 Gozen;2;1;Alien Anonymo;2023/07/03
49;G2 Gozen;3;2;BBL Queens;2023/05/21
50;G2 Gozen;3;0;Acend Rising;2023/05/20
51;G2 Gozen;1;2;BBL Queens;2023/05/16
52;G2 Gozen;2;0;Acend Rising;2023/05/14
53;G2 Gozen;2;0;Guild GC;2023/05/13
54;G2 Gozen;2;0;FOKUS Sakura;2023/05/09
55;G2 Gozen;2;0;Rebels Velvet;2023/05/08
56;G2 Gozen;2;0;Natus Vincere Celestials;2023/05/02
57;G2 Gozen;1;2;BBL Queens;2023/05/01
58;G2 Gozen;2;0;Alliance Coven;2023/04/26
59;G2 Gozen;2;0;CBA;2023/04/25
60;G2 Gozen;2;0;UNtapped;2023/04/24
61;G2 Gozen;3;2;Shopify Rebellion GC;2022/11/20
62;G2 Gozen;2;0;Team Liquid Brazil;2022/11/18
63;G2 Gozen;2;1;Cloud9 White;2022/11/15
64;G2 Gozen;2;0;X10 Sapphire;2022/11/15
65;G2 Gozen;2;3;Guild GC;2022/10/02
66;G2 Gozen;2;0;Natus Vincere Celestials;2022/10/01
67;G2 Gozen;2;1;Guild GC;2022/09/29
68;G2 Gozen;2;0;Rix.GG Lightning;2022/09/27
69;G2 Gozen;2;0;Case Hydra;2022/09/27
70;G2 Gozen;2;0;Unknownpros Female;2022/09/26
71;G2 Gozen;1;0;Natus Vincere Celestials;2022/09/20
72;G2 Gozen;1;0;Case Hydra;2022/09/20
73;G2 Gozen;1;0;Acend Rising;2022/09/20
74;G2 Gozen;1;0;GeeKay Esports Cherry;2022/09/19
75;G2 Gozen;1;0;InternetFlicks;2022/09/19
76;G2 Gozen;1;0;CpG Waifus;2022/09/19
77;G2 Gozen;3;0;Guild GC;2022/05/08
78;G2 Gozen;2;0;Rix.GG Lightning;2022/05/07
79;G2 Gozen;2;0;Guild GC;2022/05/05
80;G2 Gozen;2;0;FUT Female;2022/05/03
81;G2 Gozen;2;0;Beşiktaş Esports Female;2022/05/03
82;G2 Gozen;2;0;5ynerG;2022/05/02
83;G2 Gozen;1;0;TENSTAR Nova;2022/04/26
84;G2 Gozen;1;0;ANYWAY;2022/04/26
85;G2 Gozen;0;1;Guild GC;2022/04/26
86;G2 Gozen;1;0;UNtapped;2022/04/25
87;G2 Gozen;1;0;Noah's Ark;2022/04/25
88;G2 Gozen;1;0;Incognito GC;2022/04/25
89;G2 Gozen;3;1;Guild GC;2022/02/06
90;G2 Gozen;2;0;Guild GC;2022/02/05
91;G2 Gozen;2;0;noOrg;2022/02/03
92;G2 Gozen;2;0;Papara SuperMassive Female;2022/02/01
93;G2 Gozen;2;0;Sangal Rebels;2022/02/01
94;G2 Gozen;2;0;Ennola;2022/01/31
95;G2 Gozen;0;2;zyzz;2022/01/27
96;G2 Gozen;1;0;Papara SuperMassive Female;2022/01/25
97;G2 Gozen;1;0;Oxxgen Esports;2022/01/25
98;G2 Gozen;1;0;TENSTAR Nova;2022/01/25
99;G2 Gozen;1;0;Ennola;2022/01/24
100;G2 Gozen;1;0;GeeKay Esports Cherry;2022/01/24
101;G2 Gozen;1;0;IRIS;2022/01/24
102;G2 Gozen;1;2;Team Progress;2022/01/17
103;G2 Gozen;2;0;VeViCi Esports;2022/01/17
104;G2 Gozen;0;2;bref;2022/01/10
105;G2 Gozen;3;1;Guild GC;2021/11/21
106;G2 Gozen;2;0;Guild GC;2021/11/20
107;G2 Gozen;2;0;ChatBanned;2021/11/18
108;G2 Gozen;2;0;TENSTAR Nova;2021/11/14
109;G2 Gozen;2;0;Valstars Gaming Female;2021/11/14
110;G2 Gozen;2;0;vanished;2021/11/13
111;G2 Gozen;1;0;Rix.GG Lightning;2021/11/13
112;G2 Gozen;1;0;Oxxgen Esports;2021/11/13
113;G2 Gozen;0;1;ChatBanned;2021/11/13
114;G2 Gozen;1;0;TENSTAR Nova;2021/11/12
115;G2 Gozen;1;0;Valstars Gaming Female;2021/11/12
