;equipe;placar_casa;placar_visita;time_visita;data
0;True Rippers;2;0;Reckoning Esports;2024/06/12
1;True Rippers;1;0;Orangutan;2023/08/17
2;True Rippers;0;1;Team Sarafa;2023/08/14
3;True Rippers;0;1;Team Sarafa;2023/08/14
4;True Rippers;1;2;Reckoning Esports;2023/06/06
5;True Rippers;0;2;Orangutan;2023/06/03
6;True Rippers;2;1;Revenant Esports;2023/06/01
7;True Rippers;2;0;GodLike Esports;2023/05/19
8;True Rippers;1;2;Aster Army;2023/05/15
9;True Rippers;2;1;Gods Reign;2023/05/11
10;True Rippers;2;0;Medal Esports;2023/04/29
11;True Rippers;0;2;Gods Reign;2023/04/22
12;True Rippers;0;2;Orangutan;2023/04/21
13;True Rippers;2;1;Velocity Gaming;2023/04/17
14;True Rippers;2;0;Aster Army;2023/04/14
15;True Rippers;2;1;GodLike Esports;2023/04/08
16;True Rippers;1;2;Gods Reign;2023/04/03
17;True Rippers;0;2;Velocity Gaming;2023/03/27
18;True Rippers;2;0;MLT Esports;2023/03/20
19;True Rippers;0;2;Anaadi Army;2022/07/22
20;True Rippers;1;2;Lethal Esports;2022/07/18
21;True Rippers;2;1;Reckoning Esports;2022/07/17
22;True Rippers;0;2;Velocity Gaming;2022/02/06
23;True Rippers;2;0;Reckoning Esports;2022/02/05
24;True Rippers;2;0;Galaxy Esports;2022/02/03
25;True Rippers;0;2;Global Esports;2022/01/29
26;True Rippers;2;0;tryouts;2022/01/28
27;True Rippers;2;0;Amigos Esports;2022/01/26
28;True Rippers;0;2;Team Exploit;2022/01/21
29;True Rippers;0;2;Team Valor;2022/01/21
30;True Rippers;2;1;Reckoning Esports;2022/01/18
31;True Rippers;0;2;Reckoning Esports;2022/01/17
32;True Rippers;0;2;Team Exploit;2022/01/12
33;True Rippers;2;1;FS Esports;2022/01/10
34;True Rippers;2;0;Team 69;2022/01/08
35;True Rippers;0;3;Team XO;2021/12/19
36;True Rippers;0;3;Todak;2021/12/18
37;True Rippers;0;2;Team XO;2021/12/11
38;True Rippers;0;2;Enigma Gaming;2021/12/11
39;True Rippers;0;2;Team XO;2021/12/11
40;True Rippers;2;1;Reckoning Esports;2021/12/10
41;True Rippers;2;1;Enigma Gaming;2021/12/10
42;True Rippers;2;0;Team Valor;2021/12/09
43;True Rippers;2;0;S8UL Esports;2021/12/09
44;True Rippers;2;0;God Particles;2021/12/09
45;True Rippers;0;2;God Particles;2021/12/08
46;True Rippers;1;2;Team XO;2021/12/08
47;True Rippers;2;1;Team Exploit;2021/12/05
48;True Rippers;2;1;Team Valor;2021/12/05
49;True Rippers;0;2;Exceeli Esports;2021/11/25
50;True Rippers;2;0;S8UL Esports;2021/11/24
51;True Rippers;0;2;Team Exploit;2021/11/23
52;True Rippers;0;2;Velocity Gaming;2021/11/23
53;True Rippers;2;0;VLT Asteria;2021/11/21
54;True Rippers;2;0;ROG Academy;2021/11/19
55;True Rippers;2;1;God Particles;2021/11/14
56;True Rippers;0;2;God Particles;2021/10/31
57;True Rippers;1;2;Team XO;2021/10/30
58;True Rippers;2;0;M42 Esports;2021/10/29
59;True Rippers;0;2;Team Valor;2021/10/27
60;True Rippers;0;2;Velocity Gaming;2021/10/27
61;True Rippers;2;1;God Particles;2021/10/25
62;True Rippers;0;2;Enigma Gaming;2021/10/23
63;True Rippers;2;0;FlamexSerenity;2021/09/01
64;True Rippers;2;0;Team 69;2021/08/26
65;True Rippers;0;2;Velocity Gaming;2021/08/12
66;True Rippers;2;0;SUS SquaD;2021/08/10
67;True Rippers;1;2;F1LS Esports;2021/07/19
68;True Rippers;2;1;Samurai Esports;2021/07/15
69;True Rippers;0;2;Velocity Gaming;2021/07/09
70;True Rippers;2;1;ROG Academy;2021/07/08
71;True Rippers;0;2;FANGZ;2021/07/02
72;True Rippers;1;2;Team 69;2021/06/29
73;True Rippers;0;2;Velocity Gaming;2021/06/24
74;True Rippers;1;2;Enigma Gaming;2021/06/17
75;True Rippers;0;2;GodLike Esports;2021/06/17
76;True Rippers;2;1;QQQ;2021/06/14
77;True Rippers;0;2;Global Esports;2021/06/14
78;True Rippers;2;0;Kuch Bhi;2021/06/12
79;True Rippers;2;0;Samurai Esports;2021/06/05
