;equipe;placar_casa;placar_visita;time_visita;data
0;CREST GAMING Zst;1;2;Murash Gaming;2024/05/08
1;CREST GAMING Zst;1;2;SCARZ;2024/05/06
2;CREST GAMING Zst;2;1;FAV gaming;2024/05/05
3;CREST GAMING Zst;2;0;BC SWELL;2024/05/05
4;CREST GAMING Zst;1;2;FAV gaming;2024/05/04
5;CREST GAMING Zst;2;0;BC SWELL;2024/05/03
6;CREST GAMING Zst;2;0;Father's Back;2024/05/03
7;CREST GAMING Zst;0;2;IGZIST;2024/01/24
8;CREST GAMING Zst;2;0;IGZIST;2024/01/23
9;CREST GAMING Zst;2;0;Cloud Esports STELLA;2024/01/22
10;CREST GAMING Zst;2;3;FAV gaming;2023/10/22
11;CREST GAMING Zst;2;1;REJECT;2023/10/21
12;CREST GAMING Zst;2;0;Murash Gaming;2023/10/15
13;CREST GAMING Zst;2;0;Vision Harutoman;2023/10/14
14;CREST GAMING Zst;2;3;FENNEL;2023/05/10
15;CREST GAMING Zst;0;2;SCARZ;2023/05/04
16;CREST GAMING Zst;1;2;FENNEL;2023/05/04
17;CREST GAMING Zst;2;0;IGZIST;2023/05/03
18;CREST GAMING Zst;2;0;Sengoku Gaming;2023/04/27
19;CREST GAMING Zst;0;2;Crazy Raccoon;2023/04/26
20;CREST GAMING Zst;0;2;Jadeite;2023/04/20
21;CREST GAMING Zst;0;2;NORTHEPTION;2023/04/13
22;CREST GAMING Zst;2;0;FAV gaming;2023/03/31
23;CREST GAMING Zst;1;2;SCARZ;2023/03/30
24;CREST GAMING Zst;2;0;BLUE BEES.ESP;2023/03/28
25;CREST GAMING Zst;2;0;Asterisk;2023/03/23
26;CREST GAMING Zst;2;0;Asterisk;2023/03/22
27;CREST GAMING Zst;2;0;AriaSheeP;2023/03/21
28;CREST GAMING Zst;2;0;thirst for victory;2023/03/21
29;CREST GAMING Zst;0;2;SCARZ;2023/02/09
30;CREST GAMING Zst;0;2;FENNEL;2023/02/08
31;CREST GAMING Zst;0;2;Sengoku Gaming;2023/02/05
32;CREST GAMING Zst;1;2;IGZIST;2023/02/04
33;CREST GAMING Zst;2;1;REJECT;2023/02/02
34;CREST GAMING Zst;0;2;NORTHEPTION;2023/01/29
35;CREST GAMING Zst;0;2;Crazy Raccoon;2023/01/28
36;CREST GAMING Zst;2;1;BC SWELL;2023/01/15
37;CREST GAMING Zst;2;0;BC SWELL;2023/01/14
38;CREST GAMING Zst;2;1;BLUE BEES.ESP;2023/01/13
39;CREST GAMING Zst;2;0;Mirage;2023/01/13
40;CREST GAMING Zst;1;2;BLUE BEES.ESP;2022/06/05
41;CREST GAMING Zst;1;2;REJECT;2022/05/22
42;CREST GAMING Zst;2;0;Sengoku Gaming;2022/05/15
43;CREST GAMING Zst;2;0;FENNEL;2022/05/12
44;CREST GAMING Zst;2;0;Sensory;2022/05/10
45;CREST GAMING Zst;0;2;REJECT;2022/03/25
46;CREST GAMING Zst;0;2;IGZIST;2022/03/24
47;CREST GAMING Zst;2;1;REIGNITE;2022/03/13
48;CREST GAMING Zst;2;1;Sengoku Gaming;2022/03/13
49;CREST GAMING Zst;2;0;SCARZ;2022/03/05
50;CREST GAMING Zst;2;1;Jadeite;2022/03/03
51;CREST GAMING Zst;1;2;Hexad;2022/02/17
52;CREST GAMING Zst;1;0;Glory be Diva;2021/03/05
53;CREST GAMING Zst;1;0;RELATION X;2021/03/05
54;CREST GAMING Zst;1;0;RWBY;2021/03/05
55;CREST GAMING Zst;0;1;CYCLOPS athlete gaming;2021/03/05
56;CREST GAMING Zst;0;1;FENNEL;2021/03/05
57;CREST GAMING Zst;0;1;NORTHEPTION;2021/02/26
58;CREST GAMING Zst;0;1;Crazy Raccoon;2021/02/26
