;equipe;placar_casa;placar_visita;time_visita;data
0;FURIA;0;2;Sentinels;2024/05/03
1;FURIA;1;2;Cloud9;2024/04/28
2;FURIA;0;2;G2 Esports;2024/04/22
3;FURIA;0;2;NRG Esports;2024/04/14
4;FURIA;1;2;KRÜ Esports;2024/04/08
5;FURIA;0;2;MIBR;2024/02/19
6;FURIA;0;2;NRG Esports;2024/02/16
7;FURIA;1;2;Global Esports;2023/12/16
8;FURIA;0;2;Team Vitality;2023/12/15
9;FURIA;0;3;Leviatán;2023/11/12
10;FURIA;2;0;Cloud9;2023/11/12
11;FURIA;2;0;KRÜ Esports;2023/11/11
12;FURIA;1;2;Cloud9;2023/11/10
13;FURIA;2;1;XIT;2023/11/05
14;FURIA;2;1;XIT;2023/10/21
15;FURIA;2;0;MIXX;2023/10/18
16;FURIA;2;1;RED Canids;2023/10/16
17;FURIA;2;0;timberknick;2023/10/16
18;FURIA;1;2;KRÜ Esports;2023/07/16
19;FURIA;0;2;NRG Esports;2023/05/25
20;FURIA;0;2;LOUD;2023/05/24
21;FURIA;2;1;Leviatán;2023/05/23
22;FURIA;1;2;Sentinels;2023/05/18
23;FURIA;1;2;100 Thieves;2023/05/13
24;FURIA;1;2;NRG Esports;2023/05/08
25;FURIA;2;0;MIBR;2023/04/29
26;FURIA;0;2;Cloud9;2023/04/25
27;FURIA;2;1;Evil Geniuses;2023/04/22
28;FURIA;0;2;LOUD;2023/04/17
29;FURIA;2;1;Leviatán;2023/04/08
30;FURIA;2;0;KRÜ Esports;2023/04/01
31;FURIA;0;2;FNATIC;2023/02/26
32;FURIA;2;0;T1;2023/02/24
33;FURIA;1;2;FNATIC;2022/09/05
34;FURIA;0;2;DRX;2022/09/02
35;FURIA;3;0;TBK Esports;2022/08/14
36;FURIA;0;3;KRÜ Esports;2022/08/13
37;FURIA;2;0;9z Team;2022/08/08
38;FURIA;2;0;FUSION;2022/08/06
39;FURIA;1;2;Los Grandes;2022/06/23
40;FURIA;1;2;Keyd Stars;2022/06/21
41;FURIA;2;0;Gamelanders Blue;2022/06/05
42;FURIA;2;0;Los Grandes;2022/05/28
43;FURIA;2;0;Stars Horizon;2022/05/22
44;FURIA;0;2;LOUD;2022/05/14
45;FURIA;0;2;Keyd Stars;2022/03/24
46;FURIA;2;1;Gamelanders Blue;2022/03/24
47;FURIA;1;2;Ninjas In Pyjamas;2022/03/23
48;FURIA;2;0;TBK Esports;2022/03/22
49;FURIA;1;2;Keyd Stars;2022/03/13
50;FURIA;0;2;Sharks Esports;2022/03/05
51;FURIA;2;0;INGAMING Esports;2022/02/19
52;FURIA;2;1;Ninjas In Pyjamas;2022/02/13
53;FURIA;1;2;KRÜ Esports;2021/12/05
54;FURIA;1;2;Sentinels;2021/12/02
55;FURIA;3;0;Australs;2021/10/17
56;FURIA;2;1;Gamelanders Blue;2021/10/16
57;FURIA;2;0;Sharks Esports;2021/10/14
58;FURIA;2;0;E-Xolos LAZER;2021/10/13
59;FURIA;1;2;Australs;2021/10/11
60;FURIA;0;2;Keyd Stars;2021/08/21
61;FURIA;0;3;Liberty;2021/08/19
62;FURIA;2;0;Sharks Esports;2021/08/15
63;FURIA;2;1;Gamelanders Blue;2021/08/12
64;FURIA;2;1;Jaguares Esports;2021/08/07
65;FURIA;1;0;Extenzy Gaming;2021/07/31
66;FURIA;0;2;Team Vikings;2021/07/18
67;FURIA;0;1;NOORG2.0;2021/07/17
68;FURIA;2;0;SLICK;2021/07/11
69;FURIA;1;2;Team Vikings;2021/07/10
70;FURIA;1;0;SLICK;2021/07/03
71;FURIA;2;1;Keyd Stars;2021/06/30
72;FURIA;2;0;blackhat esports;2021/06/30
73;FURIA;2;3;Gamelanders Blue;2021/06/20
74;FURIA;2;0;TERROR.NET;2021/06/20
75;FURIA;1;2;Gamelanders Blue;2021/06/18
76;FURIA;2;0;HIGHPOWER;2021/06/11
77;FURIA;2;1;TERROR.NET;2021/06/10
78;FURIA;1;2;Sharks Esports;2021/05/08
79;FURIA;2;0;Liberty;2021/05/08
80;FURIA;2;0;INGAMING Esports;2021/05/07
81;FURIA;0;2;Team Vikings;2021/05/06
82;FURIA;2;0;paiN Gaming;2021/05/01
83;FURIA;2;1;Sharks Esports;2021/04/17
84;FURIA;1;0;INGAMING Esports;2021/04/10
85;FURIA;2;0;Gamelanders Blue;2021/04/03
86;FURIA;1;0;Sharks Esports;2021/03/27
87;FURIA;2;0;Black Dragons;2021/03/24
88;FURIA;2;0;OSKARARANDOM;2021/03/24
89;FURIA;1;2;Gamelanders Blue;2021/03/20
90;FURIA;2;1;Imperial Esports;2021/03/13
91;FURIA;2;0;Rise Gaming;2021/02/21
92;FURIA;2;0;Imperial Esports;2021/02/14
93;FURIA;0;1;Gamelanders Blue;2021/02/13
94;FURIA;2;0;SLICK;2021/02/06
95;FURIA;1;0;Galaxy Carrots;2021/01/30
96;FURIA;2;0;Gamelanders Blue;2021/01/26
97;FURIA;2;0;ChesterNo;2021/01/26
