;equipe;placar_casa;placar_visita;time_visita;data
0;UST Esports;1;3;TAMU Maroon;2024/06/09
1;UST Esports;3;0;TAMU Maroon;2024/05/25
2;UST Esports;2;0;SJSU Blue;2024/05/19
3;UST Esports;2;0;University of Virginia;2024/05/17
4;UST Esports;2;1;SFU Pink;2024/05/12
5;UST Esports;2;1;Northwood University;2024/05/11
6;UST Esports;3;0;TAMU Maroon;2024/05/05
7;UST Esports;3;0;TAMU Maroon;2024/04/27
8;UST Esports;2;0;Brewton Parker College;2024/04/21
9;UST Esports;2;1;Cumberland Varsity;2024/04/20
10;UST Esports;2;0;TAMU White;2024/04/14
11;UST Esports;2;0;Northwest Vista College;2024/04/13
12;UST Esports;2;3;TAMU Maroon;2024/03/03
13;UST Esports;3;0;LG Orange;2024/03/02
14;UST Esports;2;1;UCF Gold;2024/02/25
15;UST Esports;2;0;Blinn;2022/11/20
16;UST Esports;1;0;SJSU Blue;2022/11/20
17;UST Esports;1;0;Scarlet Knights Black;2022/11/20
18;UST Esports;2;0;UH Premiere;2022/11/16
19;UST Esports;2;1;UNO Black;2022/11/14
20;UST Esports;2;0;St Edwards University;2022/11/13
