;equipe;placar_casa;placar_visita;time_visita;data
0;ILLICIT;0;2;E-Xolos LAZER;2024/06/20
1;ILLICIT;1;2;E-Xolos LAZER;2024/06/14
2;ILLICIT;2;0;FUSION;2024/06/05
3;ILLICIT;2;0;Six Karma;2024/05/29
4;ILLICIT;2;0;TP REVEN;2024/05/22
5;ILLICIT;0;2;RETA Esports;2024/05/16
6;ILLICIT;0;2;Chivas Esports;2024/05/03
7;ILLICIT;1;2;Six Karma;2024/03/29
8;ILLICIT;0;2;RETA Esports;2024/03/28
9;ILLICIT;2;0;Six Karma;2024/03/13
10;ILLICIT;1;2;E-Xolos LAZER;2024/03/07
11;ILLICIT;0;2;RETA Esports;2024/03/01
12;ILLICIT;2;0;19esports;2024/02/29
13;ILLICIT;2;0;FUSION;2024/02/22
14;ILLICIT;0;2;Border Monsters;2023/11/16
15;ILLICIT;0;2;E-Xolos LAZER;2023/11/14
16;ILLICIT;2;0;FUSION;2023/11/13
17;ILLICIT;2;0;Six Karma;2023/10/28
18;ILLICIT;0;2;19esports;2023/10/27
19;ILLICIT;2;0;FiRePOWER;2023/10/26
20;ILLICIT;2;0;19esports;2023/10/20
21;ILLICIT;1;2;Six Karma;2023/10/19
22;ILLICIT;0;3;505;2023/05/31
23;ILLICIT;1;3;Six Karma;2023/05/29
24;ILLICIT;2;0;Undrafted;2023/01/22
25;ILLICIT;1;0;Ryze Gaming;2023/01/21
