;equipe;placar_casa;placar_visita;time_visita;data
0;Oblivion Force;2;0;Five Ace Esports;2024/06/20
1;Oblivion Force;2;0;Team Kobolds;2024/06/19
2;Oblivion Force;2;0;PAPA ESPORTS;2024/06/13
3;Oblivion Force;2;0;Da Feng Gou;2024/06/12
4;Oblivion Force;2;0;ROA Esport;2024/06/06
5;Oblivion Force;2;0;Hungkuang Falcon;2024/06/05
6;Oblivion Force;0;3;ONE Team Esports;2024/04/04
7;Oblivion Force;3;0;PEI WAN E-SPORTS;2024/04/03
8;Oblivion Force;0;2;ONE Team Esports;2024/04/02
9;Oblivion Force;2;0;PEI WAN E-SPORTS;2024/03/27
