;equipe;placar_casa;placar_visita;time_visita;data
0;FunPlus Phoenix;1;2;Trace Esports;2024/06/21
1;FunPlus Phoenix;1;2;Team Heretics;2024/05/27
2;FunPlus Phoenix;1;2;Gen.G;2024/05/25
3;FunPlus Phoenix;2;1;FUT Esports;2024/05/23
4;FunPlus Phoenix;1;3;EDward Gaming;2024/05/12
5;FunPlus Phoenix;2;0;EDward Gaming;2024/05/10
6;FunPlus Phoenix;2;0;Trace Esports;2024/05/09
7;FunPlus Phoenix;2;0;Bilibili Gaming;2024/05/04
8;FunPlus Phoenix;2;1;EDward Gaming;2024/04/27
9;FunPlus Phoenix;2;0;Nova Esports;2024/04/19
10;FunPlus Phoenix;2;1;Dragon Ranger Gaming;2024/04/12
11;FunPlus Phoenix;2;0;Wolves Esports;2024/04/07
12;FunPlus Phoenix;0;2;LOUD;2024/03/17
13;FunPlus Phoenix;0;2;Karmine Corp;2024/03/14
14;FunPlus Phoenix;1;3;EDward Gaming;2024/03/02
15;FunPlus Phoenix;2;0;Dragon Ranger Gaming;2024/03/01
16;FunPlus Phoenix;2;1;Trace Esports;2024/02/25
17;FunPlus Phoenix;2;0;Nova Esports;2024/02/22
18;FunPlus Phoenix;1;3;EDward Gaming;2023/11/25
19;FunPlus Phoenix;2;1;Trace Esports;2023/11/24
20;FunPlus Phoenix;2;1;Attacking Soul Esports;2023/11/23
21;FunPlus Phoenix;2;0;Dragon Ranger Gaming;2023/11/22
22;FunPlus Phoenix;2;0;17Gaming;2023/11/20
23;FunPlus Phoenix;1;2;Trace Esports;2023/11/17
24;FunPlus Phoenix;2;0;Royal Never Give Up;2023/11/16
25;FunPlus Phoenix;2;0;All Gamers;2023/11/08
26;FunPlus Phoenix;2;0;Four Angry Men;2023/11/06
27;FunPlus Phoenix;1;2;EDward Gaming;2023/04/12
28;FunPlus Phoenix;2;0;Totoro Gaming;2023/04/11
29;FunPlus Phoenix;2;0;KONE eSports Club;2023/04/01
30;FunPlus Phoenix;2;0;Invincible Gaming;2023/03/30
31;FunPlus Phoenix;2;0;Number One Player;2023/03/29
32;FunPlus Phoenix;2;0;Weibo Gaming;2023/03/24
33;FunPlus Phoenix;1;2;Attacking Soul Esports;2023/03/22
34;FunPlus Phoenix;1;2;Karmine Corp;2023/02/14
35;FunPlus Phoenix;3;1;EDward Gaming;2022/12/25
36;FunPlus Phoenix;3;0;Shenzhen NTER;2022/12/24
37;FunPlus Phoenix;0;3;EDward Gaming;2022/12/23
38;FunPlus Phoenix;2;0;Attacking Soul Esports;2022/12/22
39;FunPlus Phoenix;2;0;Shenzhen NTER;2022/12/19
40;FunPlus Phoenix;2;0;Attacking Soul Esports;2022/12/18
41;FunPlus Phoenix;1;2;Tales of Eastern;2022/12/15
42;FunPlus Phoenix;2;1;Monarch Effect;2022/12/10
43;FunPlus Phoenix;1;2;EDward Gaming;2022/12/08
44;FunPlus Phoenix;0;2;Tales of Eastern;2022/11/19
45;FunPlus Phoenix;2;0;Night Wings Gaming;2022/11/18
46;FunPlus Phoenix;1;2;Shenzhen NTER;2022/11/17
47;FunPlus Phoenix;0;2;Monarch Effect;2022/10/22
48;FunPlus Phoenix;1;0;Attacking Soul Esports;2022/10/21
49;FunPlus Phoenix;0;1;Monarch Effect;2022/10/21
50;FunPlus Phoenix;1;0;Invincible Gaming;2022/10/20
51;FunPlus Phoenix;0;1;Shenzhen NTER;2022/10/19
52;FunPlus Phoenix;1;0;Shenzhen NTER;2022/10/19
53;FunPlus Phoenix;0;1;Attacking Soul Esports;2022/10/18
54;FunPlus Phoenix;0;1;Monarch Effect;2022/10/18
55;FunPlus Phoenix;1;0;Number One Player;2022/10/17
56;FunPlus Phoenix;1;0;Invincible Gaming;2022/10/17
57;FunPlus Phoenix;0;3;KONE eSports Club;2022/07/08
58;FunPlus Phoenix;2;1;Tales of Eastern;2022/07/07
59;FunPlus Phoenix;2;0;Shenzhen NTER;2022/07/06
60;FunPlus Phoenix;1;2;KONE eSports Club;2022/07/05
61;FunPlus Phoenix;2;0;Weibo Gaming;2022/07/03
62;FunPlus Phoenix;0;2;Night Wings Gaming;2022/07/02
63;FunPlus Phoenix;2;1;EDward Gaming;2022/07/01
64;FunPlus Phoenix;2;0;TYLOO;2022/06/29
65;FunPlus Phoenix;0;2;Night Wings Gaming;2022/06/07
66;FunPlus Phoenix;0;2;KONE eSports Club;2022/06/06
67;FunPlus Phoenix;2;0;EDward Gaming;2022/06/02
68;FunPlus Phoenix;2;1;Number One Player;2022/05/28
69;FunPlus Phoenix;2;0;Attacking Soul Esports;2022/05/27
70;FunPlus Phoenix;2;0;TYLOO;2022/05/25
71;FunPlus Phoenix;0;2;Weibo Gaming;2022/04/06
72;FunPlus Phoenix;2;0;TYLOO;2022/04/05
73;FunPlus Phoenix;0;2;KONE eSports Club;2022/04/04
74;FunPlus Phoenix;2;0;Weibo Gaming;2022/04/03
75;FunPlus Phoenix;2;0;Attacking Soul Esports;2022/04/02
76;FunPlus Phoenix;1;2;EDward Gaming;2022/03/31
77;FunPlus Phoenix;2;1;TYLOO;2022/03/30
78;FunPlus Phoenix;2;0;Night Wings Gaming;2022/03/27
79;FunPlus Phoenix;2;1;O2 Gaming;2022/03/25
80;FunPlus Phoenix;2;3;EDward Gaming;2022/03/08
81;FunPlus Phoenix;2;1;KONE eSports Club;2022/03/07
82;FunPlus Phoenix;2;0;Tales of Eastern;2022/03/06
83;FunPlus Phoenix;0;2;KONE eSports Club;2022/03/04
84;FunPlus Phoenix;0;2;Weibo Gaming;2022/03/02
85;FunPlus Phoenix;2;1;Shenzhen NTER;2022/03/01
86;FunPlus Phoenix;2;0;Qing Jiu Club;2022/02/26
87;FunPlus Phoenix;2;1;O2 Gaming;2022/02/23
88;FunPlus Phoenix;0;2;Tales of Eastern;2022/02/21
