;equipe;placar_casa;placar_visita;time_visita;data
0;iPGN;2;1;JFT;2024/06/11
1;iPGN;2;1;Koopa Troopas;2024/06/10
2;iPGN;1;2;JiJieHao;2024/06/07
3;iPGN;2;1;Bandit ESC;2024/06/06
4;iPGN;1;2;BOBO;2024/04/24
5;iPGN;0;2;JiJieHao;2024/04/11
6;iPGN;2;0;Funcrew;2024/03/31
7;iPGN;1;2;JFT;2024/03/29
8;iPGN;2;0;Peace And Love;2024/03/28
9;iPGN;2;0;After Life Esports;2024/03/26
10;iPGN;0;2;Arcade Esports;2024/03/25
11;iPGN;0;2;FOCUSGG;2024/03/11
12;iPGN;2;1;Peace And Love;2024/03/10
13;iPGN;2;0;Rub n' Pug;2024/03/07
14;iPGN;2;0;EDGE;2024/03/06
15;iPGN;2;0;Peak Iron 2;2024/03/05
16;iPGN;2;0;Super Spike Bros;2024/03/04
