;equipe;placar_casa;placar_visita;time_visita;data
0;DSYRE;1;0;VX300 Gaming;2024/06/16
1;DSYRE;1;0;LONETEAM;2024/06/15
2;DSYRE;1;0;Outplayed;2024/06/02
3;DSYRE;1;0;RTZN;2024/06/01
4;DSYRE;1;0;NOVO Esports;2024/05/27
5;DSYRE;1;0;Axolotl;2024/05/26
6;DSYRE;1;0;HGE Esport;2024/05/25
7;DSYRE;1;0;Macko Esports;2023/05/13
8;DSYRE;1;0;WLGaming Esports;2023/05/07
9;DSYRE;0;1;Outplayed;2023/05/06
10;DSYRE;0;1;QLASH;2023/04/30
11;DSYRE;0;1;GMT Esports;2023/04/29
12;DSYRE;1;0;HMBLE;2023/04/23
13;DSYRE;1;0;Axolotl;2023/04/22
14;DSYRE;1;0;Macko Esports;2023/04/16
15;DSYRE;1;0;WLGaming Esports;2023/04/15
16;DSYRE;1;0;QLASH;2023/04/08
17;DSYRE;1;0;Outplayed;2023/04/03
18;DSYRE;0;1;GMT Esports;2023/04/02
19;DSYRE;1;0;HMBLE;2023/04/01
20;DSYRE;1;3;GMT Esports;2023/03/12
21;DSYRE;3;2;HMBLE;2023/03/05
22;DSYRE;0;1;HMBLE;2023/02/28
23;DSYRE;1;0;QLASH;2023/02/21
24;DSYRE;1;0;Macko Esports;2023/02/20
25;DSYRE;1;0;Axolotl;2023/02/12
26;DSYRE;1;0;GMT Esports;2023/02/11
27;DSYRE;1;0;Outplayed;2023/02/06
28;DSYRE;1;0;WLGaming Esports;2023/02/05
29;DSYRE;1;0;HMBLE;2023/02/04
30;DSYRE;1;0;QLASH;2023/01/30
31;DSYRE;1;0;Macko Esports;2023/01/29
32;DSYRE;1;0;Axolotl;2023/01/28
33;DSYRE;1;0;GMT Esports;2023/01/23
34;DSYRE;1;0;Outplayed;2023/01/22
35;DSYRE;1;0;WLGaming Esports;2023/01/21
36;DSYRE;3;0;Ovation eSports;2022/12/17
37;DSYRE;2;0;Unicorns of Love;2022/12/16
38;DSYRE;2;0;Wave Esports;2022/12/15
39;DSYRE;2;0;ALTERNATE aTTaX;2022/11/29
40;DSYRE;2;0;cowana Gaming;2022/11/27
41;DSYRE;0;2;FNATIC;2022/11/27
42;DSYRE;3;0;Axolotl;2022/11/27
43;DSYRE;2;0;MOUZ;2022/11/26
44;DSYRE;2;0;EnRo Griffins;2022/11/25
45;DSYRE;0;1;Prinzen von Stuttgart;2022/11/21
46;DSYRE;2;0;4Real;2022/11/12
47;DSYRE;0;2;Wave Esports;2022/11/08
48;DSYRE;2;1;Team Galaga;2022/11/06
49;DSYRE;2;0;FIVE Media Clan;2022/11/06
50;DSYRE;1;0;GTZ Esports;2022/11/05
51;DSYRE;1;0;Team Aku Aku;2022/11/05
52;DSYRE;1;2;010 Esports;2022/11/05
53;DSYRE;1;0;VX300 Gaming;2022/11/05
54;DSYRE;1;0;CyberGround Gaming;2022/11/03
55;DSYRE;1;0;Macko Esports;2022/11/03
56;DSYRE;2;0;Angry Titans;2022/11/01
57;DSYRE;2;0;Ovation eSports;2022/10/31
58;DSYRE;0;2;LANPACAN;2022/10/28
59;DSYRE;1;0;QLASH;2022/10/25
60;DSYRE;2;0;ALTERNATE aTTaX;2022/10/24
61;DSYRE;0;1;Yutoru;2022/10/23
62;DSYRE;2;0;PURPURE;2022/10/21
63;DSYRE;2;0;Nativz;2022/10/20
64;DSYRE;2;0;NoGlory;2022/10/20
65;DSYRE;2;0;Juan tap;2022/10/19
66;DSYRE;1;0;Axolotl;2022/05/22
67;DSYRE;1;0;Macko Esports;2022/05/18
