;equipe;placar_casa;placar_visita;time_visita;data
0;100 Thieves;0;2;Team Heretics;2024/06/07
1;100 Thieves;2;1;Paper Rex;2024/06/03
2;100 Thieves;0;2;Gen.G;2024/06/02
3;100 Thieves;2;0;FUT Esports;2024/05/30
4;100 Thieves;3;0;G2 Esports;2024/05/12
5;100 Thieves;2;1;G2 Esports;2024/05/10
6;100 Thieves;2;1;Leviatán;2024/05/09
7;100 Thieves;2;0;LOUD;2024/05/08
8;100 Thieves;2;0;NRG Esports;2024/05/04
9;100 Thieves;1;2;KRÜ Esports;2024/04/29
10;100 Thieves;2;0;Cloud9;2024/04/22
11;100 Thieves;2;0;G2 Esports;2024/04/13
12;100 Thieves;0;2;Sentinels;2024/04/07
13;100 Thieves;1;2;Sentinels;2024/02/19
14;100 Thieves;1;2;Leviatán;2024/02/17
15;100 Thieves;1;2;Cloud9;2024/01/13
16;100 Thieves;0;2;Oxygen Esports;2024/01/13
17;100 Thieves;0;2;DRX;2023/11/04
18;100 Thieves;1;0;SCARZ;2023/11/03
19;100 Thieves;0;1;FUT Esports;2023/11/03
20;100 Thieves;1;2;Sentinels;2023/07/16
21;100 Thieves;1;2;MIBR;2023/05/20
22;100 Thieves;2;1;FURIA;2023/05/13
23;100 Thieves;0;2;LOUD;2023/05/07
24;100 Thieves;0;2;NRG Esports;2023/04/29
25;100 Thieves;2;1;Leviatán;2023/04/24
26;100 Thieves;2;1;KRÜ Esports;2023/04/22
27;100 Thieves;0;2;Cloud9;2023/04/15
28;100 Thieves;2;0;Evil Geniuses;2023/04/10
29;100 Thieves;1;2;Sentinels;2023/04/01
30;100 Thieves;0;2;FNATIC;2023/02/27
31;100 Thieves;2;1;FUT Esports;2023/02/26
32;100 Thieves;2;1;EDward Gaming;2023/02/23
33;100 Thieves;3;0;Cloud9;2022/12/11
34;100 Thieves;2;0;Team Vitality;2022/12/10
35;100 Thieves;2;0;FUT Esports;2022/12/09
36;100 Thieves;2;1;Team Liquid;2022/12/09
37;100 Thieves;2;1;Team Heretics;2022/12/09
38;100 Thieves;0;2;FNATIC;2022/09/08
39;100 Thieves;0;2;DRX;2022/09/03
40;100 Thieves;2;1;FNATIC;2022/09/02
41;100 Thieves;3;0;The Guard;2022/08/14
42;100 Thieves;3;0;FaZe Clan;2022/08/13
43;100 Thieves;2;0;Cloud9;2022/08/12
44;100 Thieves;2;1;Sentinels;2022/08/11
45;100 Thieves;1;2;FaZe Clan;2022/08/07
46;100 Thieves;2;1;NRG Esports;2022/08/05
47;100 Thieves;1;2;FaZe Clan;2022/06/19
48;100 Thieves;0;2;XSET;2022/06/18
49;100 Thieves;2;1;FaZe Clan;2022/06/16
50;100 Thieves;0;2;Ghost Gaming;2022/06/11
51;100 Thieves;2;0;NRG Esports;2022/06/05
52;100 Thieves;2;0;XSET;2022/05/28
53;100 Thieves;0;2;TSM;2022/05/21
54;100 Thieves;2;0;The Guard;2022/05/13
55;100 Thieves;2;0;Akrew;2022/05/07
56;100 Thieves;2;1;NYFU;2022/05/07
57;100 Thieves;2;0;Soniqs;2022/05/06
58;100 Thieves;2;0;Team Reckaroo;2022/05/06
59;100 Thieves;1;2;TSM;2022/05/01
60;100 Thieves;2;1;Knights;2022/05/01
61;100 Thieves;2;0;Evil Geniuses;2022/04/30
62;100 Thieves;2;1;Gen.G;2022/04/30
63;100 Thieves;2;1;Moon Raccoons;2022/04/30
64;100 Thieves;1;2;TSM;2022/04/29
65;100 Thieves;2;0;NYFU;2022/04/29
66;100 Thieves;1;2;Knights;2022/04/21
67;100 Thieves;2;1;Akrew;2022/04/20
68;100 Thieves;1;0;Eclectiq;2022/04/20
69;100 Thieves;1;0;Zer0 Latency;2022/04/20
70;100 Thieves;1;0;Debt Collectors;2022/04/20
71;100 Thieves;0;2;SoaR;2022/03/15
72;100 Thieves;2;0;Teal Seam;2022/03/14
73;100 Thieves;2;0;SYR;2022/03/14
74;100 Thieves;2;0;Evil Geniuses;2022/03/12
75;100 Thieves;1;2;XSET;2022/03/06
76;100 Thieves;1;2;Luminosity;2022/02/27
77;100 Thieves;1;2;TSM;2022/02/25
78;100 Thieves;2;1;Andbox;2022/02/24
79;100 Thieves;2;0;TSM Academy;2022/02/24
80;100 Thieves;2;0;One Percent;2022/02/23
81;100 Thieves;1;0;GunsForHire;2022/02/23
82;100 Thieves;1;0;MELIOREM;2022/02/23
83;100 Thieves;1;2;The Guard;2022/02/20
84;100 Thieves;0;2;Cloud9;2022/02/11
85;100 Thieves;1;2;Cloud9;2021/10/30
86;100 Thieves;1;2;Rise;2021/10/29
87;100 Thieves;2;1;XSET;2021/10/12
88;100 Thieves;2;1;Gen.G;2021/10/12
89;100 Thieves;0;2;Envy;2021/09/18
90;100 Thieves;2;1;Acend;2021/09/17
91;100 Thieves;2;1;Gambit Esports;2021/09/12
92;100 Thieves;2;0;Liberty;2021/09/10
93;100 Thieves;1;3;Sentinels;2021/08/15
94;100 Thieves;3;2;Envy;2021/08/14
95;100 Thieves;0;2;Sentinels;2021/08/13
96;100 Thieves;2;0;XSET;2021/08/11
97;100 Thieves;2;0;FaZe Clan;2021/08/11
98;100 Thieves;0;2;Sentinels;2021/07/10
99;100 Thieves;1;2;XSET;2021/07/10
100;100 Thieves;2;0;Envy;2021/07/09
101;100 Thieves;2;0;Version1;2021/07/08
102;100 Thieves;2;1;Noble;2021/07/03
103;100 Thieves;2;1;SoaR;2021/07/02
104;100 Thieves;2;0;Lazarus;2021/07/01
105;100 Thieves;2;0;Team Volted;2021/07/01
106;100 Thieves;1;2;Envy;2021/04/30
107;100 Thieves;1;2;Sentinels;2021/04/30
108;100 Thieves;2;0;Andbox;2021/04/29
109;100 Thieves;3;1;XSET;2021/04/11
110;100 Thieves;2;1;Envy;2021/04/10
111;100 Thieves;2;0;Cloud9;2021/04/09
112;100 Thieves;2;0;Andbox;2021/04/08
113;100 Thieves;2;0;rice and meatballs;2021/04/04
114;100 Thieves;2;0;Time In;2021/04/02
115;100 Thieves;2;0;Lycus Empire;2021/04/01
116;100 Thieves;2;0;O.O.D.A Loopers;2021/04/01
117;100 Thieves;0;2;Gen.G;2021/03/19
118;100 Thieves;0;2;Sentinels;2021/03/14
119;100 Thieves;2;0;Immortals;2021/03/12
120;100 Thieves;0;3;FaZe Clan;2021/03/07
121;100 Thieves;2;0;Luminosity;2021/03/06
122;100 Thieves;2;1;Gen.G;2021/03/06
123;100 Thieves;2;0;TSM;2021/03/05
124;100 Thieves;2;1;T1;2021/03/04
125;100 Thieves;1;2;NRG Esports;2021/03/04
126;100 Thieves;0;2;Sentinels;2021/02/21
127;100 Thieves;2;0;Gen.G;2021/02/20
128;100 Thieves;1;2;Luminosity;2021/02/20
129;100 Thieves;2;0;Andbox;2021/02/13
130;100 Thieves;2;0;Ghost Gaming;2021/02/12
131;100 Thieves;2;0;NSIC;2021/02/12
132;100 Thieves;2;0;VZN;2021/02/11
133;100 Thieves;2;0;Caught in 4k;2021/02/11
134;100 Thieves;0;2;Carpe Noctem;2021/01/28
135;100 Thieves;2;1;Spotlight;2021/01/27
136;100 Thieves;2;0;THE FIVE EMPERORS;2021/01/27
137;100 Thieves;1;2;Sentinels;2020/12/13
138;100 Thieves;1;0;Time In;2020/12/12
139;100 Thieves;1;0;FaZe Clan;2020/12/12
140;100 Thieves;1;0;Envy;2020/12/12
141;100 Thieves;3;1;TSM;2020/12/06
142;100 Thieves;2;1;Sentinels;2020/12/05
143;100 Thieves;2;0;T1;2020/12/04
144;100 Thieves;0;3;Envy;2020/11/08
145;100 Thieves;2;1;Sentinels;2020/11/07
146;100 Thieves;2;0;TSM;2020/11/07
147;100 Thieves;2;1;Luminosity;2020/11/06
148;100 Thieves;1;2;Cloud9;2020/11/06
149;100 Thieves;2;0;Luminosity;2020/11/04
150;100 Thieves;0;2;TSM;2020/10/28
151;100 Thieves;2;0;Dignitas;2020/10/27
152;100 Thieves;2;1;Moon Raccoons;2020/10/27
153;100 Thieves;2;0;Last Round Save;2020/10/26
154;100 Thieves;2;0;HotThots;2020/10/26
155;100 Thieves;1;2;FaZe Clan;2020/08/06
156;100 Thieves;0;2;Immortals;2020/08/06
157;100 Thieves;1;2;Built By Gamers;2020/07/23
158;100 Thieves;1;2;TSM;2020/07/23
159;100 Thieves;1;2;Homeless;2020/07/22
160;100 Thieves;2;0;100 Blifted;2020/07/22
161;100 Thieves;0;1;Gen.G;2020/07/08
162;100 Thieves;0;1;Cloud9;2020/07/08
163;100 Thieves;0;1;together we are terrific;2020/07/08
164;100 Thieves;0;1;Immortals;2020/06/28
165;100 Thieves;1;0;together we are terrific;2020/06/27
166;100 Thieves;1;2;FaZe Clan;2020/06/27
167;100 Thieves;0;2;T1;2020/06/26
168;100 Thieves;2;0;100 Blifted;2020/06/26
169;100 Thieves;2;0;Code7;2020/06/26
