;equipe;placar_casa;placar_visita;time_visita;data
0;Team Heretics;2;0;Natus Vincere;2024/06/19
1;Team Heretics;2;3;Gen.G;2024/06/09
2;Team Heretics;3;0;G2 Esports;2024/06/08
3;Team Heretics;2;0;100 Thieves;2024/06/07
4;Team Heretics;2;0;FUT Esports;2024/06/03
5;Team Heretics;1;2;G2 Esports;2024/06/02
6;Team Heretics;2;0;EDward Gaming;2024/05/31
7;Team Heretics;2;1;FunPlus Phoenix;2024/05/27
8;Team Heretics;1;2;G2 Esports;2024/05/25
9;Team Heretics;2;0;Dragon Ranger Gaming;2024/05/24
10;Team Heretics;2;3;FNATIC;2024/05/12
11;Team Heretics;2;0;FNATIC;2024/05/10
12;Team Heretics;2;0;FUT Esports;2024/05/09
13;Team Heretics;2;0;Natus Vincere;2024/05/08
14;Team Heretics;2;1;Karmine Corp;2024/05/01
15;Team Heretics;2;0;Team Liquid;2024/04/24
16;Team Heretics;0;2;BBL Esports;2024/04/18
17;Team Heretics;1;2;Team Vitality;2024/04/10
18;Team Heretics;2;0;FNATIC;2024/04/04
19;Team Heretics;1;2;Paper Rex;2024/03/17
20;Team Heretics;1;2;Sentinels;2024/03/15
21;Team Heretics;1;3;Karmine Corp;2024/03/01
22;Team Heretics;2;0;Natus Vincere;2024/02/29
23;Team Heretics;2;0;Karmine Corp;2024/02/22
24;Team Heretics;2;0;FUT Esports;2024/02/20
25;Team Heretics;0;1;Karmine Corp;2023/12/15
26;Team Heretics;2;3;UCAM Esports Club;2023/11/03
27;Team Heretics;0;1;FOKUS;2023/10/14
28;Team Heretics;1;0;G2 Gozen;2023/10/14
29;Team Heretics;0;1;FUT Esports;2023/10/14
30;Team Heretics;1;2;KOI;2023/07/19
31;Team Heretics;0;2;Team Vitality;2023/05/18
32;Team Heretics;1;2;KOI;2023/05/12
33;Team Heretics;2;0;Giants Gaming;2023/05/05
34;Team Heretics;1;2;BBL Esports;2023/04/27
35;Team Heretics;0;2;Team Liquid;2023/04/19
36;Team Heretics;1;2;Natus Vincere;2023/04/12
37;Team Heretics;0;2;FNATIC;2023/04/06
38;Team Heretics;2;0;Karmine Corp;2023/03/31
39;Team Heretics;0;2;FUT Esports;2023/03/28
40;Team Heretics;0;2;Evil Geniuses;2023/02/15
41;Team Heretics;0;2;Team Vitality;2022/12/10
42;Team Heretics;0;2;Team Liquid;2022/12/09
43;Team Heretics;2;0;FUT Esports;2022/12/09
44;Team Heretics;1;2;100 Thieves;2022/12/09
45;Team Heretics;1;3;Paper Rex;2022/11/20
46;Team Heretics;2;0;BLEED;2022/11/19
47;Team Heretics;0;1;Team Secret;2022/11/18
48;Team Heretics;1;0;Enigma Gaming;2022/11/18
49;Team Heretics;1;0;Rex Regum Qeon;2022/11/18
50;Team Heretics;3;0;Rebels Gaming;2022/11/12
51;Team Heretics;3;0;KOI;2022/11/02
52;Team Heretics;3;2;KPI Gaming;2022/10/25
53;Team Heretics;0;2;KOI;2022/10/09
54;Team Heretics;1;0;trashcan;2022/10/08
55;Team Heretics;1;0;BIG;2022/10/08
56;Team Heretics;1;0;GTZ Esports;2022/10/08
57;Team Heretics;1;0;kokpiT;2022/10/08
58;Team Heretics;1;0;Riddle Esports;2022/10/08
59;Team Heretics;1;0;Rebels Gaming;2022/10/07
60;Team Heretics;0;1;Rapid Ninjas;2022/10/07
61;Team Heretics;1;0;Case Esports;2022/10/06
62;Team Heretics;1;0;4Real;2022/10/06
63;Team Heretics;0;1;Real Betis;2022/06/16
64;Team Heretics;0;1;Case Esports;2022/06/15
65;Team Heretics;0;1;Arctic;2022/06/14
66;Team Heretics;0;1;Movistar Riders;2022/06/09
67;Team Heretics;0;1;Rebels Gaming;2022/06/08
68;Team Heretics;1;0;UCAM Esports Club;2022/06/07
69;Team Heretics;0;1;Team Queso;2022/06/02
70;Team Heretics;1;0;Giants Gaming;2022/06/01
71;Team Heretics;1;0;KOI;2022/05/31
72;Team Heretics;1;0;Real Betis;2022/05/26
73;Team Heretics;0;1;Case Esports;2022/05/25
74;Team Heretics;0;1;Arctic;2022/05/24
75;Team Heretics;1;0;Movistar Riders;2022/05/19
76;Team Heretics;0;1;Rebels Gaming;2022/05/18
77;Team Heretics;1;0;UCAM Esports Club;2022/05/17
78;Team Heretics;0;1;Team Queso;2022/05/12
79;Team Heretics;0;1;Giants Gaming;2022/05/11
80;Team Heretics;1;0;KOI;2022/05/10
81;Team Heretics;1;0;Arctic;2022/03/08
82;Team Heretics;1;0;Movistar Riders;2022/03/08
83;Team Heretics;0;1;Case Esports;2022/03/03
84;Team Heretics;0;1;BISONS ECLUB;2022/03/02
85;Team Heretics;0;1;Arctic;2022/03/01
86;Team Heretics;0;1;Team Queso;2022/02/24
87;Team Heretics;0;1;KOI;2022/02/23
88;Team Heretics;0;1;Rebels Gaming;2022/02/22
89;Team Heretics;0;1;UCAM Esports Club;2022/02/17
90;Team Heretics;1;0;Movistar Riders;2022/02/16
91;Team Heretics;0;1;Giants Gaming;2022/02/15
92;Team Heretics;0;2;EXCEL;2022/01/18
93;Team Heretics;2;0;Camioneros Valorant Club;2022/01/17
94;Team Heretics;2;1;KVM Esports;2022/01/17
95;Team Heretics;1;2;Valar Morghulis;2022/01/10
96;Team Heretics;2;0;Raftel;2022/01/10
97;Team Heretics;1;2;UCAM Esports Club;2021/08/26
98;Team Heretics;0;2;Team Vitality;2021/07/24
99;Team Heretics;0;2;TENSTAR;2021/07/23
100;Team Heretics;2;1;Finest;2021/07/23
101;Team Heretics;2;1;Ninjas in Pyjamas;2021/07/22
102;Team Heretics;2;1;bref;2021/07/22
103;Team Heretics;2;1;NoPoaching;2021/07/21
104;Team Heretics;2;0;PACT;2021/07/21
105;Team Heretics;2;0;fReya;2021/07/20
106;Team Heretics;0;2;BK ROG Esports;2021/06/29
107;Team Heretics;2;0;MTP Esport;2021/06/28
108;Team Heretics;2;0;Team Bachara;2021/06/28
109;Team Heretics;0;2;G2 Esports;2021/04/12
110;Team Heretics;2;0;Benchwarmers;2021/04/11
111;Team Heretics;2;0;Shanghai Emperors;2021/04/11
112;Team Heretics;2;0;No Witness;2021/04/10
113;Team Heretics;2;0;Team Adios;2021/04/10
114;Team Heretics;1;2;Opportunists;2021/04/07
115;Team Heretics;1;2;Alliance;2021/04/01
116;Team Heretics;2;0;Rix.GG Thunder;2021/04/01
117;Team Heretics;2;1;Entropiq;2021/03/31
118;Team Heretics;2;0;Team 7AM;2021/03/31
119;Team Heretics;2;0;DeftFox;2021/03/30
120;Team Heretics;2;0;Fojosok;2021/03/30
121;Team Heretics;2;3;Acend;2021/03/21
122;Team Heretics;2;0;Guild Esports;2021/03/20
123;Team Heretics;2;1;Ninjas in Pyjamas;2021/03/18
124;Team Heretics;2;0;Ballista;2021/03/12
125;Team Heretics;2;0;OG;2021/02/21
126;Team Heretics;2;1;Chakalaka;2021/02/19
127;Team Heretics;2;0;HSDIRR;2021/02/17
128;Team Heretics;2;0;ESTONOESUNJUEGOVALE;2021/02/17
129;Team Heretics;2;0;Hydrated;2021/02/16
130;Team Heretics;2;0;KETÄ;2021/02/16
131;Team Heretics;0;1;Entropiq;2021/02/04
132;Team Heretics;1;0;Krijgslieden;2021/02/04
133;Team Heretics;2;0;Movistar Riders;2020/12/13
134;Team Heretics;2;0;Movistar Riders;2020/12/12
135;Team Heretics;1;0;Cream Real Betis;2020/12/12
136;Team Heretics;1;0;FTW Esports;2020/12/12
137;Team Heretics;2;1;need more DM;2020/12/10
138;Team Heretics;2;0;ex-Giants Gaming;2020/12/10
139;Team Heretics;2;0;Wygers;2020/12/09
140;Team Heretics;3;1;SUMN FC;2020/12/06
141;Team Heretics;2;1;G2 Esports;2020/12/05
142;Team Heretics;2;1;Team Liquid;2020/12/03
143;Team Heretics;1;0;Finest;2020/11/30
144;Team Heretics;1;0;VASTA Gaming;2020/11/20
145;Team Heretics;1;0;-sheesh-;2020/11/20
146;Team Heretics;1;0;Wave Esports;2020/11/17
147;Team Heretics;1;0;Marten Gaming;2020/11/17
148;Team Heretics;1;0;YkarY eSports;2020/11/16
149;Team Heretics;1;0;Shanghai Emperors;2020/11/16
150;Team Heretics;0;1;Ninjas in Pyjamas;2020/11/13
151;Team Heretics;1;0;STR99;2020/11/13
152;Team Heretics;1;0;L'institut;2020/11/10
153;Team Heretics;1;0;Miracles;2020/11/10
154;Team Heretics;1;0;BIG;2020/11/09
155;Team Heretics;2;0;ex-Giants Gaming;2020/10/29
156;Team Heretics;2;0;need more DM;2020/10/28
157;Team Heretics;1;0;Movistar Riders;2020/10/22
158;Team Heretics;1;0;alltheRAGE;2020/10/22
159;Team Heretics;2;0;ex-Giants Gaming;2020/10/15
160;Team Heretics;2;0;B7 Warriors;2020/10/14
161;Team Heretics;1;0;ehehxd;2020/10/07
162;Team Heretics;1;0;ex-Giants Gaming;2020/10/07
