;equipe;placar_casa;placar_visita;time_visita;data
0;JFT;2;0;Peace And Love;2024/06/14
1;JFT;1;2;iPGN;2024/06/11
2;JFT;2;0;Bandit ESC;2024/06/10
3;JFT;1;2;FOCUSGG;2024/06/07
4;JFT;2;0;Tiny Turtle Squad;2024/06/06
5;JFT;0;2;Arena Internet Cafe;2024/05/01
6;JFT;2;1;BOBO;2024/04/30
7;JFT;2;0;FOCUSGG;2024/04/25
8;JFT;2;1;Rub n' Pug;2024/04/24
9;JFT;0;2;Arena Internet Cafe;2024/04/10
10;JFT;2;0;Xu Gang;2024/04/07
11;JFT;2;1;Built For Greatness;2024/04/04
12;JFT;2;1;iPGN;2024/03/29
13;JFT;2;0;Corn Dawgs;2024/03/28
14;JFT;0;2;JiJieHao;2024/03/26
15;JFT;2;1;Koopa Troopas;2024/03/25
16;JFT;2;1;Peace And Love;2024/03/21
